Date,DOW,WT,LT,WTS,LTS,Type,Season
1927-09-18,Sun,Green Bay Packers,Dayton Triangles,14,0,Regular Season,1927
1927-09-24,Sat,Dayton Triangles,Frankford Yellow Jackets,6,3,Regular Season,1927
1927-09-25,Sun,Green Bay Packers,Cleveland Bulldogs,12,7,Regular Season,1927
1927-09-25,Sun,Pottsville Maroons,Buffalo Bisons,22,0,Regular Season,1927
1927-09-25,Sun,Chicago Bears,Chicago Cardinals,9,0,Regular Season,1927
1927-09-25,Sun,New York Giants,Providence Steam Roller,8,0,Regular Season,1927
1927-10-02,Sun,Providence Steam Roller,Buffalo Bisons,5,0,Regular Season,1927
1927-10-02,Sun,Chicago Cardinals,Pottsville Maroons,19,7,Regular Season,1927
1927-10-02,Sun,New York Giants,Cleveland Bulldogs,0,0,Regular Season,1927
1927-10-02,Sun,Chicago Bears,Green Bay Packers,7,6,Regular Season,1927
1927-10-02,Sun,New York Yankees,Dayton Triangles,6,3,Regular Season,1927
1927-10-08,Sat,Frankford Yellow Jackets,Dayton Triangles,0,0,Regular Season,1927
1927-10-09,Sun,Green Bay Packers,Duluth Eskimos,20,0,Regular Season,1927
1927-10-09,Sun,New York Giants,Pottsville Maroons,19,0,Regular Season,1927
1927-10-09,Sun,New York Yankees,Cleveland Bulldogs,13,7,Regular Season,1927
1927-10-09,Sun,Chicago Cardinals,Dayton Triangles,7,0,Regular Season,1927
1927-10-12,Wed,New York Yankees,Buffalo Bisons,19,8,Regular Season,1927
1927-10-15,Sat,Frankford Yellow Jackets,Buffalo Bisons,54,0,Regular Season,1927
1927-10-16,Sun,Pottsville Maroons,Providence Steam Roller,6,3,Regular Season,1927
1927-10-16,Sun,Chicago Bears,New York Yankees,12,0,Regular Season,1927
1927-10-16,Sun,Green Bay Packers,Chicago Cardinals,13,0,Regular Season,1927
1927-10-16,Sun,Cleveland Bulldogs,New York Giants,6,0,Regular Season,1927
1927-10-16,Sun,Frankford Yellow Jackets,Buffalo Bisons,23,0,Regular Season,1927
1927-10-22,Sat,New York Giants,Frankford Yellow Jackets,13,0,Regular Season,1927
1927-10-23,Sun,Duluth Eskimos,Pottsville Maroons,27,0,Regular Season,1927
1927-10-23,Sun,Chicago Bears,Cleveland Bulldogs,14,12,Regular Season,1927
1927-10-23,Sun,Providence Steam Roller,Dayton Triangles,7,0,Regular Season,1927
1927-10-23,Sun,New York Giants,Frankford Yellow Jackets,27,0,Regular Season,1927
1927-10-23,Sun,Green Bay Packers,New York Yankees,13,0,Regular Season,1927
1927-10-29,Sat,Providence Steam Roller,Frankford Yellow Jackets,20,7,Regular Season,1927
1927-10-30,Sun,New York Yankees,Chicago Cardinals,7,6,Regular Season,1927
1927-10-30,Sun,Chicago Bears,Dayton Triangles,14,6,Regular Season,1927
1927-10-30,Sun,Cleveland Bulldogs,Duluth Eskimos,21,20,Regular Season,1927
1927-10-30,Sun,New York Giants,Pottsville Maroons,16,0,Regular Season,1927
1927-10-30,Sun,Providence Steam Roller,Frankford Yellow Jackets,14,0,Regular Season,1927
1927-11-05,Sat,Frankford Yellow Jackets,Pottsville Maroons,10,0,Regular Season,1927
1927-11-06,Sun,New York Giants,Duluth Eskimos,21,0,Regular Season,1927
1927-11-06,Sun,Green Bay Packers,Chicago Cardinals,6,6,Regular Season,1927
1927-11-06,Sun,Providence Steam Roller,Chicago Bears,0,0,Regular Season,1927
1927-11-06,Sun,Cleveland Bulldogs,New York Yankees,15,0,Regular Season,1927
1927-11-06,Sun,Pottsville Maroons,Frankford Yellow Jackets,9,0,Regular Season,1927
1927-11-08,Tue,New York Yankees,Chicago Bears,26,6,Regular Season,1927
1927-11-08,Tue,New York Giants,Providence Steam Roller,25,0,Regular Season,1927
1927-11-11,Fri,New York Yankees,Pottsville Maroons,19,12,Regular Season,1927
1927-11-12,Sat,Frankford Yellow Jackets,Cleveland Bulldogs,22,0,Regular Season,1927
1927-11-13,Sun,Providence Steam Roller,Duluth Eskimos,13,7,Regular Season,1927
1927-11-13,Sun,New York Yankees,Chicago Cardinals,20,6,Regular Season,1927
1927-11-13,Sun,Chicago Bears,Pottsville Maroons,30,12,Regular Season,1927
1927-11-13,Sun,Green Bay Packers,Dayton Triangles,6,0,Regular Season,1927
1927-11-13,Sun,Cleveland Bulldogs,Frankford Yellow Jackets,37,0,Regular Season,1927
1927-11-19,Sat,Frankford Yellow Jackets,Chicago Cardinals,12,8,Regular Season,1927
1927-11-20,Sun,Pottsville Maroons,Duluth Eskimos,6,0,Regular Season,1927
1927-11-20,Sun,New York Giants,Chicago Cardinals,28,7,Regular Season,1927
1927-11-20,Sun,Chicago Bears,Green Bay Packers,14,6,Regular Season,1927
1927-11-20,Sun,Cleveland Bulldogs,Providence Steam Roller,22,0,Regular Season,1927
1927-11-24,Thu,Chicago Cardinals,Chicago Bears,3,0,Regular Season,1927
1927-11-24,Thu,Cleveland Bulldogs,New York Yankees,30,19,Regular Season,1927
1927-11-24,Thu,Pottsville Maroons,Providence Steam Roller,6,0,Regular Season,1927
1927-11-24,Thu,Green Bay Packers,Frankford Yellow Jackets,17,9,Regular Season,1927
1927-11-26,Sat,Frankford Yellow Jackets,Duluth Eskimos,6,0,Regular Season,1927
1927-11-27,Sun,New York Giants,Chicago Bears,13,7,Regular Season,1927
1927-11-27,Sun,Cleveland Bulldogs,Chicago Cardinals,32,7,Regular Season,1927
1927-11-27,Sun,Providence Steam Roller,New York Yankees,14,7,Regular Season,1927
1927-12-03,Sat,Frankford Yellow Jackets,Chicago Bears,0,0,Regular Season,1927
1927-12-03,Sat,Providence Steam Roller,New York Yankees,9,0,Regular Season,1927
1927-12-03,Sat,Cleveland Bulldogs,Duluth Eskimos,20,0,Regular Season,1927
1927-12-04,Sun,Chicago Bears,Frankford Yellow Jackets,9,0,Regular Season,1927
1927-12-04,Sun,Providence Steam Roller,Pottsville Maroons,20,0,Regular Season,1927
1927-12-04,Sun,New York Giants,New York Yankees,14,0,Regular Season,1927
1927-12-10,Sat,New York Yankees,Frankford Yellow Jackets,6,6,Regular Season,1927
1927-12-11,Sun,Chicago Bears,Duluth Eskimos,27,14,Regular Season,1927
1927-12-11,Sun,New York Giants,New York Yankees,13,0,Regular Season,1927
