Date,DOW,WT,LT,WTS,LTS,Type,Season
1928-09-23,Sun,Frankford Yellow Jackets,Green Bay Packers,19,9,Regular Season,1928
1928-09-23,Sun,Chicago Bears,Chicago Cardinals,15,0,Regular Season,1928
1928-09-29,Sat,Frankford Yellow Jackets,Dayton Triangles,6,0,Regular Season,1928
1928-09-30,Sun,Providence Steam Roller,New York Yankees,20,7,Regular Season,1928
1928-09-30,Sun,New York Giants,Pottsville Maroons,12,6,Regular Season,1928
1928-09-30,Sun,Green Bay Packers,Chicago Bears,12,12,Regular Season,1928
1928-10-07,Sun,Pottsville Maroons,New York Yankees,9,7,Regular Season,1928
1928-10-07,Sun,Chicago Cardinals,Dayton Triangles,7,0,Regular Season,1928
1928-10-07,Sun,Frankford Yellow Jackets,Providence Steam Roller,10,6,Regular Season,1928
1928-10-07,Sun,New York Giants,Green Bay Packers,6,0,Regular Season,1928
1928-10-13,Sat,New York Yankees,Frankford Yellow Jackets,13,0,Regular Season,1928
1928-10-14,Sun,Detroit Wolverines,New York Yankees,35,12,Regular Season,1928
1928-10-14,Sun,Chicago Bears,New York Giants,13,0,Regular Season,1928
1928-10-14,Sun,Green Bay Packers,Chicago Cardinals,20,0,Regular Season,1928
1928-10-14,Sun,Providence Steam Roller,Dayton Triangles,28,0,Regular Season,1928
1928-10-20,Sat,Frankford Yellow Jackets,Dayton Triangles,13,9,Regular Season,1928
1928-10-21,Sun,Detroit Wolverines,New York Giants,28,0,Regular Season,1928
1928-10-21,Sun,Green Bay Packers,Chicago Bears,16,6,Regular Season,1928
1928-10-21,Sun,Providence Steam Roller,New York Yankees,12,6,Regular Season,1928
1928-10-28,Sun,Providence Steam Roller,Pottsville Maroons,13,6,Regular Season,1928
1928-10-28,Sun,Detroit Wolverines,Chicago Bears,6,0,Regular Season,1928
1928-10-28,Sun,Green Bay Packers,Dayton Triangles,17,0,Regular Season,1928
1928-10-28,Sun,New York Giants,New York Yankees,10,7,Regular Season,1928
1928-11-03,Sat,Frankford Yellow Jackets,Detroit Wolverines,25,7,Regular Season,1928
1928-11-04,Sun,Providence Steam Roller,Detroit Wolverines,7,0,Regular Season,1928
1928-11-04,Sun,Chicago Bears,New York Yankees,27,0,Regular Season,1928
1928-11-04,Sun,Green Bay Packers,Pottsville Maroons,26,14,Regular Season,1928
1928-11-04,Sun,New York Giants,Frankford Yellow Jackets,0,0,Regular Season,1928
1928-11-06,Tue,New York Giants,Pottsville Maroons,13,7,Regular Season,1928
1928-11-10,Sat,Frankford Yellow Jackets,Pottsville Maroons,19,0,Regular Season,1928
1928-11-11,Sun,New York Giants,Detroit Wolverines,19,19,Regular Season,1928
1928-11-11,Sun,Chicago Bears,Dayton Triangles,27,0,Regular Season,1928
1928-11-11,Sun,New York Yankees,Green Bay Packers,0,0,Regular Season,1928
1928-11-11,Sun,Frankford Yellow Jackets,Pottsville Maroons,24,0,Regular Season,1928
1928-11-17,Sat,Providence Steam Roller,Frankford Yellow Jackets,6,6,Regular Season,1928
1928-11-18,Sun,Detroit Wolverines,New York Yankees,13,0,Regular Season,1928
1928-11-18,Sun,Chicago Bears,Pottsville Maroons,13,6,Regular Season,1928
1928-11-18,Sun,Green Bay Packers,New York Giants,7,0,Regular Season,1928
1928-11-18,Sun,Providence Steam Roller,Frankford Yellow Jackets,6,0,Regular Season,1928
1928-11-24,Sat,Frankford Yellow Jackets,Chicago Cardinals,19,0,Regular Season,1928
1928-11-25,Sun,New York Yankees,Chicago Cardinals,19,0,Regular Season,1928
1928-11-25,Sun,Detroit Wolverines,Chicago Bears,14,7,Regular Season,1928
1928-11-25,Sun,Providence Steam Roller,New York Giants,16,0,Regular Season,1928
1928-11-25,Sun,Pottsville Maroons,Green Bay Packers,26,0,Regular Season,1928
1928-11-29,Thu,Detroit Wolverines,Dayton Triangles,33,0,Regular Season,1928
1928-11-29,Thu,Providence Steam Roller,Pottsville Maroons,7,0,Regular Season,1928
1928-11-29,Thu,Chicago Bears,Chicago Cardinals,34,0,Regular Season,1928
1928-11-29,Thu,Frankford Yellow Jackets,Green Bay Packers,2,0,Regular Season,1928
1928-12-02,Sun,New York Yankees,New York Giants,19,13,Regular Season,1928
1928-12-02,Sun,Chicago Bears,Frankford Yellow Jackets,28,6,Regular Season,1928
1928-12-02,Sun,Providence Steam Roller,Green Bay Packers,7,7,Regular Season,1928
1928-12-08,Sat,Frankford Yellow Jackets,New York Giants,7,0,Regular Season,1928
1928-12-09,Sun,Detroit Wolverines,New York Yankees,34,6,Regular Season,1928
1928-12-09,Sun,Green Bay Packers,Chicago Bears,6,0,Regular Season,1928
1928-12-15,Sat,Frankford Yellow Jackets,Chicago Bears,19,0,Regular Season,1928
1928-12-16,Sun,New York Yankees,New York Giants,7,6,Regular Season,1928
