Date,DOW,WT,LT,WTS,LTS,Type,Season
1929-09-22,Sun,Chicago Bears,Minneapolis Red Jackets,19,6,Regular Season,1929
1929-09-22,Sun,Green Bay Packers,Dayton Triangles,9,0,Regular Season,1929
1929-09-28,Sat,Frankford Yellow Jackets,Dayton Triangles,14,7,Regular Season,1929
1929-09-29,Sun,Orange Tornadoes,New York Giants,0,0,Regular Season,1929
1929-09-29,Sun,Chicago Cardinals,Buffalo Bisons,9,3,Regular Season,1929
1929-09-29,Sun,Green Bay Packers,Chicago Bears,23,0,Regular Season,1929
1929-09-29,Sun,Providence Steam Roller,Dayton Triangles,41,0,Regular Season,1929
1929-10-05,Sat,Frankford Yellow Jackets,Buffalo Bisons,19,0,Regular Season,1929
1929-10-06,Sun,Orange Tornadoes,Boston Bulldogs,7,0,Regular Season,1929
1929-10-06,Sun,New York Giants,Providence Steam Roller,7,0,Regular Season,1929
1929-10-06,Sun,Green Bay Packers,Chicago Cardinals,9,2,Regular Season,1929
1929-10-06,Sun,Frankford Yellow Jackets,Buffalo Bisons,13,0,Regular Season,1929
1929-10-06,Sun,Chicago Bears,Minneapolis Red Jackets,7,6,Regular Season,1929
1929-10-06,Sun,Staten Island Stapletons,Dayton Triangles,12,0,Regular Season,1929
1929-10-13,Sun,Minneapolis Red Jackets,Chicago Cardinals,14,7,Regular Season,1929
1929-10-13,Sun,New York Giants,Staten Island Stapletons,19,9,Regular Season,1929
1929-10-13,Sun,Providence Steam Roller,Orange Tornadoes,7,0,Regular Season,1929
1929-10-13,Sun,Chicago Bears,Buffalo Bisons,16,0,Regular Season,1929
1929-10-13,Sun,Green Bay Packers,Frankford Yellow Jackets,14,2,Regular Season,1929
1929-10-13,Sun,Boston Bulldogs,Dayton Triangles,41,0,Regular Season,1929
1929-10-19,Sat,Orange Tornadoes,Frankford Yellow Jackets,6,6,Regular Season,1929
1929-10-20,Sun,Orange Tornadoes,Boston Bulldogs,19,13,Regular Season,1929
1929-10-20,Sun,Green Bay Packers,Minneapolis Red Jackets,24,0,Regular Season,1929
1929-10-20,Sun,Chicago Cardinals,Chicago Bears,0,0,Regular Season,1929
1929-10-20,Sun,Providence Steam Roller,Buffalo Bisons,7,7,Regular Season,1929
1929-10-20,Sun,New York Giants,Frankford Yellow Jackets,32,0,Regular Season,1929
1929-10-26,Sat,Staten Island Stapletons,Frankford Yellow Jackets,6,6,Regular Season,1929
1929-10-27,Sun,New York Giants,Providence Steam Roller,19,0,Regular Season,1929
1929-10-27,Sun,Green Bay Packers,Chicago Cardinals,7,6,Regular Season,1929
1929-10-27,Sun,Boston Bulldogs,Buffalo Bisons,14,6,Regular Season,1929
1929-10-27,Sun,Chicago Bears,Minneapolis Red Jackets,27,0,Regular Season,1929
1929-10-27,Sun,Frankford Yellow Jackets,Staten Island Stapletons,3,0,Regular Season,1929
1929-10-29,Tue,Boston Bulldogs,Orange Tornadoes,6,0,Regular Season,1929
1929-11-02,Sat,Frankford Yellow Jackets,Chicago Cardinals,8,0,Regular Season,1929
1929-11-03,Sun,Orange Tornadoes,Staten Island Stapletons,0,0,Regular Season,1929
1929-11-03,Sun,Green Bay Packers,Minneapolis Red Jackets,16,6,Regular Season,1929
1929-11-03,Sun,New York Giants,Chicago Bears,26,14,Regular Season,1929
1929-11-05,Tue,Staten Island Stapletons,Providence Steam Roller,7,7,Regular Season,1929
1929-11-05,Tue,New York Giants,Buffalo Bisons,45,6,Regular Season,1929
1929-11-06,Wed,Chicago Cardinals,Providence Steam Roller,16,0,Regular Season,1929
1929-11-09,Sat,Frankford Yellow Jackets,Providence Steam Roller,7,0,Regular Season,1929
1929-11-10,Sun,Staten Island Stapletons,Boston Bulldogs,14,6,Regular Season,1929
1929-11-10,Sun,New York Giants,Orange Tornadoes,22,0,Regular Season,1929
1929-11-10,Sun,Green Bay Packers,Chicago Bears,14,0,Regular Season,1929
1929-11-10,Sun,Chicago Cardinals,Minneapolis Red Jackets,8,0,Regular Season,1929
1929-11-10,Sun,Frankford Yellow Jackets,Providence Steam Roller,7,6,Regular Season,1929
1929-11-16,Sat,Frankford Yellow Jackets,Chicago Bears,20,14,Regular Season,1929
1929-11-17,Sun,Boston Bulldogs,Buffalo Bisons,12,7,Regular Season,1929
1929-11-17,Sun,Providence Steam Roller,Minneapolis Red Jackets,19,16,Regular Season,1929
1929-11-17,Sun,Green Bay Packers,Chicago Cardinals,12,0,Regular Season,1929
1929-11-17,Sun,New York Giants,Chicago Bears,34,0,Regular Season,1929
1929-11-17,Sun,Orange Tornadoes,Frankford Yellow Jackets,0,0,Regular Season,1929
1929-11-23,Sat,Frankford Yellow Jackets,Minneapolis Red Jackets,24,0,Regular Season,1929
1929-11-24,Sun,Buffalo Bisons,Chicago Bears,19,7,Regular Season,1929
1929-11-24,Sun,Green Bay Packers,New York Giants,20,6,Regular Season,1929
1929-11-24,Sun,Chicago Cardinals,Dayton Triangles,19,0,Regular Season,1929
1929-11-24,Sun,Staten Island Stapletons,Minneapolis Red Jackets,34,0,Regular Season,1929
1929-11-24,Sun,Providence Steam Roller,Boston Bulldogs,20,6,Regular Season,1929
1929-11-28,Thu,New York Giants,Staten Island Stapletons,21,7,Regular Season,1929
1929-11-28,Thu,Chicago Cardinals,Chicago Bears,40,6,Regular Season,1929
1929-11-28,Thu,Green Bay Packers,Frankford Yellow Jackets,0,0,Regular Season,1929
1929-12-01,Sun,Orange Tornadoes,Staten Island Stapletons,3,0,Regular Season,1929
1929-12-01,Sun,New York Giants,Chicago Cardinals,24,21,Regular Season,1929
1929-12-01,Sun,Green Bay Packers,Providence Steam Roller,25,0,Regular Season,1929
1929-12-01,Sun,Frankford Yellow Jackets,Chicago Bears,0,0,Regular Season,1929
1929-12-07,Sat,New York Giants,Frankford Yellow Jackets,12,0,Regular Season,1929
1929-12-08,Sun,Chicago Cardinals,Orange Tornadoes,26,0,Regular Season,1929
1929-12-08,Sun,Green Bay Packers,Chicago Bears,25,0,Regular Season,1929
1929-12-08,Sun,New York Giants,Frankford Yellow Jackets,31,0,Regular Season,1929
1929-12-14,Sat,Frankford Yellow Jackets,Orange Tornadoes,10,0,Regular Season,1929
1929-12-15,Sun,New York Giants,Chicago Bears,14,9,Regular Season,1929
