Date,DOW,WT,LT,WTS,LTS,Type,Season
1930-09-14,Sun,Portsmouth Spartans,Newark Tornadoes,13,6,Regular Season,1930
1930-09-17,Wed,New York Giants,Newark Tornadoes,32,0,Regular Season,1930
1930-09-21,Sun,Chicago Bears,Brooklyn Dodgers,0,0,Regular Season,1930
1930-09-21,Sun,Staten Island Stapletons,Newark Tornadoes,12,6,Regular Season,1930
1930-09-21,Sun,Green Bay Packers,Chicago Cardinals,14,0,Regular Season,1930
1930-09-24,Tue,Frankford Yellow Jackets,Newark Tornadoes,13,6,Regular Season,1930
1930-09-24,Wed,Portsmouth Spartans,Brooklyn Dodgers,12,0,Regular Season,1930
1930-09-27,Sat,Frankford Yellow Jackets,Staten Island Stapletons,7,3,Regular Season,1930
1930-09-28,Sun,Green Bay Packers,Chicago Bears,7,0,Regular Season,1930
1930-09-28,Sun,Minneapolis Red Jackets,Chicago Cardinals,7,7,Regular Season,1930
1930-09-28,Sun,New York Giants,Providence Steam Roller,27,7,Regular Season,1930
1930-09-28,Sun,Staten Island Stapletons,Frankford Yellow Jackets,21,0,Regular Season,1930
1930-10-01,Wed,Newark Tornadoes,Staten Island Stapletons,7,7,Regular Season,1930
1930-10-01,Wed,Providence Steam Roller,Frankford Yellow Jackets,14,0,Regular Season,1930
1930-10-04,Sat,Newark Tornadoes,Frankford Yellow Jackets,19,0,Regular Season,1930
1930-10-05,Sun,Portsmouth Spartans,Chicago Cardinals,0,0,Regular Season,1930
1930-10-05,Sun,Green Bay Packers,New York Giants,14,7,Regular Season,1930
1930-10-05,Sun,Providence Steam Roller,Newark Tornadoes,14,0,Regular Season,1930
1930-10-05,Sun,Brooklyn Dodgers,Staten Island Stapletons,20,0,Regular Season,1930
1930-10-05,Sun,Chicago Bears,Minneapolis Red Jackets,20,0,Regular Season,1930
1930-10-08,Wed,Portsmouth Spartans,Frankford Yellow Jackets,39,7,Regular Season,1930
1930-10-08,Wed,Chicago Cardinals,Newark Tornadoes,13,0,Regular Season,1930
1930-10-12,Sun,New York Giants,Chicago Bears,12,0,Regular Season,1930
1930-10-12,Sun,Brooklyn Dodgers,Newark Tornadoes,32,0,Regular Season,1930
1930-10-12,Sun,Minneapolis Red Jackets,Portsmouth Spartans,13,0,Regular Season,1930
1930-10-12,Sun,Providence Steam Roller,Chicago Cardinals,9,7,Regular Season,1930
1930-10-12,Sun,Green Bay Packers,Frankford Yellow Jackets,27,12,Regular Season,1930
1930-10-16,Thu,New York Giants,Chicago Cardinals,25,12,Regular Season,1930
1930-10-18,Sat,Brooklyn Dodgers,Frankford Yellow Jackets,14,7,Regular Season,1930
1930-10-19,Sun,Chicago Bears,Chicago Cardinals,32,6,Regular Season,1930
1930-10-19,Sun,Providence Steam Roller,Staten Island Stapletons,7,6,Regular Season,1930
1930-10-19,Sun,Green Bay Packers,Minneapolis Red Jackets,13,0,Regular Season,1930
1930-10-19,Sun,Brooklyn Dodgers,Newark Tornadoes,14,0,Regular Season,1930
1930-10-19,Sun,New York Giants,Frankford Yellow Jackets,53,0,Regular Season,1930
1930-10-22,Wed,Portsmouth Spartans,Chicago Bears,7,6,Regular Season,1930
1930-10-25,Sat,Chicago Cardinals,Frankford Yellow Jackets,34,7,Regular Season,1930
1930-10-26,Sun,Green Bay Packers,Minneapolis Red Jackets,19,0,Regular Season,1930
1930-10-26,Sun,Staten Island Stapletons,Newark Tornadoes,6,0,Regular Season,1930
1930-10-26,Sun,Chicago Bears,Frankford Yellow Jackets,13,7,Regular Season,1930
1930-10-26,Sun,New York Giants,Providence Steam Roller,25,0,Regular Season,1930
1930-10-26,Sun,Chicago Cardinals,Portsmouth Spartans,23,13,Regular Season,1930
1930-10-30,Thu,New York Giants,Newark Tornadoes,34,7,Regular Season,1930
1930-11-02,Sun,Providence Steam Roller,Brooklyn Dodgers,3,0,Regular Season,1930
1930-11-02,Sun,Green Bay Packers,Portsmouth Spartans,47,13,Regular Season,1930
1930-11-02,Sun,Chicago Bears,Minneapolis Red Jackets,20,7,Regular Season,1930
1930-11-02,Sun,New York Giants,Staten Island Stapletons,9,7,Regular Season,1930
1930-11-02,Sun,Chicago Cardinals,Frankford Yellow Jackets,6,0,Regular Season,1930
1930-11-05,Wed,New York Giants,Portsmouth Spartans,19,6,Regular Season,1930
1930-11-08,Sat,Frankford Yellow Jackets,Providence Steam Roller,20,7,Regular Season,1930
1930-11-09,Sun,Brooklyn Dodgers,Minneapolis Red Jackets,34,0,Regular Season,1930
1930-11-09,Sun,Green Bay Packers,Chicago Bears,13,12,Regular Season,1930
1930-11-09,Sun,Staten Island Stapletons,Portsmouth Spartans,13,13,Regular Season,1930
1930-11-09,Sun,New York Giants,Chicago Cardinals,13,7,Regular Season,1930
1930-11-09,Sun,Providence Steam Roller,Frankford Yellow Jackets,7,7,Regular Season,1930
1930-11-15,Sat,Frankford Yellow Jackets,Portsmouth Spartans,7,6,Regular Season,1930
1930-11-16,Sun,Chicago Bears,New York Giants,12,0,Regular Season,1930
1930-11-16,Sun,Chicago Cardinals,Green Bay Packers,13,6,Regular Season,1930
1930-11-22,Sat,Chicago Bears,Frankford Yellow Jackets,13,6,Regular Season,1930
1930-11-23,Sun,Providence Steam Roller,Minneapolis Red Jackets,10,0,Regular Season,1930
1930-11-23,Sun,Staten Island Stapletons,Brooklyn Dodgers,6,0,Regular Season,1930
1930-11-23,Sun,New York Giants,Green Bay Packers,13,6,Regular Season,1930
1930-11-27,Thu,Brooklyn Dodgers,Providence Steam Roller,33,12,Regular Season,1930
1930-11-27,Thu,Chicago Bears,Chicago Cardinals,6,0,Regular Season,1930
1930-11-27,Thu,Staten Island Stapletons,New York Giants,7,6,Regular Season,1930
1930-11-27,Thu,Green Bay Packers,Frankford Yellow Jackets,25,7,Regular Season,1930
1930-11-30,Sun,Brooklyn Dodgers,New York Giants,7,6,Regular Season,1930
1930-11-30,Sun,Green Bay Packers,Staten Island Stapletons,37,7,Regular Season,1930
1930-11-30,Sun,Chicago Bears,Portsmouth Spartans,14,6,Regular Season,1930
1930-12-06,Sat,New York Giants,Frankford Yellow Jackets,14,6,Regular Season,1930
1930-12-07,Sun,New York Giants,Brooklyn Dodgers,13,0,Regular Season,1930
1930-12-07,Sun,Portsmouth Spartans,Minneapolis Red Jackets,42,0,Regular Season,1930
1930-12-07,Sun,Chicago Bears,Green Bay Packers,21,0,Regular Season,1930
1930-12-14,Sun,Green Bay Packers,Portsmouth Spartans,6,6,Regular Season,1930
