Date,DOW,WT,LT,WTS,LTS,Type,Season
1931-09-13,Sun,Portsmouth Spartans,Brooklyn Dodgers,14,0,Regular Season,1931
1931-09-13,Sun,Green Bay Packers,Cleveland Indians,26,0,Regular Season,1931
1931-09-18,Fri,Chicago Bears,Cleveland Indians,21,0,Regular Season,1931
1931-09-20,Sun,Green Bay Packers,Brooklyn Dodgers,32,6,Regular Season,1931
1931-09-23,Wed,Portsmouth Spartans,Chicago Cardinals,13,3,Regular Season,1931
1931-09-26,Sat,Cleveland Indians,Brooklyn Dodgers,6,0,Regular Season,1931
1931-09-27,Sun,New York Giants,Providence Steam Roller,14,6,Regular Season,1931
1931-09-27,Sun,Green Bay Packers,Chicago Bears,7,0,Regular Season,1931
1931-09-30,Wed,Portsmouth Spartans,New York Giants,14,6,Regular Season,1931
1931-10-02,Fri,Brooklyn Dodgers,Frankford Yellow Jackets,20,0,Regular Season,1931
1931-10-04,Sun,Providence Steam Roller,Frankford Yellow Jackets,0,0,Regular Season,1931
1931-10-04,Sun,Green Bay Packers,New York Giants,27,7,Regular Season,1931
1931-10-04,Sun,Staten Island Stapletons,Brooklyn Dodgers,9,7,Regular Season,1931
1931-10-07,Wed,Portsmouth Spartans,Cleveland Indians,6,0,Regular Season,1931
1931-10-10,Sat,Providence Steam Roller,Frankford Yellow Jackets,6,0,Regular Season,1931
1931-10-11,Sun,Green Bay Packers,Chicago Cardinals,26,7,Regular Season,1931
1931-10-11,Sun,Chicago Bears,New York Giants,6,0,Regular Season,1931
1931-10-11,Sun,Brooklyn Dodgers,Staten Island Stapletons,18,6,Regular Season,1931
1931-10-15,Thu,Portsmouth Spartans,Frankford Yellow Jackets,19,0,Regular Season,1931
1931-10-18,Sun,Chicago Bears,Chicago Cardinals,26,13,Regular Season,1931
1931-10-18,Sun,Cleveland Indians,Providence Steam Roller,13,6,Regular Season,1931
1931-10-18,Sun,New York Giants,Staten Island Stapletons,7,0,Regular Season,1931
1931-10-18,Sun,Green Bay Packers,Frankford Yellow Jackets,15,0,Regular Season,1931
1931-10-18,Sun,Portsmouth Spartans,Brooklyn Dodgers,19,0,Regular Season,1931
1931-10-25,Sun,Frankford Yellow Jackets,Chicago Bears,13,12,Regular Season,1931
1931-10-25,Sun,Green Bay Packers,Providence Steam Roller,48,20,Regular Season,1931
1931-10-25,Sun,Portsmouth Spartans,Staten Island Stapletons,20,7,Regular Season,1931
1931-10-25,Sun,New York Giants,Brooklyn Dodgers,27,0,Regular Season,1931
1931-10-31,Sat,Portsmouth Spartans,Frankford Yellow Jackets,14,0,Regular Season,1931
1931-11-01,Sun,Green Bay Packers,Chicago Bears,6,2,Regular Season,1931
1931-11-01,Sun,Staten Island Stapletons,Providence Steam Roller,7,7,Regular Season,1931
1931-11-01,Sun,New York Giants,Portsmouth Spartans,14,0,Regular Season,1931
1931-11-01,Sun,Chicago Cardinals,Brooklyn Dodgers,14,7,Regular Season,1931
1931-11-04,Wed,Staten Island Stapletons,Brooklyn Dodgers,13,0,Regular Season,1931
1931-11-08,Sun,Chicago Cardinals,Cleveland Indians,14,6,Regular Season,1931
1931-11-08,Sun,Chicago Bears,Portsmouth Spartans,9,6,Regular Season,1931
1931-11-08,Sun,New York Giants,Frankford Yellow Jackets,13,0,Regular Season,1931
1931-11-08,Sun,Green Bay Packers,Staten Island Stapletons,26,0,Regular Season,1931
1931-11-08,Sun,Providence Steam Roller,Brooklyn Dodgers,7,0,Regular Season,1931
1931-11-11,Wed,Portsmouth Spartans,Staten Island Stapletons,14,12,Regular Season,1931
1931-11-15,Sun,Chicago Cardinals,Green Bay Packers,21,13,Regular Season,1931
1931-11-15,Sun,Portsmouth Spartans,Cleveland Indians,14,6,Regular Season,1931
1931-11-15,Sun,Providence Steam Roller,Staten Island Stapletons,6,0,Regular Season,1931
1931-11-15,Sun,Chicago Bears,New York Giants,12,6,Regular Season,1931
1931-11-21,Sat,Providence Steam Roller,Cleveland Indians,13,7,Regular Season,1931
1931-11-22,Sun,Chicago Cardinals,Portsmouth Spartans,20,19,Regular Season,1931
1931-11-22,Sun,Staten Island Stapletons,Cleveland Indians,16,7,Regular Season,1931
1931-11-22,Sun,Green Bay Packers,New York Giants,14,10,Regular Season,1931
1931-11-22,Sun,Chicago Bears,Brooklyn Dodgers,26,0,Regular Season,1931
1931-11-26,Thu,Chicago Bears,Chicago Cardinals,18,7,Regular Season,1931
1931-11-26,Thu,Staten Island Stapletons,New York Giants,9,6,Regular Season,1931
1931-11-26,Thu,Green Bay Packers,Providence Steam Roller,38,7,Regular Season,1931
1931-11-28,Sat,Chicago Cardinals,Cleveland Indians,21,0,Regular Season,1931
1931-11-29,Sun,Portsmouth Spartans,Chicago Bears,3,0,Regular Season,1931
1931-11-29,Sun,Providence Steam Roller,New York Giants,0,0,Regular Season,1931
1931-11-29,Sun,Green Bay Packers,Brooklyn Dodgers,7,0,Regular Season,1931
1931-12-06,Sun,Chicago Bears,Green Bay Packers,7,6,Regular Season,1931
1931-12-06,Sun,New York Giants,Brooklyn Dodgers,19,6,Regular Season,1931
1931-12-13,Sun,New York Giants,Chicago Bears,25,6,Regular Season,1931
