Date,DOW,WT,LT,WTS,LTS,Type,Season
1932-09-18,Sun,Green Bay Packers,Chicago Cardinals,15,7,Regular Season,1932
1932-09-25,Sun,Portsmouth Spartans,New York Giants,7,0,Regular Season,1932
1932-09-25,Sun,Brooklyn Dodgers,Staten Island Stapletons,7,0,Regular Season,1932
1932-09-25,Sun,Green Bay Packers,Chicago Bears,0,0,Regular Season,1932
1932-10-02,Sun,Brooklyn Dodgers,Boston Braves,14,0,Regular Season,1932
1932-10-02,Sun,Portsmouth Spartans,Chicago Cardinals,7,7,Regular Season,1932
1932-10-02,Sun,Staten Island Stapletons,Chicago Bears,0,0,Regular Season,1932
1932-10-02,Sun,Green Bay Packers,New York Giants,13,0,Regular Season,1932
1932-10-09,Sun,Chicago Cardinals,Chicago Bears,0,0,Regular Season,1932
1932-10-09,Sun,Green Bay Packers,Portsmouth Spartans,15,10,Regular Season,1932
1932-10-09,Sun,Boston Braves,New York Giants,14,6,Regular Season,1932
1932-10-09,Sun,Staten Island Stapletons,Brooklyn Dodgers,7,6,Regular Season,1932
1932-10-16,Sun,Chicago Cardinals,Boston Braves,9,0,Regular Season,1932
1932-10-16,Sun,New York Giants,Brooklyn Dodgers,20,12,Regular Season,1932
1932-10-16,Sun,Staten Island Stapletons,Portsmouth Spartans,7,7,Regular Season,1932
1932-10-16,Sun,Green Bay Packers,Chicago Bears,2,0,Regular Season,1932
1932-10-20,Thu,Portsmouth Spartans,Staten Island Stapletons,13,6,Regular Season,1932
1932-10-23,Sun,Chicago Bears,Staten Island Stapletons,27,7,Regular Season,1932
1932-10-23,Sun,Green Bay Packers,Brooklyn Dodgers,13,0,Regular Season,1932
1932-10-23,Sun,Boston Braves,New York Giants,0,0,Regular Season,1932
1932-10-30,Sun,Boston Braves,Chicago Bears,7,7,Regular Season,1932
1932-10-30,Sun,Portsmouth Spartans,New York Giants,6,0,Regular Season,1932
1932-10-30,Sun,Chicago Cardinals,Brooklyn Dodgers,27,7,Regular Season,1932
1932-10-30,Sun,Green Bay Packers,Staten Island Stapletons,26,0,Regular Season,1932
1932-11-06,Sun,Green Bay Packers,Chicago Cardinals,19,9,Regular Season,1932
1932-11-06,Sun,Chicago Bears,New York Giants,28,8,Regular Season,1932
1932-11-06,Sun,Portsmouth Spartans,Brooklyn Dodgers,17,7,Regular Season,1932
1932-11-06,Sun,Boston Braves,Staten Island Stapletons,19,6,Regular Season,1932
1932-11-13,Sun,Brooklyn Dodgers,Chicago Cardinals,3,0,Regular Season,1932
1932-11-13,Sun,New York Giants,Staten Island Stapletons,27,7,Regular Season,1932
1932-11-13,Sun,Portsmouth Spartans,Chicago Bears,13,13,Regular Season,1932
1932-11-13,Sun,Green Bay Packers,Boston Braves,21,0,Regular Season,1932
1932-11-20,Sun,Staten Island Stapletons,Chicago Cardinals,21,7,Regular Season,1932
1932-11-20,Sun,Portsmouth Spartans,Boston Braves,10,0,Regular Season,1932
1932-11-20,Sun,Chicago Bears,Brooklyn Dodgers,20,0,Regular Season,1932
1932-11-20,Sun,New York Giants,Green Bay Packers,6,0,Regular Season,1932
1932-11-24,Thu,Chicago Bears,Chicago Cardinals,34,0,Regular Season,1932
1932-11-24,Thu,Green Bay Packers,Brooklyn Dodgers,7,0,Regular Season,1932
1932-11-24,Thu,Staten Island Stapletons,New York Giants,13,13,Regular Season,1932
1932-11-27,Sun,Boston Braves,Chicago Cardinals,8,6,Regular Season,1932
1932-11-27,Sun,Portsmouth Spartans,Chicago Bears,7,7,Regular Season,1932
1932-11-27,Sun,New York Giants,Brooklyn Dodgers,13,7,Regular Season,1932
1932-11-27,Sun,Green Bay Packers,Staten Island Stapletons,21,3,Regular Season,1932
1932-12-04,Sun,Portsmouth Spartans,Green Bay Packers,19,0,Regular Season,1932
1932-12-04,Sun,Chicago Bears,New York Giants,6,0,Regular Season,1932
1932-12-04,Sun,Boston Braves,Brooklyn Dodgers,7,0,Regular Season,1932
1932-12-11,Sun,Chicago Bears,Green Bay Packers,9,0,Regular Season,1932
1932-12-18,Sun,Chicago Bears,Portsmouth Spartans,9,0,Regular Season,1932
