Date,DOW,WT,LT,WTS,LTS,Type,Season
1933-09-17,Sun,Portsmouth Spartans,Cincinnati Reds,21,0,Regular Season,1933
1933-09-17,Sun,Boston Redskins,Green Bay Packers,7,7,Regular Season,1933
1933-09-20,Wed,New York Giants,Pittsburgh Pirates,23,2,Regular Season,1933
1933-09-24,Sun,Chicago Bears,Green Bay Packers,14,7,Regular Season,1933
1933-09-24,Sun,Portsmouth Spartans,New York Giants,17,7,Regular Season,1933
1933-09-27,Wed,Pittsburgh Pirates,Chicago Cardinals,14,13,Regular Season,1933
1933-10-01,Sun,Portsmouth Spartans,Chicago Cardinals,7,6,Regular Season,1933
1933-10-01,Sun,Chicago Bears,Boston Redskins,7,0,Regular Season,1933
1933-10-01,Sun,New York Giants,Green Bay Packers,10,7,Regular Season,1933
1933-10-04,Wed,Boston Redskins,Pittsburgh Pirates,21,6,Regular Season,1933
1933-10-08,Sun,Chicago Bears,Brooklyn Dodgers,10,0,Regular Season,1933
1933-10-08,Sun,Chicago Cardinals,Cincinnati Reds,3,0,Regular Season,1933
1933-10-08,Sun,Boston Redskins,New York Giants,21,20,Regular Season,1933
1933-10-08,Sun,Green Bay Packers,Portsmouth Spartans,17,0,Regular Season,1933
1933-10-11,Wed,Pittsburgh Pirates,Cincinnati Reds,17,3,Regular Season,1933
1933-10-15,Sun,Brooklyn Dodgers,Cincinnati Reds,27,0,Regular Season,1933
1933-10-15,Sun,Chicago Bears,Chicago Cardinals,12,9,Regular Season,1933
1933-10-15,Sun,Green Bay Packers,Pittsburgh Pirates,47,0,Regular Season,1933
1933-10-15,Sun,Portsmouth Spartans,Boston Redskins,13,0,Regular Season,1933
1933-10-15,Sun,New York Giants,Philadelphia Eagles,56,0,Regular Season,1933
1933-10-18,Wed,Portsmouth Spartans,Philadelphia Eagles,25,0,Regular Season,1933
1933-10-22,Sun,New York Giants,Brooklyn Dodgers,21,7,Regular Season,1933
1933-10-22,Sun,Chicago Bears,Green Bay Packers,10,7,Regular Season,1933
1933-10-22,Sun,Boston Redskins,Chicago Cardinals,10,0,Regular Season,1933
1933-10-22,Sun,Cincinnati Reds,Pittsburgh Pirates,0,0,Regular Season,1933
1933-10-29,Sun,Brooklyn Dodgers,Chicago Cardinals,7,0,Regular Season,1933
1933-10-29,Sun,Chicago Bears,New York Giants,14,10,Regular Season,1933
1933-10-29,Sun,Green Bay Packers,Philadelphia Eagles,35,9,Regular Season,1933
1933-10-29,Sun,Pittsburgh Pirates,Boston Redskins,16,14,Regular Season,1933
1933-11-05,Sun,Philadelphia Eagles,Cincinnati Reds,6,0,Regular Season,1933
1933-11-05,Sun,Pittsburgh Pirates,Brooklyn Dodgers,3,3,Regular Season,1933
1933-11-05,Sun,Green Bay Packers,Chicago Cardinals,14,6,Regular Season,1933
1933-11-05,Sun,Boston Redskins,Chicago Bears,10,0,Regular Season,1933
1933-11-05,Sun,New York Giants,Portsmouth Spartans,13,10,Regular Season,1933
1933-11-12,Sun,Brooklyn Dodgers,Pittsburgh Pirates,32,0,Regular Season,1933
1933-11-12,Sun,Cincinnati Reds,Chicago Cardinals,12,9,Regular Season,1933
1933-11-12,Sun,Philadelphia Eagles,Chicago Bears,3,3,Regular Season,1933
1933-11-12,Sun,Portsmouth Spartans,Green Bay Packers,7,0,Regular Season,1933
1933-11-12,Sun,New York Giants,Boston Redskins,7,0,Regular Season,1933
1933-11-19,Sun,Philadelphia Eagles,Pittsburgh Pirates,25,6,Regular Season,1933
1933-11-19,Sun,Brooklyn Dodgers,Chicago Cardinals,3,0,Regular Season,1933
1933-11-19,Sun,Cincinnati Reds,Portsmouth Spartans,10,7,Regular Season,1933
1933-11-19,Sun,New York Giants,Chicago Bears,3,0,Regular Season,1933
1933-11-19,Sun,Boston Redskins,Green Bay Packers,20,7,Regular Season,1933
1933-11-26,Sun,Philadelphia Eagles,Cincinnati Reds,20,3,Regular Season,1933
1933-11-26,Sun,Brooklyn Dodgers,Boston Redskins,14,0,Regular Season,1933
1933-11-26,Sun,Chicago Bears,Portsmouth Spartans,17,14,Regular Season,1933
1933-11-26,Sun,New York Giants,Green Bay Packers,17,6,Regular Season,1933
1933-11-30,Thu,New York Giants,Brooklyn Dodgers,10,0,Regular Season,1933
1933-11-30,Thu,Chicago Bears,Chicago Cardinals,22,6,Regular Season,1933
1933-12-03,Sun,Cincinnati Reds,Brooklyn Dodgers,10,0,Regular Season,1933
1933-12-03,Sun,Boston Redskins,Chicago Cardinals,0,0,Regular Season,1933
1933-12-03,Sun,Chicago Bears,Portsmouth Spartans,17,7,Regular Season,1933
1933-12-03,Sun,Green Bay Packers,Philadelphia Eagles,10,0,Regular Season,1933
1933-12-03,Sun,New York Giants,Pittsburgh Pirates,27,3,Regular Season,1933
1933-12-10,Sun,Chicago Bears,Green Bay Packers,7,6,Regular Season,1933
1933-12-10,Sun,New York Giants,Philadelphia Eagles,20,14,Regular Season,1933
Playoffs,,,,,,Playoff,1933
1933-12-17,Sun,Chicago Bears,New York Giants,23,21,Playoff,1933
