Date,DOW,WT,LT,WTS,LTS,Type,Season
1934-09-09,Sun,Pittsburgh Pirates,Cincinnati Reds,13,0,Regular Season,1934
1934-09-16,Sun,Green Bay Packers,Philadelphia Eagles,19,6,Regular Season,1934
1934-09-16,Sun,Boston Redskins,Pittsburgh Pirates,7,0,Regular Season,1934
1934-09-23,Sun,Chicago Bears,Green Bay Packers,24,10,Regular Season,1934
1934-09-23,Sun,Chicago Cardinals,Cincinnati Reds,9,0,Regular Season,1934
1934-09-23,Sun,Detroit Lions,New York Giants,9,0,Regular Season,1934
1934-09-26,Wed,Philadelphia Eagles,Pittsburgh Pirates,17,0,Regular Season,1934
1934-09-30,Sun,Brooklyn Dodgers,Boston Redskins,10,6,Regular Season,1934
1934-09-30,Sun,Detroit Lions,Chicago Cardinals,6,0,Regular Season,1934
1934-09-30,Sun,Chicago Bears,Cincinnati Reds,21,3,Regular Season,1934
1934-09-30,Sun,Green Bay Packers,New York Giants,20,6,Regular Season,1934
1934-10-03,Wed,New York Giants,Pittsburgh Pirates,14,12,Regular Season,1934
1934-10-07,Sun,Chicago Bears,Brooklyn Dodgers,21,7,Regular Season,1934
1934-10-07,Sun,Detroit Lions,Green Bay Packers,3,0,Regular Season,1934
1934-10-07,Sun,Chicago Cardinals,Cincinnati Reds,16,0,Regular Season,1934
1934-10-07,Sun,Pittsburgh Pirates,Philadelphia Eagles,9,7,Regular Season,1934
1934-10-07,Sun,New York Giants,Boston Redskins,16,13,Regular Season,1934
1934-10-10,Wed,Chicago Bears,Pittsburgh Pirates,28,0,Regular Season,1934
1934-10-14,Sun,New York Giants,Brooklyn Dodgers,14,0,Regular Season,1934
1934-10-14,Sun,Detroit Lions,Philadelphia Eagles,10,0,Regular Season,1934
1934-10-14,Sun,Chicago Bears,Chicago Cardinals,20,0,Regular Season,1934
1934-10-14,Sun,Green Bay Packers,Cincinnati Reds,41,0,Regular Season,1934
1934-10-14,Sun,Boston Redskins,Pittsburgh Pirates,39,0,Regular Season,1934
1934-10-17,Wed,Detroit Lions,Boston Redskins,24,0,Regular Season,1934
1934-10-21,Sun,Boston Redskins,Philadelphia Eagles,6,0,Regular Season,1934
1934-10-21,Sun,Green Bay Packers,Chicago Cardinals,15,0,Regular Season,1934
1934-10-21,Sun,New York Giants,Pittsburgh Pirates,17,7,Regular Season,1934
1934-10-21,Sun,Chicago Bears,Cincinnati Reds,41,7,Regular Season,1934
1934-10-22,Sun,Detroit Lions,Brooklyn Dodgers,28,0,Regular Season,1934
1934-10-28,Sun,Brooklyn Dodgers,Pittsburgh Pirates,21,3,Regular Season,1934
1934-10-28,Sun,Boston Redskins,Chicago Cardinals,9,0,Regular Season,1934
1934-10-28,Sun,Chicago Bears,Green Bay Packers,27,14,Regular Season,1934
1934-10-28,Sun,New York Giants,Philadelphia Eagles,17,0,Regular Season,1934
1934-10-28,Sun,Detroit Lions,Cincinnati Reds,38,0,Regular Season,1934
1934-11-04,Sun,Chicago Bears,New York Giants,27,7,Regular Season,1934
1934-11-04,Sun,Detroit Lions,Pittsburgh Pirates,40,7,Regular Season,1934
1934-11-04,Sun,Green Bay Packers,Boston Redskins,10,0,Regular Season,1934
1934-11-06,Tue,Chicago Cardinals,Brooklyn Dodgers,21,0,Regular Season,1934
1934-11-06,Tue,Philadelphia Eagles,Cincinnati Reds,64,0,Regular Season,1934
1934-11-11,Sun,St. Louis Gunners,Pittsburgh Pirates,6,0,Regular Season,1934
1934-11-11,Sun,Brooklyn Dodgers,Philadelphia Eagles,10,7,Regular Season,1934
1934-11-11,Sun,Detroit Lions,Chicago Cardinals,17,13,Regular Season,1934
1934-11-11,Sun,Chicago Bears,Boston Redskins,21,0,Regular Season,1934
1934-11-11,Sun,New York Giants,Green Bay Packers,17,3,Regular Season,1934
1934-11-18,Sun,Brooklyn Dodgers,Pittsburgh Pirates,10,0,Regular Season,1934
1934-11-18,Sun,Chicago Cardinals,Green Bay Packers,9,0,Regular Season,1934
1934-11-18,Sun,Boston Redskins,Philadelphia Eagles,14,7,Regular Season,1934
1934-11-18,Sun,Detroit Lions,St. Louis Gunners,40,7,Regular Season,1934
1934-11-18,Sun,Chicago Bears,New York Giants,10,9,Regular Season,1934
1934-11-25,Sun,Philadelphia Eagles,Brooklyn Dodgers,13,0,Regular Season,1934
1934-11-25,Sun,Chicago Bears,Chicago Cardinals,17,6,Regular Season,1934
1934-11-25,Sun,New York Giants,Boston Redskins,3,0,Regular Season,1934
1934-11-25,Sun,Green Bay Packers,Detroit Lions,3,0,Regular Season,1934
1934-11-29,Thu,New York Giants,Brooklyn Dodgers,27,0,Regular Season,1934
1934-11-29,Thu,Chicago Cardinals,Green Bay Packers,6,0,Regular Season,1934
1934-11-29,Thu,Chicago Bears,Detroit Lions,19,16,Regular Season,1934
1934-12-02,Sun,Boston Redskins,Brooklyn Dodgers,13,3,Regular Season,1934
1934-12-02,Sun,Philadelphia Eagles,New York Giants,6,0,Regular Season,1934
1934-12-02,Sun,Green Bay Packers,St. Louis Gunners,21,14,Regular Season,1934
1934-12-02,Sun,Chicago Bears,Detroit Lions,10,7,Regular Season,1934
Playoffs,,,,,,Playoff,1934
1934-12-09,Sun,New York Giants,Chicago Bears,30,13,Playoff,1934
