Date,DOW,WT,LT,WTS,LTS,Type,Season
1935-09-13,Fri,Pittsburgh Pirates,Philadelphia Eagles,17,7,Regular Season,1935
1935-09-15,Sun,Chicago Cardinals,Green Bay Packers,7,6,Regular Season,1935
1935-09-20,Fri,Detroit Lions,Philadelphia Eagles,35,0,Regular Season,1935
1935-09-22,Sun,Green Bay Packers,Chicago Bears,7,0,Regular Season,1935
1935-09-22,Sun,New York Giants,Pittsburgh Pirates,42,7,Regular Season,1935
1935-09-29,Sun,Boston Redskins,Brooklyn Dodgers,7,3,Regular Season,1935
1935-09-29,Sun,Detroit Lions,Chicago Cardinals,10,10,Regular Season,1935
1935-09-29,Sun,Chicago Bears,Pittsburgh Pirates,23,7,Regular Season,1935
1935-09-29,Sun,Green Bay Packers,New York Giants,16,7,Regular Season,1935
1935-10-06,Sun,Brooklyn Dodgers,Detroit Lions,12,10,Regular Season,1935
1935-10-06,Sun,New York Giants,Boston Redskins,20,12,Regular Season,1935
1935-10-06,Sun,Green Bay Packers,Pittsburgh Pirates,27,0,Regular Season,1935
1935-10-09,Wed,Philadelphia Eagles,Pittsburgh Pirates,17,6,Regular Season,1935
1935-10-13,Sun,Chicago Bears,Philadelphia Eagles,39,0,Regular Season,1935
1935-10-13,Sun,Chicago Cardinals,Green Bay Packers,3,0,Regular Season,1935
1935-10-13,Sun,New York Giants,Brooklyn Dodgers,10,7,Regular Season,1935
1935-10-13,Sun,Detroit Lions,Boston Redskins,17,7,Regular Season,1935
1935-10-20,Sun,Chicago Bears,Brooklyn Dodgers,24,14,Regular Season,1935
1935-10-20,Sun,Pittsburgh Pirates,Chicago Cardinals,17,13,Regular Season,1935
1935-10-20,Sun,Green Bay Packers,Detroit Lions,13,9,Regular Season,1935
1935-10-20,Sun,New York Giants,Boston Redskins,17,6,Regular Season,1935
1935-10-27,Sun,Chicago Cardinals,New York Giants,14,13,Regular Season,1935
1935-10-27,Sun,Green Bay Packers,Chicago Bears,17,14,Regular Season,1935
1935-10-27,Sun,Brooklyn Dodgers,Philadelphia Eagles,17,6,Regular Season,1935
1935-10-27,Sun,Pittsburgh Pirates,Boston Redskins,6,0,Regular Season,1935
1935-10-30,Wed,Detroit Lions,Boston Redskins,14,0,Regular Season,1935
1935-11-03,Sun,Brooklyn Dodgers,Pittsburgh Pirates,13,7,Regular Season,1935
1935-11-03,Sun,Philadelphia Eagles,Boston Redskins,7,6,Regular Season,1935
1935-11-03,Sun,Chicago Bears,New York Giants,20,3,Regular Season,1935
1935-11-03,Sun,Detroit Lions,Chicago Cardinals,7,6,Regular Season,1935
1935-11-05,Tue,Brooklyn Dodgers,Philadelphia Eagles,3,0,Regular Season,1935
1935-11-10,Sun,Chicago Cardinals,Philadelphia Eagles,12,3,Regular Season,1935
1935-11-10,Sun,Chicago Bears,Boston Redskins,30,14,Regular Season,1935
1935-11-10,Sun,Pittsburgh Pirates,Brooklyn Dodgers,16,7,Regular Season,1935
1935-11-10,Sun,Green Bay Packers,Detroit Lions,31,7,Regular Season,1935
1935-11-17,Sun,New York Giants,Chicago Bears,3,0,Regular Season,1935
1935-11-17,Sun,Detroit Lions,Green Bay Packers,20,10,Regular Season,1935
1935-11-19,Tue,Brooklyn Dodgers,Chicago Cardinals,14,12,Regular Season,1935
1935-11-24,Sun,New York Giants,Philadelphia Eagles,10,0,Regular Season,1935
1935-11-24,Sun,Chicago Cardinals,Boston Redskins,6,0,Regular Season,1935
1935-11-24,Sun,Detroit Lions,Chicago Bears,20,20,Regular Season,1935
1935-11-24,Sun,Green Bay Packers,Pittsburgh Pirates,34,14,Regular Season,1935
1935-11-28,Thu,Chicago Cardinals,Green Bay Packers,9,7,Regular Season,1935
1935-11-28,Thu,New York Giants,Brooklyn Dodgers,21,0,Regular Season,1935
1935-11-28,Thu,Detroit Lions,Chicago Bears,14,2,Regular Season,1935
1935-12-01,Sun,Boston Redskins,Pittsburgh Pirates,13,3,Regular Season,1935
1935-12-01,Sun,Chicago Cardinals,Chicago Bears,7,7,Regular Season,1935
1935-12-01,Sun,New York Giants,Philadelphia Eagles,21,14,Regular Season,1935
1935-12-01,Sun,Detroit Lions,Brooklyn Dodgers,28,0,Regular Season,1935
1935-12-08,Sun,New York Giants,Pittsburgh Pirates,13,0,Regular Season,1935
1935-12-08,Sun,Green Bay Packers,Philadelphia Eagles,13,6,Regular Season,1935
1935-12-08,Sun,Boston Redskins,Brooklyn Dodgers,0,0,Regular Season,1935
1935-12-08,Sun,Chicago Bears,Chicago Cardinals,13,0,Regular Season,1935
Playoffs,,,,,,Playoff,1935
1935-12-15,Sun,Detroit Lions,New York Giants,26,7,Playoff,1935
