Date,DOW,WT,LT,WTS,LTS,Type,Season
1936-09-13,Sun,Green Bay Packers,Chicago Cardinals,10,7,Regular Season,1936
1936-09-13,Sun,Pittsburgh Pirates,Boston Redskins,10,0,Regular Season,1936
1936-09-13,Sun,Philadelphia Eagles,New York Giants,10,7,Regular Season,1936
1936-09-20,Sun,Chicago Bears,Green Bay Packers,30,3,Regular Season,1936
1936-09-20,Sun,Boston Redskins,Philadelphia Eagles,26,3,Regular Season,1936
1936-09-23,Wed,Pittsburgh Pirates,Brooklyn Dodgers,10,6,Regular Season,1936
1936-09-27,Sun,Boston Redskins,Brooklyn Dodgers,14,3,Regular Season,1936
1936-09-27,Sun,Chicago Bears,Philadelphia Eagles,17,0,Regular Season,1936
1936-09-27,Sun,Pittsburgh Pirates,New York Giants,10,7,Regular Season,1936
1936-09-28,Mon,Detroit Lions,Chicago Cardinals,39,0,Regular Season,1936
1936-10-04,Sun,New York Giants,Boston Redskins,7,0,Regular Season,1936
1936-10-04,Sun,Chicago Bears,Pittsburgh Pirates,27,9,Regular Season,1936
1936-10-04,Sun,Brooklyn Dodgers,Philadelphia Eagles,18,0,Regular Season,1936
1936-10-04,Sun,Green Bay Packers,Chicago Cardinals,24,0,Regular Season,1936
1936-10-11,Sun,Detroit Lions,Philadelphia Eagles,23,0,Regular Season,1936
1936-10-11,Sun,Green Bay Packers,Boston Redskins,31,2,Regular Season,1936
1936-10-11,Sun,New York Giants,Brooklyn Dodgers,10,10,Regular Season,1936
1936-10-11,Sun,Chicago Bears,Chicago Cardinals,7,3,Regular Season,1936
1936-10-14,Wed,Detroit Lions,Brooklyn Dodgers,14,7,Regular Season,1936
1936-10-14,Wed,Pittsburgh Pirates,Philadelphia Eagles,17,0,Regular Season,1936
1936-10-18,Sun,Green Bay Packers,Detroit Lions,20,18,Regular Season,1936
1936-10-18,Sun,New York Giants,Chicago Cardinals,14,6,Regular Season,1936
1936-10-18,Sun,Chicago Bears,Pittsburgh Pirates,26,7,Regular Season,1936
1936-10-18,Sun,Boston Redskins,Philadelphia Eagles,17,7,Regular Season,1936
1936-10-25,Sun,New York Giants,Philadelphia Eagles,21,17,Regular Season,1936
1936-10-25,Sun,Green Bay Packers,Pittsburgh Pirates,42,10,Regular Season,1936
1936-10-25,Sun,Brooklyn Dodgers,Chicago Cardinals,9,0,Regular Season,1936
1936-10-25,Sun,Chicago Bears,Detroit Lions,12,10,Regular Season,1936
1936-11-01,Sun,New York Giants,Detroit Lions,14,7,Regular Season,1936
1936-11-01,Sun,Pittsburgh Pirates,Brooklyn Dodgers,10,7,Regular Season,1936
1936-11-01,Sun,Green Bay Packers,Chicago Bears,21,10,Regular Season,1936
1936-11-01,Sun,Boston Redskins,Chicago Cardinals,13,10,Regular Season,1936
1936-11-05,Thu,Pittsburgh Pirates,Philadelphia Eagles,6,0,Regular Season,1936
1936-11-08,Sun,Detroit Lions,Pittsburgh Pirates,28,3,Regular Season,1936
1936-11-08,Sun,Chicago Bears,New York Giants,25,7,Regular Season,1936
1936-11-08,Sun,Chicago Cardinals,Philadelphia Eagles,13,0,Regular Season,1936
1936-11-08,Sun,Green Bay Packers,Boston Redskins,7,3,Regular Season,1936
1936-11-15,Sun,Green Bay Packers,Brooklyn Dodgers,38,7,Regular Season,1936
1936-11-15,Sun,Detroit Lions,New York Giants,38,0,Regular Season,1936
1936-11-15,Sun,Chicago Cardinals,Pittsburgh Pirates,14,6,Regular Season,1936
1936-11-15,Sun,Chicago Bears,Boston Redskins,26,0,Regular Season,1936
1936-11-22,Sun,Boston Redskins,Brooklyn Dodgers,30,6,Regular Season,1936
1936-11-22,Sun,Detroit Lions,Chicago Cardinals,14,7,Regular Season,1936
1936-11-22,Sun,Green Bay Packers,New York Giants,26,14,Regular Season,1936
1936-11-22,Sun,Chicago Bears,Philadelphia Eagles,28,7,Regular Season,1936
1936-11-26,Thu,New York Giants,Brooklyn Dodgers,14,0,Regular Season,1936
1936-11-26,Thu,Detroit Lions,Chicago Bears,13,7,Regular Season,1936
1936-11-29,Sun,Green Bay Packers,Detroit Lions,26,17,Regular Season,1936
1936-11-29,Sun,Brooklyn Dodgers,Philadelphia Eagles,13,7,Regular Season,1936
1936-11-29,Sun,Boston Redskins,Pittsburgh Pirates,30,0,Regular Season,1936
1936-11-29,Sun,Chicago Cardinals,Chicago Bears,14,7,Regular Season,1936
1936-12-06,Sun,Boston Redskins,New York Giants,14,0,Regular Season,1936
1936-12-06,Sun,Detroit Lions,Brooklyn Dodgers,14,6,Regular Season,1936
1936-12-06,Sun,Green Bay Packers,Chicago Cardinals,0,0,Regular Season,1936
Playoffs,,,,,,Playoff,1936
1936-12-13,Sun,Green Bay Packers,Boston Redskins,21,6,Playoff,1936
