Date,DOW,WT,LT,WTS,LTS,Type,Season
1937-09-05,Sun,Pittsburgh Pirates,Philadelphia Eagles,27,14,Regular Season,1937
1937-09-10,Fri,Detroit Lions,Cleveland Rams,28,0,Regular Season,1937
1937-09-10,Fri,Brooklyn Dodgers,Philadelphia Eagles,13,7,Regular Season,1937
1937-09-12,Sun,Chicago Cardinals,Green Bay Packers,14,7,Regular Season,1937
1937-09-16,Thu,Washington Redskins,New York Giants,13,3,Regular Season,1937
1937-09-19,Sun,Chicago Bears,Green Bay Packers,14,2,Regular Season,1937
1937-09-19,Sun,Pittsburgh Pirates,Brooklyn Dodgers,21,0,Regular Season,1937
1937-09-19,Sun,Detroit Lions,Chicago Cardinals,16,7,Regular Season,1937
1937-09-21,Tue,Cleveland Rams,Philadelphia Eagles,21,3,Regular Season,1937
1937-09-24,Fri,Chicago Cardinals,Washington Redskins,21,14,Regular Season,1937
1937-09-26,Sun,New York Giants,Pittsburgh Pirates,10,7,Regular Season,1937
1937-09-26,Sun,Brooklyn Dodgers,Cleveland Rams,9,7,Regular Season,1937
1937-09-26,Sun,Philadelphia Eagles,Chicago Cardinals,6,6,Regular Season,1937
1937-10-03,Sun,Green Bay Packers,Detroit Lions,26,6,Regular Season,1937
1937-10-03,Sun,New York Giants,Philadelphia Eagles,16,7,Regular Season,1937
1937-10-03,Sun,Washington Redskins,Brooklyn Dodgers,11,7,Regular Season,1937
1937-10-03,Sun,Chicago Cardinals,Cleveland Rams,6,0,Regular Season,1937
1937-10-04,Mon,Chicago Bears,Pittsburgh Pirates,7,0,Regular Season,1937
1937-10-10,Sun,Chicago Bears,Cleveland Rams,20,2,Regular Season,1937
1937-10-10,Sun,Detroit Lions,Pittsburgh Pirates,7,3,Regular Season,1937
1937-10-10,Sun,Philadelphia Eagles,Washington Redskins,14,0,Regular Season,1937
1937-10-10,Sun,Green Bay Packers,Chicago Cardinals,34,13,Regular Season,1937
1937-10-17,Sun,New York Giants,Philadelphia Eagles,21,0,Regular Season,1937
1937-10-17,Sun,Chicago Bears,Chicago Cardinals,16,7,Regular Season,1937
1937-10-17,Sun,Green Bay Packers,Cleveland Rams,35,10,Regular Season,1937
1937-10-17,Sun,Detroit Lions,Brooklyn Dodgers,30,0,Regular Season,1937
1937-10-17,Sun,Washington Redskins,Pittsburgh Pirates,34,20,Regular Season,1937
1937-10-24,Sun,Chicago Bears,Detroit Lions,28,20,Regular Season,1937
1937-10-24,Sun,Green Bay Packers,Cleveland Rams,35,7,Regular Season,1937
1937-10-24,Sun,New York Giants,Brooklyn Dodgers,21,0,Regular Season,1937
1937-10-24,Sun,Washington Redskins,Philadelphia Eagles,10,7,Regular Season,1937
1937-10-24,Sun,Chicago Cardinals,Pittsburgh Pirates,13,7,Regular Season,1937
1937-10-31,Sun,New York Giants,Chicago Bears,3,3,Regular Season,1937
1937-10-31,Sun,Green Bay Packers,Detroit Lions,14,13,Regular Season,1937
1937-10-31,Sun,Washington Redskins,Brooklyn Dodgers,21,0,Regular Season,1937
1937-10-31,Sun,Chicago Cardinals,Cleveland Rams,13,7,Regular Season,1937
1937-10-31,Sun,Pittsburgh Pirates,Philadelphia Eagles,16,7,Regular Season,1937
1937-11-07,Sun,Green Bay Packers,Chicago Bears,24,14,Regular Season,1937
1937-11-07,Sun,New York Giants,Pittsburgh Pirates,17,0,Regular Season,1937
1937-11-07,Sun,Detroit Lions,Cleveland Rams,27,7,Regular Season,1937
1937-11-07,Sun,Philadelphia Eagles,Brooklyn Dodgers,14,10,Regular Season,1937
1937-11-14,Sun,Green Bay Packers,Philadelphia Eagles,37,7,Regular Season,1937
1937-11-14,Sun,Detroit Lions,New York Giants,17,0,Regular Season,1937
1937-11-14,Sun,Chicago Bears,Brooklyn Dodgers,29,7,Regular Season,1937
1937-11-14,Sun,Pittsburgh Pirates,Washington Redskins,21,13,Regular Season,1937
1937-11-21,Sun,New York Giants,Green Bay Packers,10,0,Regular Season,1937
1937-11-21,Sun,Washington Redskins,Cleveland Rams,16,7,Regular Season,1937
1937-11-21,Sun,Brooklyn Dodgers,Pittsburgh Pirates,23,0,Regular Season,1937
1937-11-21,Sun,Detroit Lions,Chicago Cardinals,16,7,Regular Season,1937
1937-11-25,Thu,Chicago Bears,Detroit Lions,13,0,Regular Season,1937
1937-11-25,Thu,New York Giants,Brooklyn Dodgers,13,13,Regular Season,1937
1937-11-28,Sun,Chicago Bears,Cleveland Rams,15,7,Regular Season,1937
1937-11-28,Sun,Washington Redskins,Green Bay Packers,14,6,Regular Season,1937
1937-12-05,Sun,Washington Redskins,New York Giants,49,14,Regular Season,1937
1937-12-05,Sun,Chicago Bears,Chicago Cardinals,42,28,Regular Season,1937
Playoffs,,,,,,Playoff,1937
1937-12-12,Sun,Washington Redskins,Chicago Bears,28,21,Playoff,1937
