Date,DOW,WT,LT,WTS,LTS,Type,Season
1938-09-09,Fri,Detroit Lions,Pittsburgh Pirates,16,7,Regular Season,1938
1938-09-11,Sun,Washington Redskins,Philadelphia Eagles,26,23,Regular Season,1938
1938-09-11,Sun,New York Giants,Pittsburgh Pirates,27,14,Regular Season,1938
1938-09-11,Sun,Green Bay Packers,Cleveland Rams,26,17,Regular Season,1938
1938-09-11,Sun,Chicago Bears,Chicago Cardinals,16,13,Regular Season,1938
1938-09-16,Fri,Philadelphia Eagles,Pittsburgh Pirates,27,7,Regular Season,1938
1938-09-17,Sat,Chicago Cardinals,Cleveland Rams,7,6,Regular Season,1938
1938-09-18,Sun,Washington Redskins,Brooklyn Dodgers,16,16,Regular Season,1938
1938-09-18,Sun,Chicago Bears,Green Bay Packers,2,0,Regular Season,1938
1938-09-23,Fri,Pittsburgh Pirates,Brooklyn Dodgers,17,3,Regular Season,1938
1938-09-25,Sun,Philadelphia Eagles,New York Giants,14,10,Regular Season,1938
1938-09-25,Sun,Washington Redskins,Cleveland Rams,37,13,Regular Season,1938
1938-09-25,Sun,Green Bay Packers,Chicago Cardinals,28,7,Regular Season,1938
1938-09-28,Wed,Green Bay Packers,Chicago Cardinals,24,22,Regular Season,1938
1938-10-02,Sun,Cleveland Rams,Detroit Lions,21,17,Regular Season,1938
1938-10-02,Sun,Chicago Bears,Philadelphia Eagles,28,6,Regular Season,1938
1938-10-02,Sun,Brooklyn Dodgers,Chicago Cardinals,13,0,Regular Season,1938
1938-10-03,Mon,Pittsburgh Pirates,New York Giants,13,10,Regular Season,1938
1938-10-09,Sun,Detroit Lions,Green Bay Packers,17,7,Regular Season,1938
1938-10-09,Sun,Cleveland Rams,Chicago Bears,14,7,Regular Season,1938
1938-10-09,Sun,Brooklyn Dodgers,Pittsburgh Pirates,17,7,Regular Season,1938
1938-10-09,Sun,New York Giants,Washington Redskins,10,7,Regular Season,1938
1938-10-16,Sun,Washington Redskins,Detroit Lions,7,5,Regular Season,1938
1938-10-16,Sun,Chicago Bears,Chicago Cardinals,34,28,Regular Season,1938
1938-10-16,Sun,Green Bay Packers,Brooklyn Dodgers,35,7,Regular Season,1938
1938-10-16,Sun,New York Giants,Philadelphia Eagles,17,7,Regular Season,1938
1938-10-23,Sun,New York Giants,Brooklyn Dodgers,28,14,Regular Season,1938
1938-10-23,Sun,Cleveland Rams,Chicago Bears,23,21,Regular Season,1938
1938-10-23,Sun,Washington Redskins,Philadelphia Eagles,20,14,Regular Season,1938
1938-10-23,Sun,Detroit Lions,Chicago Cardinals,10,0,Regular Season,1938
1938-10-23,Sun,Green Bay Packers,Pittsburgh Pirates,20,0,Regular Season,1938
1938-10-26,Wed,Philadelphia Eagles,Chicago Cardinals,7,0,Regular Season,1938
1938-10-30,Sun,Detroit Lions,Chicago Bears,13,7,Regular Season,1938
1938-10-30,Sun,Washington Redskins,Brooklyn Dodgers,6,6,Regular Season,1938
1938-10-30,Sun,Green Bay Packers,Cleveland Rams,28,7,Regular Season,1938
1938-11-06,Sun,Detroit Lions,Cleveland Rams,6,0,Regular Season,1938
1938-11-06,Sun,Brooklyn Dodgers,Philadelphia Eagles,10,7,Regular Season,1938
1938-11-06,Sun,Washington Redskins,Pittsburgh Pirates,7,0,Regular Season,1938
1938-11-06,Sun,Green Bay Packers,Chicago Bears,24,17,Regular Season,1938
1938-11-06,Sun,New York Giants,Chicago Cardinals,6,0,Regular Season,1938
1938-11-13,Sun,Green Bay Packers,Detroit Lions,28,7,Regular Season,1938
1938-11-13,Sun,New York Giants,Cleveland Rams,28,0,Regular Season,1938
1938-11-13,Sun,Chicago Bears,Washington Redskins,31,7,Regular Season,1938
1938-11-13,Sun,Brooklyn Dodgers,Philadelphia Eagles,32,14,Regular Season,1938
1938-11-20,Sun,Detroit Lions,Chicago Cardinals,7,3,Regular Season,1938
1938-11-20,Sun,Chicago Bears,Brooklyn Dodgers,24,6,Regular Season,1938
1938-11-20,Sun,Philadelphia Eagles,Pittsburgh Pirates,14,7,Regular Season,1938
1938-11-20,Sun,New York Giants,Green Bay Packers,15,3,Regular Season,1938
1938-11-24,Thu,Detroit Lions,Chicago Bears,14,7,Regular Season,1938
1938-11-24,Thu,New York Giants,Brooklyn Dodgers,7,7,Regular Season,1938
1938-11-27,Sun,Washington Redskins,Pittsburgh Pirates,15,0,Regular Season,1938
1938-11-27,Sun,Chicago Cardinals,Cleveland Rams,31,17,Regular Season,1938
1938-12-04,Sun,New York Giants,Washington Redskins,36,0,Regular Season,1938
1938-12-04,Sun,Philadelphia Eagles,Detroit Lions,21,7,Regular Season,1938
1938-12-04,Sun,Cleveland Rams,Pittsburgh Pirates,13,7,Regular Season,1938
Playoffs,,,,,,Playoff,1938
1938-12-11,Sun,New York Giants,Green Bay Packers,23,17,Playoff,1938
