Date,DOW,WT,LT,WTS,LTS,Type,Season
1939-09-10,Sun,Detroit Lions,Chicago Cardinals,21,13,Regular Season,1939
1939-09-14,Thu,Brooklyn Dodgers,Pittsburgh Pirates,12,7,Regular Season,1939
1939-09-15,Fri,Chicago Bears,Cleveland Rams,30,21,Regular Season,1939
1939-09-17,Sun,Washington Redskins,Philadelphia Eagles,7,0,Regular Season,1939
1939-09-17,Sun,Green Bay Packers,Chicago Cardinals,14,10,Regular Season,1939
1939-09-20,Wed,Brooklyn Dodgers,Cleveland Rams,23,12,Regular Season,1939
1939-09-24,Sun,New York Giants,Philadelphia Eagles,13,3,Regular Season,1939
1939-09-24,Sun,Green Bay Packers,Chicago Bears,21,16,Regular Season,1939
1939-09-24,Sun,Chicago Cardinals,Pittsburgh Pirates,10,0,Regular Season,1939
1939-09-24,Sun,Detroit Lions,Brooklyn Dodgers,27,7,Regular Season,1939
1939-10-01,Sun,Washington Redskins,New York Giants,0,0,Regular Season,1939
1939-10-01,Sun,Cleveland Rams,Green Bay Packers,27,24,Regular Season,1939
1939-10-01,Sun,Detroit Lions,Chicago Cardinals,17,3,Regular Season,1939
1939-10-01,Sun,Philadelphia Eagles,Brooklyn Dodgers,0,0,Regular Season,1939
1939-10-02,Mon,Chicago Bears,Pittsburgh Pirates,32,0,Regular Season,1939
1939-10-08,Sun,New York Giants,Pittsburgh Pirates,14,7,Regular Season,1939
1939-10-08,Sun,Chicago Bears,Cleveland Rams,35,21,Regular Season,1939
1939-10-08,Sun,Green Bay Packers,Chicago Cardinals,27,20,Regular Season,1939
1939-10-08,Sun,Washington Redskins,Brooklyn Dodgers,41,13,Regular Season,1939
1939-10-15,Sun,Detroit Lions,Cleveland Rams,15,7,Regular Season,1939
1939-10-15,Sun,New York Giants,Philadelphia Eagles,27,10,Regular Season,1939
1939-10-15,Sun,Chicago Bears,Chicago Cardinals,44,7,Regular Season,1939
1939-10-15,Sun,Washington Redskins,Pittsburgh Pirates,44,14,Regular Season,1939
1939-10-22,Sun,Green Bay Packers,Detroit Lions,26,7,Regular Season,1939
1939-10-22,Sun,New York Giants,Chicago Bears,16,13,Regular Season,1939
1939-10-22,Sun,Washington Redskins,Pittsburgh Pirates,21,14,Regular Season,1939
1939-10-22,Sun,Brooklyn Dodgers,Philadelphia Eagles,23,14,Regular Season,1939
1939-10-22,Sun,Cleveland Rams,Chicago Cardinals,24,0,Regular Season,1939
1939-10-29,Sun,Green Bay Packers,Washington Redskins,24,14,Regular Season,1939
1939-10-29,Sun,Cleveland Rams,Pittsburgh Pirates,14,14,Regular Season,1939
1939-10-29,Sun,New York Giants,Brooklyn Dodgers,7,6,Regular Season,1939
1939-10-29,Sun,Detroit Lions,Chicago Bears,10,0,Regular Season,1939
1939-11-05,Sun,Washington Redskins,Philadelphia Eagles,7,6,Regular Season,1939
1939-11-05,Sun,Detroit Lions,New York Giants,18,14,Regular Season,1939
1939-11-05,Sun,Chicago Bears,Green Bay Packers,30,27,Regular Season,1939
1939-11-05,Sun,Cleveland Rams,Chicago Cardinals,14,0,Regular Season,1939
1939-11-06,Mon,Brooklyn Dodgers,Pittsburgh Pirates,17,13,Regular Season,1939
1939-11-12,Sun,Green Bay Packers,Philadelphia Eagles,23,16,Regular Season,1939
1939-11-12,Sun,New York Giants,Chicago Cardinals,17,7,Regular Season,1939
1939-11-12,Sun,Washington Redskins,Brooklyn Dodgers,42,0,Regular Season,1939
1939-11-12,Sun,Chicago Bears,Detroit Lions,23,13,Regular Season,1939
1939-11-19,Sun,Cleveland Rams,Detroit Lions,14,3,Regular Season,1939
1939-11-19,Sun,New York Giants,Pittsburgh Pirates,23,7,Regular Season,1939
1939-11-19,Sun,Chicago Bears,Philadelphia Eagles,27,14,Regular Season,1939
1939-11-19,Sun,Washington Redskins,Chicago Cardinals,28,7,Regular Season,1939
1939-11-19,Sun,Green Bay Packers,Brooklyn Dodgers,28,0,Regular Season,1939
1939-11-23,Thu,Philadelphia Eagles,Pittsburgh Pirates,17,14,Regular Season,1939
1939-11-26,Sun,Green Bay Packers,Cleveland Rams,7,6,Regular Season,1939
1939-11-26,Sun,Washington Redskins,Detroit Lions,31,7,Regular Season,1939
1939-11-26,Sun,Pittsburgh Pirates,Philadelphia Eagles,24,12,Regular Season,1939
1939-11-26,Sun,New York Giants,Brooklyn Dodgers,28,7,Regular Season,1939
1939-11-26,Sun,Chicago Bears,Chicago Cardinals,48,7,Regular Season,1939
1939-12-03,Sun,New York Giants,Washington Redskins,9,7,Regular Season,1939
1939-12-03,Sun,Cleveland Rams,Philadelphia Eagles,35,13,Regular Season,1939
1939-12-03,Sun,Green Bay Packers,Detroit Lions,12,7,Regular Season,1939
Playoffs,,,,,,Playoff,1939
1939-12-10,Sun,Green Bay Packers,New York Giants,27,0,Playoff,1939
