Date,DOW,WT,LT,WTS,LTS,Type,Season
1940-09-08,Sun,Pittsburgh Steelers,Chicago Cardinals,7,7,Regular Season,1940
1940-09-15,Sun,Washington Redskins,Brooklyn Dodgers,24,17,Regular Season,1940
1940-09-15,Sun,Green Bay Packers,Philadelphia Eagles,27,20,Regular Season,1940
1940-09-15,Sun,Pittsburgh Steelers,New York Giants,10,10,Regular Season,1940
1940-09-15,Sun,Detroit Lions,Chicago Cardinals,0,0,Regular Season,1940
1940-09-22,Sun,Chicago Bears,Green Bay Packers,41,10,Regular Season,1940
1940-09-22,Sun,Pittsburgh Steelers,Detroit Lions,10,7,Regular Season,1940
1940-09-22,Sun,Washington Redskins,New York Giants,21,7,Regular Season,1940
1940-09-22,Sun,Cleveland Rams,Philadelphia Eagles,21,13,Regular Season,1940
1940-09-25,Wed,Chicago Cardinals,Chicago Bears,21,7,Regular Season,1940
1940-09-28,Sat,New York Giants,Philadelphia Eagles,20,14,Regular Season,1940
1940-09-29,Sun,Brooklyn Dodgers,Pittsburgh Steelers,10,3,Regular Season,1940
1940-09-29,Sun,Detroit Lions,Cleveland Rams,6,0,Regular Season,1940
1940-09-29,Sun,Green Bay Packers,Chicago Cardinals,31,6,Regular Season,1940
1940-10-04,Fri,Brooklyn Dodgers,Philadelphia Eagles,30,17,Regular Season,1940
1940-10-05,Sat,Detroit Lions,Chicago Cardinals,43,14,Regular Season,1940
1940-10-06,Sun,Chicago Bears,Cleveland Rams,21,14,Regular Season,1940
1940-10-06,Sun,Washington Redskins,Pittsburgh Steelers,40,10,Regular Season,1940
1940-10-13,Sun,Chicago Bears,Detroit Lions,7,0,Regular Season,1940
1940-10-13,Sun,Green Bay Packers,Cleveland Rams,31,14,Regular Season,1940
1940-10-13,Sun,New York Giants,Philadelphia Eagles,17,7,Regular Season,1940
1940-10-13,Sun,Brooklyn Dodgers,Pittsburgh Steelers,21,0,Regular Season,1940
1940-10-13,Sun,Washington Redskins,Chicago Cardinals,28,21,Regular Season,1940
1940-10-20,Sun,Chicago Bears,Brooklyn Dodgers,16,7,Regular Season,1940
1940-10-20,Sun,New York Giants,Pittsburgh Steelers,12,0,Regular Season,1940
1940-10-20,Sun,Washington Redskins,Philadelphia Eagles,34,17,Regular Season,1940
1940-10-20,Sun,Detroit Lions,Green Bay Packers,23,14,Regular Season,1940
1940-10-20,Sun,Cleveland Rams,Chicago Cardinals,26,14,Regular Season,1940
1940-10-26,Sat,Brooklyn Dodgers,Philadelphia Eagles,21,7,Regular Season,1940
1940-10-27,Sun,Green Bay Packers,Pittsburgh Steelers,24,3,Regular Season,1940
1940-10-27,Sun,Chicago Bears,New York Giants,37,21,Regular Season,1940
1940-10-27,Sun,Washington Redskins,Detroit Lions,20,14,Regular Season,1940
1940-10-27,Sun,Chicago Cardinals,Cleveland Rams,17,7,Regular Season,1940
1940-11-03,Sun,New York Giants,Brooklyn Dodgers,10,7,Regular Season,1940
1940-11-03,Sun,Chicago Bears,Green Bay Packers,14,7,Regular Season,1940
1940-11-03,Sun,Cleveland Rams,Detroit Lions,24,0,Regular Season,1940
1940-11-03,Sun,Washington Redskins,Pittsburgh Steelers,37,10,Regular Season,1940
1940-11-10,Sun,Pittsburgh Steelers,Philadelphia Eagles,7,3,Regular Season,1940
1940-11-10,Sun,Brooklyn Dodgers,Washington Redskins,16,14,Regular Season,1940
1940-11-10,Sun,Detroit Lions,Chicago Bears,17,14,Regular Season,1940
1940-11-10,Sun,Cleveland Rams,New York Giants,13,0,Regular Season,1940
1940-11-10,Sun,Green Bay Packers,Chicago Cardinals,28,7,Regular Season,1940
1940-11-17,Sun,New York Giants,Green Bay Packers,7,3,Regular Season,1940
1940-11-17,Sun,Washington Redskins,Chicago Bears,7,3,Regular Season,1940
1940-11-17,Sun,Brooklyn Dodgers,Cleveland Rams,29,14,Regular Season,1940
1940-11-17,Sun,Detroit Lions,Philadelphia Eagles,21,0,Regular Season,1940
1940-11-24,Sun,Brooklyn Dodgers,Chicago Cardinals,14,9,Regular Season,1940
1940-11-24,Sun,New York Giants,Washington Redskins,21,7,Regular Season,1940
1940-11-24,Sun,Chicago Bears,Cleveland Rams,47,25,Regular Season,1940
1940-11-24,Sun,Green Bay Packers,Detroit Lions,50,7,Regular Season,1940
1940-11-28,Thu,Philadelphia Eagles,Pittsburgh Steelers,7,0,Regular Season,1940
1940-12-01,Sun,Brooklyn Dodgers,New York Giants,14,6,Regular Season,1940
1940-12-01,Sun,Cleveland Rams,Green Bay Packers,13,13,Regular Season,1940
1940-12-01,Sun,Washington Redskins,Philadelphia Eagles,13,6,Regular Season,1940
1940-12-01,Sun,Chicago Bears,Chicago Cardinals,31,23,Regular Season,1940
Playoffs,,,,,,Playoff,1940
1940-12-08,Sun,Chicago Bears,Washington Redskins,73,0,Playoff,1940
