Date,DOW,WT,LT,WTS,LTS,Type,Season
1941-09-07,Sun,Cleveland Rams,Pittsburgh Steelers,17,14,Regular Season,1941
1941-09-13,Sat,New York Giants,Philadelphia Eagles,24,0,Regular Season,1941
1941-09-14,Sun,Green Bay Packers,Detroit Lions,23,0,Regular Season,1941
1941-09-16,Tue,Cleveland Rams,Chicago Cardinals,10,6,Regular Season,1941
1941-09-21,Sun,Brooklyn Dodgers,Detroit Lions,14,7,Regular Season,1941
1941-09-21,Sun,Green Bay Packers,Cleveland Rams,24,7,Regular Season,1941
1941-09-21,Sun,Philadelphia Eagles,Pittsburgh Steelers,10,7,Regular Season,1941
1941-09-27,Sat,Brooklyn Dodgers,Philadelphia Eagles,24,13,Regular Season,1941
1941-09-27,Sat,Detroit Lions,Chicago Cardinals,14,14,Regular Season,1941
1941-09-28,Sun,Chicago Bears,Green Bay Packers,25,17,Regular Season,1941
1941-09-28,Sun,New York Giants,Washington Redskins,17,10,Regular Season,1941
1941-10-05,Sun,Chicago Bears,Cleveland Rams,48,21,Regular Season,1941
1941-10-05,Sun,Green Bay Packers,Chicago Cardinals,14,13,Regular Season,1941
1941-10-05,Sun,Washington Redskins,Brooklyn Dodgers,3,0,Regular Season,1941
1941-10-05,Sun,New York Giants,Pittsburgh Steelers,37,10,Regular Season,1941
1941-10-12,Sun,Chicago Bears,Chicago Cardinals,53,7,Regular Season,1941
1941-10-12,Sun,Washington Redskins,Pittsburgh Steelers,24,20,Regular Season,1941
1941-10-12,Sun,Detroit Lions,Cleveland Rams,17,7,Regular Season,1941
1941-10-12,Sun,Green Bay Packers,Brooklyn Dodgers,30,7,Regular Season,1941
1941-10-12,Sun,New York Giants,Philadelphia Eagles,16,0,Regular Season,1941
1941-10-19,Sun,Chicago Bears,Detroit Lions,49,0,Regular Season,1941
1941-10-19,Sun,Chicago Cardinals,Brooklyn Dodgers,20,6,Regular Season,1941
1941-10-19,Sun,New York Giants,Pittsburgh Steelers,28,7,Regular Season,1941
1941-10-19,Sun,Washington Redskins,Philadelphia Eagles,21,17,Regular Season,1941
1941-10-19,Sun,Green Bay Packers,Cleveland Rams,17,14,Regular Season,1941
1941-10-26,Sun,Chicago Bears,Pittsburgh Steelers,34,7,Regular Season,1941
1941-10-26,Sun,Brooklyn Dodgers,New York Giants,16,13,Regular Season,1941
1941-10-26,Sun,Green Bay Packers,Detroit Lions,24,7,Regular Season,1941
1941-10-26,Sun,Philadelphia Eagles,Chicago Cardinals,21,14,Regular Season,1941
1941-10-26,Sun,Washington Redskins,Cleveland Rams,17,13,Regular Season,1941
1941-11-02,Sun,Green Bay Packers,Chicago Bears,16,14,Regular Season,1941
1941-11-02,Sun,Brooklyn Dodgers,Philadelphia Eagles,15,6,Regular Season,1941
1941-11-02,Sun,Chicago Cardinals,New York Giants,10,7,Regular Season,1941
1941-11-02,Sun,Washington Redskins,Pittsburgh Steelers,23,3,Regular Season,1941
1941-11-02,Sun,Detroit Lions,Cleveland Rams,14,0,Regular Season,1941
1941-11-09,Sun,Chicago Bears,Cleveland Rams,31,13,Regular Season,1941
1941-11-09,Sun,New York Giants,Detroit Lions,20,13,Regular Season,1941
1941-11-09,Sun,Brooklyn Dodgers,Washington Redskins,13,7,Regular Season,1941
1941-11-09,Sun,Pittsburgh Steelers,Philadelphia Eagles,7,7,Regular Season,1941
1941-11-16,Sun,Green Bay Packers,Chicago Cardinals,17,9,Regular Season,1941
1941-11-16,Sun,Chicago Bears,Washington Redskins,35,21,Regular Season,1941
1941-11-16,Sun,Detroit Lions,Philadelphia Eagles,21,17,Regular Season,1941
1941-11-16,Sun,Pittsburgh Steelers,Brooklyn Dodgers,14,7,Regular Season,1941
1941-11-16,Sun,New York Giants,Cleveland Rams,49,14,Regular Season,1941
1941-11-23,Sun,Chicago Bears,Detroit Lions,24,7,Regular Season,1941
1941-11-23,Sun,Chicago Cardinals,Cleveland Rams,7,0,Regular Season,1941
1941-11-23,Sun,New York Giants,Washington Redskins,20,13,Regular Season,1941
1941-11-23,Sun,Green Bay Packers,Pittsburgh Steelers,54,7,Regular Season,1941
1941-11-30,Sun,Chicago Bears,Philadelphia Eagles,49,14,Regular Season,1941
1941-11-30,Sun,Brooklyn Dodgers,Pittsburgh Steelers,35,7,Regular Season,1941
1941-11-30,Sun,Detroit Lions,Chicago Cardinals,21,3,Regular Season,1941
1941-11-30,Sun,Green Bay Packers,Washington Redskins,22,17,Regular Season,1941
1941-12-07,Sun,Brooklyn Dodgers,New York Giants,21,7,Regular Season,1941
1941-12-07,Sun,Washington Redskins,Philadelphia Eagles,20,14,Regular Season,1941
1941-12-07,Sun,Chicago Bears,Chicago Cardinals,34,24,Regular Season,1941
Playoffs,,,,,,Playoff,1941
1941-12-14,Sun,Chicago Bears,Green Bay Packers,33,14,Playoff,1941
1941-12-21,Sun,Chicago Bears,New York Giants,37,9,Playoff,1941
