Date,DOW,WT,LT,WTS,LTS,Type,Season
1942-09-13,Sun,Chicago Cardinals,Cleveland Rams,7,0,Regular Season,1942
1942-09-13,Sun,Philadelphia Eagles,Pittsburgh Steelers,24,14,Regular Season,1942
1942-09-20,Sun,Chicago Cardinals,Detroit Lions,13,0,Regular Season,1942
1942-09-20,Sun,Washington Redskins,Pittsburgh Steelers,28,14,Regular Season,1942
1942-09-20,Sun,Cleveland Rams,Philadelphia Eagles,24,14,Regular Season,1942
1942-09-27,Sun,Brooklyn Dodgers,Philadelphia Eagles,35,14,Regular Season,1942
1942-09-27,Sun,Chicago Bears,Green Bay Packers,44,28,Regular Season,1942
1942-09-27,Sun,New York Giants,Washington Redskins,14,7,Regular Season,1942
1942-09-27,Sun,Cleveland Rams,Detroit Lions,14,0,Regular Season,1942
1942-10-04,Sun,Pittsburgh Steelers,New York Giants,13,10,Regular Season,1942
1942-10-04,Sun,Chicago Bears,Cleveland Rams,21,7,Regular Season,1942
1942-10-04,Sun,Brooklyn Dodgers,Detroit Lions,28,7,Regular Season,1942
1942-10-04,Sun,Green Bay Packers,Chicago Cardinals,17,13,Regular Season,1942
1942-10-04,Sun,Washington Redskins,Philadelphia Eagles,14,10,Regular Season,1942
1942-10-11,Sun,New York Giants,Philadelphia Eagles,35,17,Regular Season,1942
1942-10-11,Sun,Chicago Bears,Chicago Cardinals,41,14,Regular Season,1942
1942-10-11,Sun,Pittsburgh Steelers,Brooklyn Dodgers,7,0,Regular Season,1942
1942-10-11,Sun,Green Bay Packers,Detroit Lions,38,7,Regular Season,1942
1942-10-11,Sun,Washington Redskins,Cleveland Rams,33,14,Regular Season,1942
1942-10-18,Sun,Green Bay Packers,Cleveland Rams,45,28,Regular Season,1942
1942-10-18,Sun,Washington Redskins,Brooklyn Dodgers,21,10,Regular Season,1942
1942-10-18,Sun,Chicago Bears,New York Giants,26,7,Regular Season,1942
1942-10-18,Sun,Chicago Cardinals,Detroit Lions,7,0,Regular Season,1942
1942-10-18,Sun,Pittsburgh Steelers,Philadelphia Eagles,14,0,Regular Season,1942
1942-10-25,Sun,Chicago Bears,Philadelphia Eagles,45,14,Regular Season,1942
1942-10-25,Sun,Brooklyn Dodgers,New York Giants,17,7,Regular Season,1942
1942-10-25,Sun,Cleveland Rams,Chicago Cardinals,7,3,Regular Season,1942
1942-10-25,Sun,Green Bay Packers,Detroit Lions,28,7,Regular Season,1942
1942-10-25,Sun,Washington Redskins,Pittsburgh Steelers,14,0,Regular Season,1942
1942-11-01,Sun,Pittsburgh Steelers,New York Giants,17,9,Regular Season,1942
1942-11-01,Sun,Cleveland Rams,Brooklyn Dodgers,17,0,Regular Season,1942
1942-11-01,Sun,Chicago Bears,Detroit Lions,16,0,Regular Season,1942
1942-11-01,Sun,Green Bay Packers,Chicago Cardinals,55,24,Regular Season,1942
1942-11-01,Sun,Washington Redskins,Philadelphia Eagles,30,27,Regular Season,1942
1942-11-08,Sun,Green Bay Packers,Cleveland Rams,30,12,Regular Season,1942
1942-11-08,Sun,Chicago Bears,Brooklyn Dodgers,35,0,Regular Season,1942
1942-11-08,Sun,New York Giants,Philadelphia Eagles,14,0,Regular Season,1942
1942-11-08,Sun,Washington Redskins,Chicago Cardinals,28,0,Regular Season,1942
1942-11-08,Sun,Pittsburgh Steelers,Detroit Lions,35,7,Regular Season,1942
1942-11-15,Sun,Chicago Bears,Green Bay Packers,38,7,Regular Season,1942
1942-11-15,Sun,Philadelphia Eagles,Brooklyn Dodgers,14,7,Regular Season,1942
1942-11-15,Sun,Washington Redskins,New York Giants,14,7,Regular Season,1942
1942-11-15,Sun,Cleveland Rams,Detroit Lions,27,7,Regular Season,1942
1942-11-22,Sun,New York Giants,Green Bay Packers,21,21,Regular Season,1942
1942-11-22,Sun,Washington Redskins,Brooklyn Dodgers,23,3,Regular Season,1942
1942-11-22,Sun,Chicago Bears,Detroit Lions,42,0,Regular Season,1942
1942-11-22,Sun,Pittsburgh Steelers,Chicago Cardinals,19,3,Regular Season,1942
1942-11-29,Sun,Pittsburgh Steelers,Brooklyn Dodgers,13,0,Regular Season,1942
1942-11-29,Sun,Green Bay Packers,Philadelphia Eagles,7,0,Regular Season,1942
1942-11-29,Sun,Chicago Bears,Cleveland Rams,47,0,Regular Season,1942
1942-11-29,Sun,New York Giants,Chicago Cardinals,21,7,Regular Season,1942
1942-11-29,Sun,Washington Redskins,Detroit Lions,15,3,Regular Season,1942
1942-12-06,Sun,New York Giants,Brooklyn Dodgers,10,0,Regular Season,1942
1942-12-06,Sun,Green Bay Packers,Pittsburgh Steelers,24,21,Regular Season,1942
1942-12-06,Sun,Chicago Bears,Chicago Cardinals,21,7,Regular Season,1942
Playoffs,,,,,,Playoff,1942
1942-12-13,Sun,Washington Redskins,Chicago Bears,14,6,Playoff,1942
