Date,DOW,WT,LT,WTS,LTS,Type,Season
1943-09-19,Sun,Detroit Lions,Chicago Cardinals,35,17,Regular Season,1943
1943-09-26,Sun,Detroit Lions,Brooklyn Dodgers,27,0,Regular Season,1943
1943-09-26,Sun,Green Bay Packers,Chicago Bears,21,21,Regular Season,1943
1943-10-02,Sat,Phi/Pit Eagles/Steelers,Brooklyn Dodgers,17,0,Regular Season,1943
1943-10-03,Sun,Green Bay Packers,Chicago Cardinals,28,7,Regular Season,1943
1943-10-03,Sun,Chicago Bears,Detroit Lions,27,21,Regular Season,1943
1943-10-09,Sat,Phi/Pit Eagles/Steelers,New York Giants,28,14,Regular Season,1943
1943-10-10,Sun,Washington Redskins,Brooklyn Dodgers,27,0,Regular Season,1943
1943-10-10,Sun,Chicago Bears,Chicago Cardinals,20,0,Regular Season,1943
1943-10-10,Sun,Green Bay Packers,Detroit Lions,35,14,Regular Season,1943
1943-10-17,Sun,Chicago Bears,Phi/Pit Eagles/Steelers,48,21,Regular Season,1943
1943-10-17,Sun,Detroit Lions,Chicago Cardinals,7,0,Regular Season,1943
1943-10-17,Sun,New York Giants,Brooklyn Dodgers,20,0,Regular Season,1943
1943-10-17,Sun,Washington Redskins,Green Bay Packers,33,7,Regular Season,1943
1943-10-24,Sun,New York Giants,Phi/Pit Eagles/Steelers,42,14,Regular Season,1943
1943-10-24,Sun,Chicago Bears,Brooklyn Dodgers,33,21,Regular Season,1943
1943-10-24,Sun,Washington Redskins,Chicago Cardinals,13,7,Regular Season,1943
1943-10-24,Sun,Green Bay Packers,Detroit Lions,27,6,Regular Season,1943
1943-10-31,Sun,Green Bay Packers,New York Giants,35,21,Regular Season,1943
1943-10-31,Sun,Chicago Bears,Detroit Lions,35,14,Regular Season,1943
1943-10-31,Sun,Washington Redskins,Brooklyn Dodgers,48,10,Regular Season,1943
1943-10-31,Sun,Phi/Pit Eagles/Steelers,Chicago Cardinals,34,13,Regular Season,1943
1943-11-07,Sun,Washington Redskins,Phi/Pit Eagles/Steelers,14,14,Regular Season,1943
1943-11-07,Sun,Chicago Bears,Green Bay Packers,21,7,Regular Season,1943
1943-11-07,Sun,Brooklyn Dodgers,Chicago Cardinals,7,0,Regular Season,1943
1943-11-07,Sun,New York Giants,Detroit Lions,0,0,Regular Season,1943
1943-11-14,Sun,Brooklyn Dodgers,Phi/Pit Eagles/Steelers,13,7,Regular Season,1943
1943-11-14,Sun,Green Bay Packers,Chicago Cardinals,35,14,Regular Season,1943
1943-11-14,Sun,Chicago Bears,New York Giants,56,7,Regular Season,1943
1943-11-14,Sun,Washington Redskins,Detroit Lions,42,20,Regular Season,1943
1943-11-21,Sun,New York Giants,Chicago Cardinals,24,13,Regular Season,1943
1943-11-21,Sun,Washington Redskins,Chicago Bears,21,7,Regular Season,1943
1943-11-21,Sun,Green Bay Packers,Brooklyn Dodgers,31,7,Regular Season,1943
1943-11-21,Sun,Phi/Pit Eagles/Steelers,Detroit Lions,35,34,Regular Season,1943
1943-11-28,Sun,Phi/Pit Eagles/Steelers,Washington Redskins,27,14,Regular Season,1943
1943-11-28,Sun,Chicago Bears,Chicago Cardinals,35,24,Regular Season,1943
1943-11-28,Sun,New York Giants,Brooklyn Dodgers,24,7,Regular Season,1943
1943-12-05,Sun,New York Giants,Washington Redskins,14,10,Regular Season,1943
1943-12-05,Sun,Green Bay Packers,Phi/Pit Eagles/Steelers,38,28,Regular Season,1943
1943-12-12,Sun,New York Giants,Washington Redskins,31,7,Regular Season,1943
Playoffs,,,,,,Playoff,1943
1943-12-19,Sun,Washington Redskins,New York Giants,28,0,Playoff,1943
1943-12-26,Sun,Chicago Bears,Washington Redskins,41,21,Playoff,1943
