Date,DOW,WT,LT,WTS,LTS,Type,Season
1944-09-17,Sun,Green Bay Packers,Brooklyn Tigers,14,7,Regular Season,1944
1944-09-24,Sun,Cleveland Rams,Chi/Pit Cards/Steelers,30,28,Regular Season,1944
1944-09-24,Sun,Green Bay Packers,Chicago Bears,42,28,Regular Season,1944
1944-09-26,Tue,Philadelphia Eagles,Boston Yanks,28,7,Regular Season,1944
1944-10-01,Sun,Green Bay Packers,Detroit Lions,27,6,Regular Season,1944
1944-10-08,Sun,Detroit Lions,Brooklyn Tigers,19,14,Regular Season,1944
1944-10-08,Sun,Green Bay Packers,Chi/Pit Cards/Steelers,34,7,Regular Season,1944
1944-10-08,Sun,Cleveland Rams,Chicago Bears,19,7,Regular Season,1944
1944-10-08,Sun,New York Giants,Boston Yanks,22,10,Regular Season,1944
1944-10-08,Sun,Washington Redskins,Philadelphia Eagles,31,31,Regular Season,1944
1944-10-15,Sun,Washington Redskins,Boston Yanks,21,14,Regular Season,1944
1944-10-15,Sun,Cleveland Rams,Detroit Lions,20,17,Regular Season,1944
1944-10-15,Sun,New York Giants,Brooklyn Tigers,14,7,Regular Season,1944
1944-10-15,Sun,Chicago Bears,Chi/Pit Cards/Steelers,34,7,Regular Season,1944
1944-10-22,Sun,Philadelphia Eagles,Boston Yanks,38,0,Regular Season,1944
1944-10-22,Sun,New York Giants,Chi/Pit Cards/Steelers,23,0,Regular Season,1944
1944-10-22,Sun,Washington Redskins,Brooklyn Tigers,17,14,Regular Season,1944
1944-10-22,Sun,Detroit Lions,Chicago Bears,21,21,Regular Season,1944
1944-10-22,Sun,Green Bay Packers,Cleveland Rams,30,21,Regular Season,1944
1944-10-29,Sun,Philadelphia Eagles,New York Giants,24,17,Regular Season,1944
1944-10-29,Sun,Washington Redskins,Chi/Pit Cards/Steelers,42,20,Regular Season,1944
1944-10-29,Sun,Chicago Bears,Cleveland Rams,28,21,Regular Season,1944
1944-10-29,Sun,Boston Yanks,Brooklyn Tigers,17,14,Regular Season,1944
1944-10-29,Sun,Green Bay Packers,Detroit Lions,14,0,Regular Season,1944
1944-11-05,Sun,Detroit Lions,Chi/Pit Cards/Steelers,27,6,Regular Season,1944
1944-11-05,Sun,Washington Redskins,Cleveland Rams,14,10,Regular Season,1944
1944-11-05,Sun,Philadelphia Eagles,Brooklyn Tigers,21,7,Regular Season,1944
1944-11-05,Sun,Chicago Bears,Green Bay Packers,21,0,Regular Season,1944
1944-11-05,Sun,New York Giants,Boston Yanks,31,0,Regular Season,1944
1944-11-12,Sun,Philadelphia Eagles,New York Giants,21,21,Regular Season,1944
1944-11-12,Sun,Washington Redskins,Brooklyn Tigers,10,0,Regular Season,1944
1944-11-12,Sun,Detroit Lions,Chi/Pit Cards/Steelers,21,7,Regular Season,1944
1944-11-12,Sun,Chicago Bears,Boston Yanks,21,7,Regular Season,1944
1944-11-12,Sun,Green Bay Packers,Cleveland Rams,42,7,Regular Season,1944
1944-11-19,Sun,Philadelphia Eagles,Washington Redskins,37,7,Regular Season,1944
1944-11-19,Sun,Detroit Lions,Chicago Bears,41,21,Regular Season,1944
1944-11-19,Sun,Cleveland Rams,Chi/Pit Cards/Steelers,33,6,Regular Season,1944
1944-11-19,Sun,Boston Yanks,Brooklyn Tigers,13,6,Regular Season,1944
1944-11-19,Sun,New York Giants,Green Bay Packers,24,0,Regular Season,1944
1944-11-26,Sun,Detroit Lions,Cleveland Rams,26,14,Regular Season,1944
1944-11-26,Sun,New York Giants,Brooklyn Tigers,7,0,Regular Season,1944
1944-11-26,Sun,Green Bay Packers,Chi/Pit Cards/Steelers,35,20,Regular Season,1944
1944-11-26,Sun,Washington Redskins,Boston Yanks,14,7,Regular Season,1944
1944-11-26,Sun,Chicago Bears,Philadelphia Eagles,28,7,Regular Season,1944
1944-12-03,Sun,New York Giants,Washington Redskins,16,13,Regular Season,1944
1944-12-03,Sun,Chicago Bears,Chi/Pit Cards/Steelers,49,7,Regular Season,1944
1944-12-03,Sun,Philadelphia Eagles,Brooklyn Tigers,34,0,Regular Season,1944
1944-12-03,Sun,Detroit Lions,Boston Yanks,38,7,Regular Season,1944
1944-12-10,Sun,New York Giants,Washington Redskins,31,0,Regular Season,1944
1944-12-10,Sun,Philadelphia Eagles,Cleveland Rams,26,13,Regular Season,1944
Playoffs,,,,,,Playoff,1944
1944-12-17,Sun,Green Bay Packers,New York Giants,14,7,Playoff,1944
