Date,DOW,WT,LT,WTS,LTS,Type,Season
1945-09-23,Sun,Detroit Lions,Chicago Cardinals,10,0,Regular Season,1945
1945-09-25,Tue,Bos/Bkn Yanks/Tigers,Pittsburgh Steelers,28,7,Regular Season,1945
1945-09-30,Sun,Green Bay Packers,Chicago Bears,31,21,Regular Season,1945
1945-09-30,Sun,Cleveland Rams,Chicago Cardinals,21,0,Regular Season,1945
1945-10-07,Sun,New York Giants,Pittsburgh Steelers,34,6,Regular Season,1945
1945-10-07,Sun,Bos/Bkn Yanks/Tigers,Washington Redskins,28,20,Regular Season,1945
1945-10-07,Sun,Green Bay Packers,Detroit Lions,57,21,Regular Season,1945
1945-10-07,Sun,Cleveland Rams,Chicago Bears,17,0,Regular Season,1945
1945-10-07,Sun,Philadelphia Eagles,Chicago Cardinals,21,6,Regular Season,1945
1945-10-14,Sun,Detroit Lions,Philadelphia Eagles,28,24,Regular Season,1945
1945-10-14,Sun,Cleveland Rams,Green Bay Packers,27,14,Regular Season,1945
1945-10-14,Sun,Washington Redskins,Pittsburgh Steelers,14,0,Regular Season,1945
1945-10-14,Sun,Chicago Cardinals,Chicago Bears,16,7,Regular Season,1945
1945-10-14,Sun,New York Giants,Bos/Bkn Yanks/Tigers,13,13,Regular Season,1945
1945-10-21,Sun,Washington Redskins,Philadelphia Eagles,24,14,Regular Season,1945
1945-10-21,Sun,Pittsburgh Steelers,New York Giants,21,7,Regular Season,1945
1945-10-21,Sun,Green Bay Packers,Bos/Bkn Yanks/Tigers,38,14,Regular Season,1945
1945-10-21,Sun,Cleveland Rams,Chicago Bears,41,21,Regular Season,1945
1945-10-21,Sun,Detroit Lions,Chicago Cardinals,26,0,Regular Season,1945
1945-10-28,Sun,Washington Redskins,New York Giants,24,14,Regular Season,1945
1945-10-28,Sun,Philadelphia Eagles,Cleveland Rams,28,14,Regular Season,1945
1945-10-28,Sun,Bos/Bkn Yanks/Tigers,Pittsburgh Steelers,10,6,Regular Season,1945
1945-10-28,Sun,Detroit Lions,Chicago Bears,16,10,Regular Season,1945
1945-10-28,Sun,Green Bay Packers,Chicago Cardinals,33,14,Regular Season,1945
1945-11-04,Sun,Cleveland Rams,New York Giants,21,17,Regular Season,1945
1945-11-04,Sun,Philadelphia Eagles,Pittsburgh Steelers,45,3,Regular Season,1945
1945-11-04,Sun,Chicago Bears,Green Bay Packers,28,24,Regular Season,1945
1945-11-04,Sun,Detroit Lions,Bos/Bkn Yanks/Tigers,10,9,Regular Season,1945
1945-11-04,Sun,Washington Redskins,Chicago Cardinals,24,21,Regular Season,1945
1945-11-11,Sun,Philadelphia Eagles,New York Giants,38,17,Regular Season,1945
1945-11-11,Sun,Washington Redskins,Bos/Bkn Yanks/Tigers,34,7,Regular Season,1945
1945-11-11,Sun,Cleveland Rams,Green Bay Packers,20,7,Regular Season,1945
1945-11-11,Sun,Detroit Lions,Chicago Bears,35,28,Regular Season,1945
1945-11-11,Sun,Pittsburgh Steelers,Chicago Cardinals,23,0,Regular Season,1945
1945-11-18,Sun,Philadelphia Eagles,Pittsburgh Steelers,30,6,Regular Season,1945
1945-11-18,Sun,New York Giants,Detroit Lions,35,14,Regular Season,1945
1945-11-18,Sun,Green Bay Packers,Bos/Bkn Yanks/Tigers,28,0,Regular Season,1945
1945-11-18,Sun,Washington Redskins,Chicago Bears,28,21,Regular Season,1945
1945-11-18,Sun,Cleveland Rams,Chicago Cardinals,35,21,Regular Season,1945
1945-11-22,Thu,Cleveland Rams,Detroit Lions,28,21,Regular Season,1945
1945-11-25,Sun,Philadelphia Eagles,Washington Redskins,16,0,Regular Season,1945
1945-11-25,Sun,Chicago Bears,Pittsburgh Steelers,28,7,Regular Season,1945
1945-11-25,Sun,Green Bay Packers,New York Giants,23,14,Regular Season,1945
1945-12-02,Sun,New York Giants,Philadelphia Eagles,28,21,Regular Season,1945
1945-12-02,Sun,Cleveland Rams,Bos/Bkn Yanks/Tigers,20,7,Regular Season,1945
1945-12-02,Sun,Chicago Bears,Chicago Cardinals,28,20,Regular Season,1945
1945-12-02,Sun,Detroit Lions,Green Bay Packers,14,3,Regular Season,1945
1945-12-02,Sun,Washington Redskins,Pittsburgh Steelers,24,0,Regular Season,1945
1945-12-09,Sun,Washington Redskins,New York Giants,17,0,Regular Season,1945
1945-12-09,Sun,Philadelphia Eagles,Bos/Bkn Yanks/Tigers,35,7,Regular Season,1945
Playoffs,,,,,,Playoff,1945
1945-12-16,Sun,Cleveland Rams,Washington Redskins,15,14,Playoff,1945
