Date,DOW,WT,LT,WTS,LTS,Type,Season
1946-09-20,Fri,Pittsburgh Steelers,Chicago Cardinals,14,7,Regular Season,1946
1946-09-29,Sun,Philadelphia Eagles,Los Angeles Rams,25,14,Regular Season,1946
1946-09-29,Sun,Chicago Bears,Green Bay Packers,30,7,Regular Season,1946
1946-09-29,Sun,Washington Redskins,Pittsburgh Steelers,14,14,Regular Season,1946
1946-09-30,Mon,Chicago Cardinals,Detroit Lions,34,14,Regular Season,1946
1946-10-01,Tue,New York Giants,Boston Yanks,17,0,Regular Season,1946
1946-10-06,Sun,Philadelphia Eagles,Boston Yanks,49,25,Regular Season,1946
1946-10-06,Sun,Washington Redskins,Detroit Lions,17,16,Regular Season,1946
1946-10-06,Sun,Los Angeles Rams,Green Bay Packers,21,17,Regular Season,1946
1946-10-06,Sun,New York Giants,Pittsburgh Steelers,17,14,Regular Season,1946
1946-10-06,Sun,Chicago Bears,Chicago Cardinals,34,17,Regular Season,1946
1946-10-13,Sun,Los Angeles Rams,Chicago Bears,28,28,Regular Season,1946
1946-10-13,Sun,Washington Redskins,New York Giants,24,14,Regular Season,1946
1946-10-13,Sun,Green Bay Packers,Philadelphia Eagles,19,7,Regular Season,1946
1946-10-13,Sun,Pittsburgh Steelers,Boston Yanks,16,7,Regular Season,1946
1946-10-13,Sun,Chicago Cardinals,Detroit Lions,36,14,Regular Season,1946
1946-10-20,Sun,Los Angeles Rams,Detroit Lions,35,14,Regular Season,1946
1946-10-20,Sun,Chicago Bears,Philadelphia Eagles,21,14,Regular Season,1946
1946-10-20,Sun,Green Bay Packers,Pittsburgh Steelers,17,7,Regular Season,1946
1946-10-20,Sun,Washington Redskins,Boston Yanks,14,6,Regular Season,1946
1946-10-20,Sun,New York Giants,Chicago Cardinals,28,24,Regular Season,1946
1946-10-27,Sun,Philadelphia Eagles,Washington Redskins,28,24,Regular Season,1946
1946-10-27,Sun,Green Bay Packers,Detroit Lions,10,7,Regular Season,1946
1946-10-27,Sun,Pittsburgh Steelers,Boston Yanks,33,7,Regular Season,1946
1946-10-27,Sun,New York Giants,Chicago Bears,14,0,Regular Season,1946
1946-10-27,Sun,Chicago Cardinals,Los Angeles Rams,34,10,Regular Season,1946
1946-11-03,Sun,Los Angeles Rams,Detroit Lions,41,20,Regular Season,1946
1946-11-03,Sun,Chicago Cardinals,Boston Yanks,28,14,Regular Season,1946
1946-11-03,Sun,Chicago Bears,Green Bay Packers,10,7,Regular Season,1946
1946-11-03,Sun,Philadelphia Eagles,New York Giants,24,14,Regular Season,1946
1946-11-03,Sun,Pittsburgh Steelers,Washington Redskins,14,7,Regular Season,1946
1946-11-10,Sun,Chicago Bears,Los Angeles Rams,27,21,Regular Season,1946
1946-11-10,Sun,Washington Redskins,Boston Yanks,17,14,Regular Season,1946
1946-11-10,Sun,New York Giants,Philadelphia Eagles,45,17,Regular Season,1946
1946-11-10,Sun,Detroit Lions,Pittsburgh Steelers,17,7,Regular Season,1946
1946-11-10,Sun,Green Bay Packers,Chicago Cardinals,19,7,Regular Season,1946
1946-11-17,Sun,Green Bay Packers,Detroit Lions,9,0,Regular Season,1946
1946-11-17,Sun,New York Giants,Boston Yanks,28,28,Regular Season,1946
1946-11-17,Sun,Pittsburgh Steelers,Philadelphia Eagles,10,7,Regular Season,1946
1946-11-17,Sun,Chicago Bears,Washington Redskins,24,20,Regular Season,1946
1946-11-17,Sun,Los Angeles Rams,Chicago Cardinals,17,14,Regular Season,1946
1946-11-24,Sun,Chicago Bears,Detroit Lions,42,6,Regular Season,1946
1946-11-24,Sun,New York Giants,Pittsburgh Steelers,7,0,Regular Season,1946
1946-11-24,Sun,Boston Yanks,Los Angeles Rams,40,21,Regular Season,1946
1946-11-24,Sun,Washington Redskins,Philadelphia Eagles,27,10,Regular Season,1946
1946-11-24,Sun,Chicago Cardinals,Green Bay Packers,24,6,Regular Season,1946
1946-11-28,Thu,Boston Yanks,Detroit Lions,34,10,Regular Season,1946
1946-12-01,Sun,Green Bay Packers,Washington Redskins,20,7,Regular Season,1946
1946-12-01,Sun,Chicago Cardinals,Chicago Bears,35,28,Regular Season,1946
1946-12-01,Sun,Los Angeles Rams,New York Giants,31,21,Regular Season,1946
1946-12-01,Sun,Philadelphia Eagles,Pittsburgh Steelers,10,7,Regular Season,1946
1946-12-08,Sun,Los Angeles Rams,Green Bay Packers,38,17,Regular Season,1946
1946-12-08,Sun,Philadelphia Eagles,Boston Yanks,40,14,Regular Season,1946
1946-12-08,Sun,New York Giants,Washington Redskins,31,0,Regular Season,1946
1946-12-08,Sun,Chicago Bears,Detroit Lions,45,24,Regular Season,1946
Playoffs,,,,,,Playoff,1946
1946-12-15,Sun,Chicago Bears,New York Giants,24,14,Playoff,1946
