Date,DOW,WT,LT,WTS,LTS,Type,Season
1947-09-21,Sun,Pittsburgh Steelers,Detroit Lions,17,10,Regular Season,1947
1947-09-28,Sun,Philadelphia Eagles,Washington Redskins,45,42,Regular Season,1947
1947-09-28,Sun,Chicago Cardinals,Detroit Lions,45,21,Regular Season,1947
1947-09-28,Sun,Green Bay Packers,Chicago Bears,29,20,Regular Season,1947
1947-09-29,Mon,New York Giants,Boston Yanks,7,7,Regular Season,1947
1947-09-29,Mon,Los Angeles Rams,Pittsburgh Steelers,48,7,Regular Season,1947
1947-10-05,Sun,Green Bay Packers,Los Angeles Rams,17,14,Regular Season,1947
1947-10-05,Sun,Philadelphia Eagles,New York Giants,23,0,Regular Season,1947
1947-10-05,Sun,Chicago Cardinals,Chicago Bears,31,7,Regular Season,1947
1947-10-05,Sun,Detroit Lions,Boston Yanks,21,7,Regular Season,1947
1947-10-05,Sun,Washington Redskins,Pittsburgh Steelers,27,26,Regular Season,1947
1947-10-12,Sun,Chicago Bears,Philadelphia Eagles,40,7,Regular Season,1947
1947-10-12,Sun,Chicago Cardinals,Green Bay Packers,14,10,Regular Season,1947
1947-10-12,Sun,Pittsburgh Steelers,Boston Yanks,30,14,Regular Season,1947
1947-10-12,Sun,Washington Redskins,New York Giants,28,20,Regular Season,1947
1947-10-12,Sun,Los Angeles Rams,Detroit Lions,27,13,Regular Season,1947
1947-10-19,Sun,Green Bay Packers,Washington Redskins,27,10,Regular Season,1947
1947-10-19,Sun,Pittsburgh Steelers,Philadelphia Eagles,35,24,Regular Season,1947
1947-10-19,Sun,Los Angeles Rams,Chicago Cardinals,27,7,Regular Season,1947
1947-10-19,Sun,Boston Yanks,New York Giants,14,0,Regular Season,1947
1947-10-19,Sun,Chicago Bears,Detroit Lions,33,24,Regular Season,1947
1947-10-26,Sun,Pittsburgh Steelers,New York Giants,38,21,Regular Season,1947
1947-10-26,Sun,Chicago Bears,Washington Redskins,56,20,Regular Season,1947
1947-10-26,Sun,Philadelphia Eagles,Los Angeles Rams,14,7,Regular Season,1947
1947-10-26,Sun,Chicago Cardinals,Boston Yanks,27,7,Regular Season,1947
1947-10-26,Sun,Green Bay Packers,Detroit Lions,34,17,Regular Season,1947
1947-11-02,Sun,Chicago Cardinals,Los Angeles Rams,17,10,Regular Season,1947
1947-11-02,Sun,Philadelphia Eagles,Washington Redskins,38,14,Regular Season,1947
1947-11-02,Sun,Pittsburgh Steelers,Green Bay Packers,18,17,Regular Season,1947
1947-11-02,Sun,Chicago Bears,Boston Yanks,28,24,Regular Season,1947
1947-11-02,Sun,Detroit Lions,New York Giants,35,7,Regular Season,1947
1947-11-09,Sun,Chicago Cardinals,Detroit Lions,17,7,Regular Season,1947
1947-11-09,Sun,Boston Yanks,Los Angeles Rams,27,16,Regular Season,1947
1947-11-09,Sun,Chicago Bears,Green Bay Packers,20,17,Regular Season,1947
1947-11-09,Sun,Philadelphia Eagles,New York Giants,41,24,Regular Season,1947
1947-11-09,Sun,Pittsburgh Steelers,Washington Redskins,21,14,Regular Season,1947
1947-11-16,Sun,Philadelphia Eagles,Boston Yanks,32,0,Regular Season,1947
1947-11-16,Sun,Chicago Bears,Los Angeles Rams,41,21,Regular Season,1947
1947-11-16,Sun,Pittsburgh Steelers,New York Giants,24,7,Regular Season,1947
1947-11-16,Sun,Chicago Cardinals,Green Bay Packers,21,20,Regular Season,1947
1947-11-16,Sun,Detroit Lions,Washington Redskins,38,21,Regular Season,1947
1947-11-23,Sun,Washington Redskins,Chicago Cardinals,45,21,Regular Season,1947
1947-11-23,Sun,New York Giants,Green Bay Packers,24,24,Regular Season,1947
1947-11-23,Sun,Boston Yanks,Philadelphia Eagles,21,14,Regular Season,1947
1947-11-23,Sun,Chicago Bears,Pittsburgh Steelers,49,7,Regular Season,1947
1947-11-23,Sun,Los Angeles Rams,Detroit Lions,28,17,Regular Season,1947
1947-11-27,Thu,Chicago Bears,Detroit Lions,34,14,Regular Season,1947
1947-11-30,Sun,Green Bay Packers,Los Angeles Rams,30,10,Regular Season,1947
1947-11-30,Sun,Boston Yanks,Washington Redskins,27,24,Regular Season,1947
1947-11-30,Sun,Philadelphia Eagles,Pittsburgh Steelers,21,0,Regular Season,1947
1947-11-30,Sun,New York Giants,Chicago Cardinals,35,31,Regular Season,1947
1947-12-07,Sun,New York Giants,Washington Redskins,35,10,Regular Season,1947
1947-12-07,Sun,Pittsburgh Steelers,Boston Yanks,17,7,Regular Season,1947
1947-12-07,Sun,Los Angeles Rams,Chicago Bears,17,14,Regular Season,1947
1947-12-07,Sun,Chicago Cardinals,Philadelphia Eagles,45,21,Regular Season,1947
1947-12-07,Sun,Green Bay Packers,Detroit Lions,35,14,Regular Season,1947
1947-12-14,Sun,Los Angeles Rams,New York Giants,34,10,Regular Season,1947
1947-12-14,Sun,Washington Redskins,Boston Yanks,40,13,Regular Season,1947
1947-12-14,Sun,Chicago Cardinals,Chicago Bears,30,21,Regular Season,1947
1947-12-14,Sun,Philadelphia Eagles,Green Bay Packers,28,14,Regular Season,1947
Playoffs,,,,,,Playoff,1947
1947-12-21,Sun,Philadelphia Eagles,Pittsburgh Steelers,21,0,Playoff,1947
1947-12-28,Sun,Chicago Cardinals,Philadelphia Eagles,28,21,Playoff,1947
