Date,DOW,WT,LT,WTS,LTS,Type,Season
1948-09-17,Fri,Green Bay Packers,Boston Yanks,31,0,Regular Season,1948
1948-09-22,Wed,Los Angeles Rams,Detroit Lions,44,7,Regular Season,1948
1948-09-23,Thu,New York Giants,Boston Yanks,27,7,Regular Season,1948
1948-09-24,Fri,Chicago Cardinals,Philadelphia Eagles,21,14,Regular Season,1948
1948-09-26,Sun,Washington Redskins,Pittsburgh Steelers,17,14,Regular Season,1948
1948-09-26,Sun,Chicago Bears,Green Bay Packers,45,7,Regular Season,1948
1948-10-03,Sun,Washington Redskins,New York Giants,41,10,Regular Season,1948
1948-10-03,Sun,Green Bay Packers,Detroit Lions,33,21,Regular Season,1948
1948-10-03,Sun,Los Angeles Rams,Philadelphia Eagles,28,28,Regular Season,1948
1948-10-03,Sun,Pittsburgh Steelers,Boston Yanks,24,14,Regular Season,1948
1948-10-04,Mon,Chicago Bears,Chicago Cardinals,28,17,Regular Season,1948
1948-10-09,Sat,Boston Yanks,Detroit Lions,17,14,Regular Season,1948
1948-10-10,Sun,Philadelphia Eagles,New York Giants,45,0,Regular Season,1948
1948-10-10,Sun,Pittsburgh Steelers,Washington Redskins,10,7,Regular Season,1948
1948-10-10,Sun,Chicago Bears,Los Angeles Rams,42,21,Regular Season,1948
1948-10-10,Sun,Chicago Cardinals,Green Bay Packers,17,7,Regular Season,1948
1948-10-17,Sun,Chicago Cardinals,New York Giants,63,35,Regular Season,1948
1948-10-17,Sun,Philadelphia Eagles,Washington Redskins,45,0,Regular Season,1948
1948-10-17,Sun,Chicago Bears,Detroit Lions,28,0,Regular Season,1948
1948-10-17,Sun,Green Bay Packers,Los Angeles Rams,16,0,Regular Season,1948
1948-10-17,Sun,Boston Yanks,Pittsburgh Steelers,13,7,Regular Season,1948
1948-10-24,Sun,Los Angeles Rams,Detroit Lions,34,27,Regular Season,1948
1948-10-24,Sun,New York Giants,Pittsburgh Steelers,34,27,Regular Season,1948
1948-10-24,Sun,Philadelphia Eagles,Chicago Bears,12,7,Regular Season,1948
1948-10-24,Sun,Chicago Cardinals,Boston Yanks,49,27,Regular Season,1948
1948-10-24,Sun,Washington Redskins,Green Bay Packers,23,7,Regular Season,1948
1948-10-31,Sun,Detroit Lions,Green Bay Packers,24,20,Regular Season,1948
1948-10-31,Sun,Chicago Cardinals,Los Angeles Rams,27,22,Regular Season,1948
1948-10-31,Sun,Chicago Bears,New York Giants,35,14,Regular Season,1948
1948-10-31,Sun,Philadelphia Eagles,Pittsburgh Steelers,34,7,Regular Season,1948
1948-10-31,Sun,Washington Redskins,Boston Yanks,59,21,Regular Season,1948
1948-11-07,Sun,Chicago Cardinals,Detroit Lions,56,20,Regular Season,1948
1948-11-07,Sun,Chicago Bears,Los Angeles Rams,21,6,Regular Season,1948
1948-11-07,Sun,Philadelphia Eagles,New York Giants,35,14,Regular Season,1948
1948-11-07,Sun,Pittsburgh Steelers,Green Bay Packers,38,7,Regular Season,1948
1948-11-07,Sun,Washington Redskins,Boston Yanks,23,7,Regular Season,1948
1948-11-14,Sun,Los Angeles Rams,New York Giants,52,37,Regular Season,1948
1948-11-14,Sun,Washington Redskins,Detroit Lions,46,21,Regular Season,1948
1948-11-14,Sun,Chicago Cardinals,Pittsburgh Steelers,24,7,Regular Season,1948
1948-11-14,Sun,Chicago Bears,Green Bay Packers,7,6,Regular Season,1948
1948-11-14,Sun,Philadelphia Eagles,Boston Yanks,45,0,Regular Season,1948
1948-11-21,Sun,Detroit Lions,Pittsburgh Steelers,17,14,Regular Season,1948
1948-11-21,Sun,Chicago Cardinals,Los Angeles Rams,27,24,Regular Season,1948
1948-11-21,Sun,Philadelphia Eagles,Washington Redskins,42,21,Regular Season,1948
1948-11-21,Sun,Chicago Bears,Boston Yanks,51,17,Regular Season,1948
1948-11-21,Sun,New York Giants,Green Bay Packers,49,3,Regular Season,1948
1948-11-25,Thu,Chicago Cardinals,Detroit Lions,28,14,Regular Season,1948
1948-11-28,Sun,Chicago Bears,Washington Redskins,48,13,Regular Season,1948
1948-11-28,Sun,Philadelphia Eagles,Pittsburgh Steelers,17,0,Regular Season,1948
1948-11-28,Sun,Los Angeles Rams,Green Bay Packers,24,10,Regular Season,1948
1948-11-28,Sun,New York Giants,Boston Yanks,28,14,Regular Season,1948
1948-12-05,Sun,Pittsburgh Steelers,New York Giants,38,28,Regular Season,1948
1948-12-05,Sun,Chicago Cardinals,Green Bay Packers,42,7,Regular Season,1948
1948-12-05,Sun,Chicago Bears,Detroit Lions,42,14,Regular Season,1948
1948-12-05,Sun,Los Angeles Rams,Washington Redskins,41,13,Regular Season,1948
1948-12-05,Sun,Boston Yanks,Philadelphia Eagles,37,14,Regular Season,1948
1948-12-12,Sun,Philadelphia Eagles,Detroit Lions,45,21,Regular Season,1948
1948-12-12,Sun,Washington Redskins,New York Giants,28,21,Regular Season,1948
1948-12-12,Sun,Chicago Cardinals,Chicago Bears,24,21,Regular Season,1948
1948-12-12,Sun,Los Angeles Rams,Pittsburgh Steelers,31,14,Regular Season,1948
Playoffs,,,,,,Playoff,1948
1948-12-19,Sun,Philadelphia Eagles,Chicago Cardinals,7,0,Playoff,1948
