Date,DOW,WT,LT,WTS,LTS,Type,Season
1949-09-22,Thu,Philadelphia Eagles,New York Bulldogs,7,0,Regular Season,1949
1949-09-23,Fri,Los Angeles Rams,Detroit Lions,27,24,Regular Season,1949
1949-09-25,Sun,Chicago Bears,Green Bay Packers,17,0,Regular Season,1949
1949-09-25,Sun,Pittsburgh Steelers,New York Giants,28,7,Regular Season,1949
1949-09-26,Mon,Chicago Cardinals,Washington Redskins,38,7,Regular Season,1949
1949-09-30,Fri,New York Giants,New York Bulldogs,38,14,Regular Season,1949
1949-10-02,Sun,Chicago Bears,Chicago Cardinals,17,7,Regular Season,1949
1949-10-02,Sun,Los Angeles Rams,Green Bay Packers,48,7,Regular Season,1949
1949-10-03,Mon,Philadelphia Eagles,Detroit Lions,22,14,Regular Season,1949
1949-10-03,Mon,Washington Redskins,Pittsburgh Steelers,27,14,Regular Season,1949
1949-10-07,Fri,Green Bay Packers,New York Bulldogs,19,0,Regular Season,1949
1949-10-08,Sat,Philadelphia Eagles,Chicago Cardinals,28,3,Regular Season,1949
1949-10-08,Sat,Pittsburgh Steelers,Detroit Lions,14,7,Regular Season,1949
1949-10-09,Sun,New York Giants,Washington Redskins,45,35,Regular Season,1949
1949-10-09,Sun,Los Angeles Rams,Chicago Bears,31,16,Regular Season,1949
1949-10-16,Sun,Washington Redskins,New York Bulldogs,38,14,Regular Season,1949
1949-10-16,Sun,Pittsburgh Steelers,New York Giants,21,17,Regular Season,1949
1949-10-16,Sun,Chicago Bears,Philadelphia Eagles,38,21,Regular Season,1949
1949-10-16,Sun,Los Angeles Rams,Detroit Lions,21,10,Regular Season,1949
1949-10-16,Sun,Chicago Cardinals,Green Bay Packers,39,17,Regular Season,1949
1949-10-23,Sun,New York Giants,Chicago Bears,35,28,Regular Season,1949
1949-10-23,Sun,Philadelphia Eagles,Washington Redskins,49,14,Regular Season,1949
1949-10-23,Sun,Detroit Lions,Chicago Cardinals,24,7,Regular Season,1949
1949-10-23,Sun,Pittsburgh Steelers,New York Bulldogs,24,13,Regular Season,1949
1949-10-23,Sun,Los Angeles Rams,Green Bay Packers,35,7,Regular Season,1949
1949-10-30,Sun,New York Giants,Chicago Cardinals,41,38,Regular Season,1949
1949-10-30,Sun,Green Bay Packers,Detroit Lions,16,14,Regular Season,1949
1949-10-30,Sun,Washington Redskins,New York Bulldogs,14,14,Regular Season,1949
1949-10-30,Sun,Philadelphia Eagles,Pittsburgh Steelers,38,7,Regular Season,1949
1949-10-30,Sun,Los Angeles Rams,Chicago Bears,27,24,Regular Season,1949
1949-11-06,Sun,New York Bulldogs,New York Giants,31,24,Regular Season,1949
1949-11-06,Sun,Washington Redskins,Pittsburgh Steelers,27,14,Regular Season,1949
1949-11-06,Sun,Philadelphia Eagles,Los Angeles Rams,38,14,Regular Season,1949
1949-11-06,Sun,Chicago Bears,Green Bay Packers,24,3,Regular Season,1949
1949-11-06,Sun,Chicago Cardinals,Detroit Lions,42,19,Regular Season,1949
1949-11-13,Sun,Chicago Bears,Detroit Lions,27,24,Regular Season,1949
1949-11-13,Sun,New York Giants,Green Bay Packers,30,10,Regular Season,1949
1949-11-13,Sun,Philadelphia Eagles,Washington Redskins,44,21,Regular Season,1949
1949-11-13,Sun,Los Angeles Rams,Pittsburgh Steelers,7,7,Regular Season,1949
1949-11-13,Sun,Chicago Cardinals,New York Bulldogs,65,20,Regular Season,1949
1949-11-20,Sun,Detroit Lions,New York Giants,45,21,Regular Season,1949
1949-11-20,Sun,Philadelphia Eagles,New York Bulldogs,42,0,Regular Season,1949
1949-11-20,Sun,Pittsburgh Steelers,Green Bay Packers,30,7,Regular Season,1949
1949-11-20,Sun,Los Angeles Rams,Chicago Cardinals,28,28,Regular Season,1949
1949-11-20,Sun,Chicago Bears,Washington Redskins,31,21,Regular Season,1949
1949-11-24,Thu,Chicago Bears,Detroit Lions,28,7,Regular Season,1949
1949-11-27,Sun,New York Giants,Washington Redskins,23,7,Regular Season,1949
1949-11-27,Sun,Los Angeles Rams,New York Bulldogs,42,20,Regular Season,1949
1949-11-27,Sun,Philadelphia Eagles,Pittsburgh Steelers,34,17,Regular Season,1949
1949-11-27,Sun,Chicago Cardinals,Green Bay Packers,41,21,Regular Season,1949
1949-12-04,Sun,Philadelphia Eagles,New York Giants,24,3,Regular Season,1949
1949-12-04,Sun,Washington Redskins,Green Bay Packers,30,0,Regular Season,1949
1949-12-04,Sun,Detroit Lions,New York Bulldogs,28,27,Regular Season,1949
1949-12-04,Sun,Chicago Cardinals,Los Angeles Rams,31,27,Regular Season,1949
1949-12-04,Sun,Chicago Bears,Pittsburgh Steelers,30,21,Regular Season,1949
1949-12-11,Sun,Philadelphia Eagles,New York Giants,17,3,Regular Season,1949
1949-12-11,Sun,Pittsburgh Steelers,New York Bulldogs,27,0,Regular Season,1949
1949-12-11,Sun,Detroit Lions,Green Bay Packers,21,7,Regular Season,1949
1949-12-11,Sun,Chicago Bears,Chicago Cardinals,52,21,Regular Season,1949
1949-12-11,Sun,Los Angeles Rams,Washington Redskins,53,27,Regular Season,1949
Playoffs,,,,,,Playoff,1949
1949-12-18,Sun,Philadelphia Eagles,Los Angeles Rams,14,0,Playoff,1949
