Date,DOW,WT,LT,WTS,LTS,Type,Season
1950-09-16,Sat,Cleveland Browns,Philadelphia Eagles,35,10,Regular Season,1950
1950-09-17,Sun,Washington Redskins,Baltimore Colts,38,14,Regular Season,1950
1950-09-17,Sun,Detroit Lions,Green Bay Packers,45,7,Regular Season,1950
1950-09-17,Sun,New York Giants,Pittsburgh Steelers,18,7,Regular Season,1950
1950-09-17,Sun,New York Yanks,San Francisco 49ers,21,17,Regular Season,1950
1950-09-17,Sun,Chicago Bears,Los Angeles Rams,24,20,Regular Season,1950
1950-09-22,Fri,Los Angeles Rams,New York Yanks,45,28,Regular Season,1950
1950-09-24,Sun,Philadelphia Eagles,Chicago Cardinals,45,7,Regular Season,1950
1950-09-24,Sun,Cleveland Browns,Baltimore Colts,31,0,Regular Season,1950
1950-09-24,Sun,Detroit Lions,Pittsburgh Steelers,10,7,Regular Season,1950
1950-09-24,Sun,Green Bay Packers,Washington Redskins,35,21,Regular Season,1950
1950-09-24,Sun,Chicago Bears,San Francisco 49ers,32,20,Regular Season,1950
1950-09-29,Fri,New York Yanks,Detroit Lions,44,21,Regular Season,1950
1950-10-01,Sun,Green Bay Packers,Chicago Bears,31,21,Regular Season,1950
1950-10-01,Sun,New York Giants,Cleveland Browns,6,0,Regular Season,1950
1950-10-01,Sun,Los Angeles Rams,San Francisco 49ers,35,14,Regular Season,1950
1950-10-01,Sun,Pittsburgh Steelers,Washington Redskins,26,7,Regular Season,1950
1950-10-02,Mon,Chicago Cardinals,Baltimore Colts,55,13,Regular Season,1950
1950-10-07,Sat,Philadelphia Eagles,Los Angeles Rams,56,20,Regular Season,1950
1950-10-07,Sat,Cleveland Browns,Pittsburgh Steelers,30,17,Regular Season,1950
1950-10-08,Sun,New York Giants,Washington Redskins,21,17,Regular Season,1950
1950-10-08,Sun,New York Yanks,Green Bay Packers,44,31,Regular Season,1950
1950-10-08,Sun,Chicago Bears,Chicago Cardinals,27,6,Regular Season,1950
1950-10-08,Sun,Detroit Lions,San Francisco 49ers,24,7,Regular Season,1950
1950-10-12,Thu,New York Yanks,San Francisco 49ers,29,24,Regular Season,1950
1950-10-15,Sun,Pittsburgh Steelers,New York Giants,17,6,Regular Season,1950
1950-10-15,Sun,Philadelphia Eagles,Baltimore Colts,24,14,Regular Season,1950
1950-10-15,Sun,Cleveland Browns,Chicago Cardinals,34,24,Regular Season,1950
1950-10-15,Sun,Los Angeles Rams,Detroit Lions,30,28,Regular Season,1950
1950-10-15,Sun,Chicago Bears,Green Bay Packers,28,14,Regular Season,1950
1950-10-19,Thu,New York Yanks,Green Bay Packers,35,17,Regular Season,1950
1950-10-22,Sun,Philadelphia Eagles,Pittsburgh Steelers,17,10,Regular Season,1950
1950-10-22,Sun,Los Angeles Rams,Baltimore Colts,70,27,Regular Season,1950
1950-10-22,Sun,Chicago Cardinals,Washington Redskins,38,28,Regular Season,1950
1950-10-22,Sun,New York Giants,Cleveland Browns,17,13,Regular Season,1950
1950-10-22,Sun,San Francisco 49ers,Detroit Lions,28,27,Regular Season,1950
1950-10-29,Sun,Chicago Cardinals,New York Giants,17,3,Regular Season,1950
1950-10-29,Sun,Philadelphia Eagles,Washington Redskins,35,3,Regular Season,1950
1950-10-29,Sun,New York Yanks,Chicago Bears,38,27,Regular Season,1950
1950-10-29,Sun,San Francisco 49ers,Baltimore Colts,17,14,Regular Season,1950
1950-10-29,Sun,Los Angeles Rams,Detroit Lions,65,24,Regular Season,1950
1950-10-29,Sun,Cleveland Browns,Pittsburgh Steelers,45,7,Regular Season,1950
1950-11-05,Sun,New York Giants,Washington Redskins,24,21,Regular Season,1950
1950-11-05,Sun,Chicago Bears,Detroit Lions,35,21,Regular Season,1950
1950-11-05,Sun,Pittsburgh Steelers,Philadelphia Eagles,9,7,Regular Season,1950
1950-11-05,Sun,Baltimore Colts,Green Bay Packers,41,21,Regular Season,1950
1950-11-05,Sun,Los Angeles Rams,San Francisco 49ers,28,21,Regular Season,1950
1950-11-05,Sun,Cleveland Browns,Chicago Cardinals,10,7,Regular Season,1950
1950-11-12,Sun,Philadelphia Eagles,Washington Redskins,33,0,Regular Season,1950
1950-11-12,Sun,Pittsburgh Steelers,Baltimore Colts,17,7,Regular Season,1950
1950-11-12,Sun,Los Angeles Rams,Green Bay Packers,45,14,Regular Season,1950
1950-11-12,Sun,New York Giants,Chicago Cardinals,51,21,Regular Season,1950
1950-11-12,Sun,Chicago Bears,New York Yanks,28,20,Regular Season,1950
1950-11-12,Sun,Cleveland Browns,San Francisco 49ers,34,14,Regular Season,1950
1950-11-19,Sun,Los Angeles Rams,New York Yanks,43,35,Regular Season,1950
1950-11-19,Sun,Detroit Lions,Green Bay Packers,24,21,Regular Season,1950
1950-11-19,Sun,New York Giants,Baltimore Colts,55,20,Regular Season,1950
1950-11-19,Sun,Chicago Bears,San Francisco 49ers,17,0,Regular Season,1950
1950-11-19,Sun,Chicago Cardinals,Philadelphia Eagles,14,10,Regular Season,1950
1950-11-19,Sun,Cleveland Browns,Washington Redskins,20,14,Regular Season,1950
1950-11-23,Thu,Detroit Lions,New York Yanks,49,14,Regular Season,1950
1950-11-23,Thu,Pittsburgh Steelers,Chicago Cardinals,28,17,Regular Season,1950
1950-11-26,Sun,Green Bay Packers,San Francisco 49ers,25,21,Regular Season,1950
1950-11-26,Sun,New York Giants,Philadelphia Eagles,7,3,Regular Season,1950
1950-11-26,Sun,Washington Redskins,Baltimore Colts,38,28,Regular Season,1950
1950-11-26,Sun,Chicago Bears,Los Angeles Rams,24,14,Regular Season,1950
1950-12-03,Sun,Washington Redskins,Pittsburgh Steelers,24,7,Regular Season,1950
1950-12-03,Sun,Detroit Lions,Baltimore Colts,45,21,Regular Season,1950
1950-12-03,Sun,Los Angeles Rams,Green Bay Packers,51,14,Regular Season,1950
1950-12-03,Sun,New York Giants,New York Yanks,51,7,Regular Season,1950
1950-12-03,Sun,Chicago Cardinals,Chicago Bears,20,10,Regular Season,1950
1950-12-03,Sun,Cleveland Browns,Philadelphia Eagles,13,7,Regular Season,1950
1950-12-10,Sun,New York Yanks,Baltimore Colts,51,14,Regular Season,1950
1950-12-10,Sun,New York Giants,Philadelphia Eagles,9,7,Regular Season,1950
1950-12-10,Sun,San Francisco 49ers,Green Bay Packers,30,14,Regular Season,1950
1950-12-10,Sun,Chicago Bears,Detroit Lions,6,3,Regular Season,1950
1950-12-10,Sun,Pittsburgh Steelers,Chicago Cardinals,28,7,Regular Season,1950
1950-12-10,Sun,Cleveland Browns,Washington Redskins,45,21,Regular Season,1950
Playoffs,,,,,,Playoff,1950
1950-12-17,Sun,Los Angeles Rams,Chicago Bears,24,14,Playoff,1950
1950-12-17,Sun,Cleveland Browns,New York Giants,8,3,Playoff,1950
1950-12-24,Sun,Cleveland Browns,Los Angeles Rams,30,28,Playoff,1950
