Date,DOW,WT,LT,WTS,LTS,Type,Season
1951-09-28,Fri,Los Angeles Rams,New York Yanks,54,14,Regular Season,1951
1951-09-30,Sun,Detroit Lions,Washington Redskins,35,17,Regular Season,1951
1951-09-30,Sun,Chicago Bears,Green Bay Packers,31,20,Regular Season,1951
1951-09-30,Sun,Philadelphia Eagles,Chicago Cardinals,17,14,Regular Season,1951
1951-09-30,Sun,San Francisco 49ers,Cleveland Browns,24,10,Regular Season,1951
1951-10-01,Mon,Pittsburgh Steelers,New York Giants,13,13,Regular Season,1951
1951-10-06,Sat,Philadelphia Eagles,San Francisco 49ers,21,14,Regular Season,1951
1951-10-07,Sun,Chicago Cardinals,Chicago Bears,28,14,Regular Season,1951
1951-10-07,Sun,Green Bay Packers,Pittsburgh Steelers,35,33,Regular Season,1951
1951-10-07,Sun,New York Giants,Washington Redskins,35,14,Regular Season,1951
1951-10-07,Sun,Cleveland Browns,Los Angeles Rams,38,23,Regular Season,1951
1951-10-08,Mon,Detroit Lions,New York Yanks,37,10,Regular Season,1951
1951-10-14,Sun,Cleveland Browns,Washington Redskins,45,0,Regular Season,1951
1951-10-14,Sun,Chicago Bears,New York Yanks,24,21,Regular Season,1951
1951-10-14,Sun,San Francisco 49ers,Pittsburgh Steelers,28,24,Regular Season,1951
1951-10-14,Sun,Green Bay Packers,Philadelphia Eagles,37,24,Regular Season,1951
1951-10-14,Sun,Los Angeles Rams,Detroit Lions,27,21,Regular Season,1951
1951-10-14,Sun,New York Giants,Chicago Cardinals,28,17,Regular Season,1951
1951-10-21,Sun,New York Yanks,Detroit Lions,24,24,Regular Season,1951
1951-10-21,Sun,Cleveland Browns,Pittsburgh Steelers,17,0,Regular Season,1951
1951-10-21,Sun,Chicago Bears,San Francisco 49ers,13,7,Regular Season,1951
1951-10-21,Sun,New York Giants,Philadelphia Eagles,26,24,Regular Season,1951
1951-10-21,Sun,Los Angeles Rams,Green Bay Packers,28,0,Regular Season,1951
1951-10-21,Sun,Washington Redskins,Chicago Cardinals,7,3,Regular Season,1951
1951-10-28,Sun,Green Bay Packers,New York Yanks,29,27,Regular Season,1951
1951-10-28,Sun,Chicago Bears,Detroit Lions,28,23,Regular Season,1951
1951-10-28,Sun,Pittsburgh Steelers,Chicago Cardinals,28,14,Regular Season,1951
1951-10-28,Sun,San Francisco 49ers,Los Angeles Rams,44,17,Regular Season,1951
1951-10-28,Sun,Cleveland Browns,New York Giants,14,13,Regular Season,1951
1951-10-28,Sun,Washington Redskins,Philadelphia Eagles,27,23,Regular Season,1951
1951-11-04,Sun,Detroit Lions,Green Bay Packers,24,17,Regular Season,1951
1951-11-04,Sun,Los Angeles Rams,San Francisco 49ers,23,16,Regular Season,1951
1951-11-04,Sun,New York Giants,New York Yanks,37,31,Regular Season,1951
1951-11-04,Sun,Philadelphia Eagles,Pittsburgh Steelers,34,13,Regular Season,1951
1951-11-04,Sun,Chicago Bears,Washington Redskins,27,0,Regular Season,1951
1951-11-04,Sun,Cleveland Browns,Chicago Cardinals,34,17,Regular Season,1951
1951-11-11,Sun,Cleveland Browns,Philadelphia Eagles,20,17,Regular Season,1951
1951-11-11,Sun,New York Giants,Washington Redskins,28,14,Regular Season,1951
1951-11-11,Sun,San Francisco 49ers,New York Yanks,19,14,Regular Season,1951
1951-11-11,Sun,Pittsburgh Steelers,Green Bay Packers,28,7,Regular Season,1951
1951-11-11,Sun,Los Angeles Rams,Chicago Cardinals,45,21,Regular Season,1951
1951-11-11,Sun,Detroit Lions,Chicago Bears,41,28,Regular Season,1951
1951-11-18,Sun,Chicago Bears,Green Bay Packers,24,13,Regular Season,1951
1951-11-18,Sun,Washington Redskins,Pittsburgh Steelers,22,7,Regular Season,1951
1951-11-18,Sun,Los Angeles Rams,New York Yanks,48,21,Regular Season,1951
1951-11-18,Sun,Detroit Lions,Philadelphia Eagles,28,10,Regular Season,1951
1951-11-18,Sun,Chicago Cardinals,San Francisco 49ers,27,21,Regular Season,1951
1951-11-18,Sun,Cleveland Browns,New York Giants,10,0,Regular Season,1951
1951-11-22,Thu,Detroit Lions,Green Bay Packers,52,35,Regular Season,1951
1951-11-25,Sun,Pittsburgh Steelers,Philadelphia Eagles,17,13,Regular Season,1951
1951-11-25,Sun,Cleveland Browns,Chicago Bears,42,21,Regular Season,1951
1951-11-25,Sun,San Francisco 49ers,New York Yanks,10,10,Regular Season,1951
1951-11-25,Sun,Washington Redskins,Los Angeles Rams,31,21,Regular Season,1951
1951-11-25,Sun,New York Giants,Chicago Cardinals,10,0,Regular Season,1951
1951-12-02,Sun,Cleveland Browns,Chicago Cardinals,49,28,Regular Season,1951
1951-12-02,Sun,New York Giants,Pittsburgh Steelers,14,0,Regular Season,1951
1951-12-02,Sun,San Francisco 49ers,Detroit Lions,20,10,Regular Season,1951
1951-12-02,Sun,Philadelphia Eagles,Washington Redskins,35,21,Regular Season,1951
1951-12-02,Sun,New York Yanks,Green Bay Packers,31,28,Regular Season,1951
1951-12-02,Sun,Los Angeles Rams,Chicago Bears,42,17,Regular Season,1951
1951-12-09,Sun,Washington Redskins,Chicago Cardinals,20,17,Regular Season,1951
1951-12-09,Sun,Detroit Lions,Los Angeles Rams,24,22,Regular Season,1951
1951-12-09,Sun,Chicago Bears,New York Yanks,45,21,Regular Season,1951
1951-12-09,Sun,Cleveland Browns,Pittsburgh Steelers,28,0,Regular Season,1951
1951-12-09,Sun,San Francisco 49ers,Green Bay Packers,31,19,Regular Season,1951
1951-12-09,Sun,New York Giants,Philadelphia Eagles,23,7,Regular Season,1951
1951-12-16,Sun,Cleveland Browns,Philadelphia Eagles,24,9,Regular Season,1951
1951-12-16,Sun,San Francisco 49ers,Detroit Lions,21,17,Regular Season,1951
1951-12-16,Sun,Chicago Cardinals,Chicago Bears,24,14,Regular Season,1951
1951-12-16,Sun,Pittsburgh Steelers,Washington Redskins,20,10,Regular Season,1951
1951-12-16,Sun,New York Giants,New York Yanks,27,17,Regular Season,1951
1951-12-16,Sun,Los Angeles Rams,Green Bay Packers,42,14,Regular Season,1951
Playoffs,,,,,,Playoff,1951
1951-12-23,Sun,Los Angeles Rams,Cleveland Browns,24,17,Playoff,1951
