Date,DOW,WT,LT,WTS,LTS,Type,Season
1952-09-28,Sun,San Francisco 49ers,Detroit Lions,17,3,Regular Season,1952
1952-09-28,Sun,Philadelphia Eagles,Pittsburgh Steelers,31,25,Regular Season,1952
1952-09-28,Sun,Chicago Bears,Green Bay Packers,24,14,Regular Season,1952
1952-09-28,Sun,New York Giants,Dallas Texans,24,6,Regular Season,1952
1952-09-28,Sun,Cleveland Browns,Los Angeles Rams,37,7,Regular Season,1952
1952-09-29,Mon,Washington Redskins,Chicago Cardinals,23,7,Regular Season,1952
1952-10-03,Fri,Detroit Lions,Los Angeles Rams,17,14,Regular Season,1952
1952-10-04,Sat,New York Giants,Philadelphia Eagles,31,7,Regular Season,1952
1952-10-04,Sat,Cleveland Browns,Pittsburgh Steelers,21,20,Regular Season,1952
1952-10-05,Sun,Chicago Cardinals,Chicago Bears,21,10,Regular Season,1952
1952-10-05,Sun,Green Bay Packers,Washington Redskins,35,20,Regular Season,1952
1952-10-05,Sun,San Francisco 49ers,Dallas Texans,37,14,Regular Season,1952
1952-10-12,Sun,New York Giants,Cleveland Browns,17,9,Regular Season,1952
1952-10-12,Sun,Chicago Cardinals,Washington Redskins,17,6,Regular Season,1952
1952-10-12,Sun,San Francisco 49ers,Detroit Lions,28,0,Regular Season,1952
1952-10-12,Sun,Los Angeles Rams,Green Bay Packers,30,28,Regular Season,1952
1952-10-12,Sun,Philadelphia Eagles,Pittsburgh Steelers,26,21,Regular Season,1952
1952-10-12,Sun,Chicago Bears,Dallas Texans,38,20,Regular Season,1952
1952-10-18,Sat,Green Bay Packers,Dallas Texans,24,14,Regular Season,1952
1952-10-19,Sun,Cleveland Browns,Philadelphia Eagles,49,7,Regular Season,1952
1952-10-19,Sun,Detroit Lions,Los Angeles Rams,24,16,Regular Season,1952
1952-10-19,Sun,Washington Redskins,Pittsburgh Steelers,28,24,Regular Season,1952
1952-10-19,Sun,San Francisco 49ers,Chicago Bears,40,16,Regular Season,1952
1952-10-19,Sun,Chicago Cardinals,New York Giants,24,23,Regular Season,1952
1952-10-26,Sun,Detroit Lions,Green Bay Packers,52,17,Regular Season,1952
1952-10-26,Sun,San Francisco 49ers,Dallas Texans,48,21,Regular Season,1952
1952-10-26,Sun,Philadelphia Eagles,New York Giants,14,10,Regular Season,1952
1952-10-26,Sun,Pittsburgh Steelers,Chicago Cardinals,34,28,Regular Season,1952
1952-10-26,Sun,Cleveland Browns,Washington Redskins,19,15,Regular Season,1952
1952-10-26,Sun,Los Angeles Rams,Chicago Bears,31,7,Regular Season,1952
1952-11-02,Sun,New York Giants,Chicago Cardinals,28,6,Regular Season,1952
1952-11-02,Sun,Detroit Lions,Cleveland Browns,17,6,Regular Season,1952
1952-11-02,Sun,Los Angeles Rams,Dallas Texans,42,20,Regular Season,1952
1952-11-02,Sun,Green Bay Packers,Philadelphia Eagles,12,10,Regular Season,1952
1952-11-02,Sun,Chicago Bears,San Francisco 49ers,20,17,Regular Season,1952
1952-11-02,Sun,Pittsburgh Steelers,Washington Redskins,24,23,Regular Season,1952
1952-11-09,Sun,Green Bay Packers,Chicago Bears,41,28,Regular Season,1952
1952-11-09,Sun,New York Giants,San Francisco 49ers,23,14,Regular Season,1952
1952-11-09,Sun,Detroit Lions,Pittsburgh Steelers,31,6,Regular Season,1952
1952-11-09,Sun,Los Angeles Rams,Dallas Texans,27,6,Regular Season,1952
1952-11-09,Sun,Philadelphia Eagles,Washington Redskins,38,20,Regular Season,1952
1952-11-09,Sun,Cleveland Browns,Chicago Cardinals,28,13,Regular Season,1952
1952-11-16,Sun,Los Angeles Rams,Chicago Bears,40,24,Regular Season,1952
1952-11-16,Sun,Green Bay Packers,New York Giants,17,3,Regular Season,1952
1952-11-16,Sun,San Francisco 49ers,Washington Redskins,23,17,Regular Season,1952
1952-11-16,Sun,Philadelphia Eagles,Chicago Cardinals,10,7,Regular Season,1952
1952-11-16,Sun,Cleveland Browns,Pittsburgh Steelers,29,28,Regular Season,1952
1952-11-16,Sun,Detroit Lions,Dallas Texans,43,13,Regular Season,1952
1952-11-23,Sun,Chicago Bears,Detroit Lions,24,23,Regular Season,1952
1952-11-23,Sun,Pittsburgh Steelers,Chicago Cardinals,17,14,Regular Season,1952
1952-11-23,Sun,New York Giants,Washington Redskins,14,10,Regular Season,1952
1952-11-23,Sun,Philadelphia Eagles,Cleveland Browns,28,20,Regular Season,1952
1952-11-23,Sun,Los Angeles Rams,San Francisco 49ers,35,9,Regular Season,1952
1952-11-23,Sun,Green Bay Packers,Dallas Texans,42,14,Regular Season,1952
1952-11-27,Thu,Dallas Texans,Chicago Bears,27,23,Regular Season,1952
1952-11-27,Thu,Detroit Lions,Green Bay Packers,48,24,Regular Season,1952
1952-11-30,Sun,Cleveland Browns,Washington Redskins,48,24,Regular Season,1952
1952-11-30,Sun,Pittsburgh Steelers,New York Giants,63,7,Regular Season,1952
1952-11-30,Sun,Chicago Cardinals,Philadelphia Eagles,28,22,Regular Season,1952
1952-11-30,Sun,Los Angeles Rams,San Francisco 49ers,34,21,Regular Season,1952
1952-12-07,Sun,Detroit Lions,Chicago Bears,45,21,Regular Season,1952
1952-12-07,Sun,Los Angeles Rams,Green Bay Packers,45,27,Regular Season,1952
1952-12-07,Sun,Philadelphia Eagles,Dallas Texans,38,21,Regular Season,1952
1952-12-07,Sun,Washington Redskins,New York Giants,27,17,Regular Season,1952
1952-12-07,Sun,Cleveland Browns,Chicago Cardinals,10,0,Regular Season,1952
1952-12-07,Sun,Pittsburgh Steelers,San Francisco 49ers,24,7,Regular Season,1952
1952-12-13,Sat,Detroit Lions,Dallas Texans,41,6,Regular Season,1952
1952-12-14,Sun,Chicago Bears,Chicago Cardinals,10,7,Regular Season,1952
1952-12-14,Sun,Los Angeles Rams,Pittsburgh Steelers,28,14,Regular Season,1952
1952-12-14,Sun,Washington Redskins,Philadelphia Eagles,27,21,Regular Season,1952
1952-12-14,Sun,New York Giants,Cleveland Browns,37,34,Regular Season,1952
1952-12-14,Sun,San Francisco 49ers,Green Bay Packers,24,14,Regular Season,1952
Playoffs,,,,,,Playoff,1952
1952-12-21,Sun,Detroit Lions,Los Angeles Rams,31,21,Playoff,1952
1952-12-28,Sun,Detroit Lions,Cleveland Browns,17,7,Playoff,1952
