Date,DOW,WT,LT,WTS,LTS,Type,Season
1953-09-27,Sun,Washington Redskins,Chicago Cardinals,24,13,Regular Season,1953
1953-09-27,Sun,San Francisco 49ers,Philadelphia Eagles,31,21,Regular Season,1953
1953-09-27,Sun,Los Angeles Rams,New York Giants,21,7,Regular Season,1953
1953-09-27,Sun,Cleveland Browns,Green Bay Packers,27,0,Regular Season,1953
1953-09-27,Sun,Baltimore Colts,Chicago Bears,13,9,Regular Season,1953
1953-09-27,Sun,Detroit Lions,Pittsburgh Steelers,38,21,Regular Season,1953
1953-10-02,Fri,Washington Redskins,Philadelphia Eagles,21,21,Regular Season,1953
1953-10-03,Sat,Detroit Lions,Baltimore Colts,27,17,Regular Season,1953
1953-10-03,Sat,Pittsburgh Steelers,New York Giants,24,14,Regular Season,1953
1953-10-04,Sun,Chicago Bears,Green Bay Packers,17,13,Regular Season,1953
1953-10-04,Sun,Cleveland Browns,Chicago Cardinals,27,7,Regular Season,1953
1953-10-04,Sun,San Francisco 49ers,Los Angeles Rams,31,30,Regular Season,1953
1953-10-10,Sat,Cleveland Browns,Philadelphia Eagles,37,13,Regular Season,1953
1953-10-11,Sun,Detroit Lions,San Francisco 49ers,24,21,Regular Season,1953
1953-10-11,Sun,Los Angeles Rams,Green Bay Packers,38,20,Regular Season,1953
1953-10-11,Sun,Washington Redskins,New York Giants,13,9,Regular Season,1953
1953-10-11,Sun,Pittsburgh Steelers,Chicago Cardinals,31,28,Regular Season,1953
1953-10-11,Sun,Baltimore Colts,Chicago Bears,16,14,Regular Season,1953
1953-10-17,Sat,Philadelphia Eagles,Pittsburgh Steelers,23,7,Regular Season,1953
1953-10-18,Sun,Los Angeles Rams,Detroit Lions,31,19,Regular Season,1953
1953-10-18,Sun,Cleveland Browns,Washington Redskins,30,14,Regular Season,1953
1953-10-18,Sun,New York Giants,Chicago Cardinals,21,7,Regular Season,1953
1953-10-18,Sun,San Francisco 49ers,Chicago Bears,35,28,Regular Season,1953
1953-10-18,Sun,Green Bay Packers,Baltimore Colts,37,14,Regular Season,1953
1953-10-24,Sat,Pittsburgh Steelers,Green Bay Packers,31,14,Regular Season,1953
1953-10-25,Sun,Cleveland Browns,New York Giants,7,0,Regular Season,1953
1953-10-25,Sun,Los Angeles Rams,Chicago Bears,38,24,Regular Season,1953
1953-10-25,Sun,Baltimore Colts,Washington Redskins,27,17,Regular Season,1953
1953-10-25,Sun,Philadelphia Eagles,Chicago Cardinals,56,17,Regular Season,1953
1953-10-25,Sun,Detroit Lions,San Francisco 49ers,14,10,Regular Season,1953
1953-10-31,Sat,Green Bay Packers,Baltimore Colts,35,24,Regular Season,1953
1953-11-01,Sun,New York Giants,Chicago Cardinals,23,20,Regular Season,1953
1953-11-01,Sun,Los Angeles Rams,Detroit Lions,37,24,Regular Season,1953
1953-11-01,Sun,Cleveland Browns,Washington Redskins,27,3,Regular Season,1953
1953-11-01,Sun,San Francisco 49ers,Chicago Bears,24,14,Regular Season,1953
1953-11-01,Sun,Philadelphia Eagles,Pittsburgh Steelers,35,7,Regular Season,1953
1953-11-07,Sat,Detroit Lions,Baltimore Colts,17,7,Regular Season,1953
1953-11-08,Sun,Green Bay Packers,Chicago Bears,21,21,Regular Season,1953
1953-11-08,Sun,Philadelphia Eagles,New York Giants,30,7,Regular Season,1953
1953-11-08,Sun,San Francisco 49ers,Los Angeles Rams,31,27,Regular Season,1953
1953-11-08,Sun,Cleveland Browns,Pittsburgh Steelers,34,16,Regular Season,1953
1953-11-08,Sun,Washington Redskins,Chicago Cardinals,28,17,Regular Season,1953
1953-11-15,Sun,Chicago Bears,Washington Redskins,27,24,Regular Season,1953
1953-11-15,Sun,Cleveland Browns,San Francisco 49ers,23,21,Regular Season,1953
1953-11-15,Sun,Pittsburgh Steelers,New York Giants,14,10,Regular Season,1953
1953-11-15,Sun,Philadelphia Eagles,Baltimore Colts,45,14,Regular Season,1953
1953-11-15,Sun,Los Angeles Rams,Chicago Cardinals,24,24,Regular Season,1953
1953-11-15,Sun,Detroit Lions,Green Bay Packers,14,7,Regular Season,1953
1953-11-21,Sat,Philadelphia Eagles,Chicago Cardinals,38,0,Regular Season,1953
1953-11-22,Sun,Cleveland Browns,Pittsburgh Steelers,20,16,Regular Season,1953
1953-11-22,Sun,Detroit Lions,Chicago Bears,20,16,Regular Season,1953
1953-11-22,Sun,San Francisco 49ers,Green Bay Packers,37,7,Regular Season,1953
1953-11-22,Sun,Los Angeles Rams,Baltimore Colts,21,13,Regular Season,1953
1953-11-22,Sun,Washington Redskins,New York Giants,24,21,Regular Season,1953
1953-11-26,Thu,Detroit Lions,Green Bay Packers,34,15,Regular Season,1953
1953-11-29,Sun,Washington Redskins,Pittsburgh Steelers,17,9,Regular Season,1953
1953-11-29,Sun,Chicago Bears,Los Angeles Rams,24,21,Regular Season,1953
1953-11-29,Sun,San Francisco 49ers,Baltimore Colts,38,21,Regular Season,1953
1953-11-29,Sun,Cleveland Browns,Chicago Cardinals,27,16,Regular Season,1953
1953-11-29,Sun,New York Giants,Philadelphia Eagles,37,28,Regular Season,1953
1953-12-05,Sat,Los Angeles Rams,Baltimore Colts,45,2,Regular Season,1953
1953-12-06,Sun,Detroit Lions,Chicago Bears,13,7,Regular Season,1953
1953-12-06,Sun,Washington Redskins,Philadelphia Eagles,10,0,Regular Season,1953
1953-12-06,Sun,Cleveland Browns,New York Giants,62,14,Regular Season,1953
1953-12-06,Sun,Pittsburgh Steelers,Chicago Cardinals,21,17,Regular Season,1953
1953-12-06,Sun,San Francisco 49ers,Green Bay Packers,48,14,Regular Season,1953
1953-12-12,Sat,Los Angeles Rams,Green Bay Packers,33,17,Regular Season,1953
1953-12-13,Sun,Philadelphia Eagles,Cleveland Browns,42,27,Regular Season,1953
1953-12-13,Sun,San Francisco 49ers,Baltimore Colts,45,14,Regular Season,1953
1953-12-13,Sun,Pittsburgh Steelers,Washington Redskins,14,13,Regular Season,1953
1953-12-13,Sun,Detroit Lions,New York Giants,27,16,Regular Season,1953
1953-12-13,Sun,Chicago Cardinals,Chicago Bears,24,17,Regular Season,1953
Playoffs,,,,,,Playoff,1953
1953-12-27,Sun,Detroit Lions,Cleveland Browns,17,16,Playoff,1953
