Date,DOW,WT,LT,WTS,LTS,Type,Season
1954-09-26,Sun,Detroit Lions,Chicago Bears,48,23,Regular Season,1954
1954-09-26,Sun,San Francisco 49ers,Washington Redskins,41,7,Regular Season,1954
1954-09-26,Sun,Pittsburgh Steelers,Green Bay Packers,21,20,Regular Season,1954
1954-09-26,Sun,New York Giants,Chicago Cardinals,41,10,Regular Season,1954
1954-09-26,Sun,Los Angeles Rams,Baltimore Colts,48,0,Regular Season,1954
1954-09-26,Sun,Philadelphia Eagles,Cleveland Browns,28,10,Regular Season,1954
1954-10-02,Sat,Pittsburgh Steelers,Washington Redskins,37,7,Regular Season,1954
1954-10-02,Sat,Baltimore Colts,New York Giants,20,14,Regular Season,1954
1954-10-03,Sun,Chicago Bears,Green Bay Packers,10,3,Regular Season,1954
1954-10-03,Sun,San Francisco 49ers,Los Angeles Rams,24,24,Regular Season,1954
1954-10-03,Sun,Philadelphia Eagles,Chicago Cardinals,35,16,Regular Season,1954
1954-10-09,Sat,Philadelphia Eagles,Pittsburgh Steelers,24,22,Regular Season,1954
1954-10-10,Sun,Cleveland Browns,Chicago Cardinals,31,7,Regular Season,1954
1954-10-10,Sun,Detroit Lions,Los Angeles Rams,21,3,Regular Season,1954
1954-10-10,Sun,Chicago Bears,Baltimore Colts,28,9,Regular Season,1954
1954-10-10,Sun,New York Giants,Washington Redskins,51,21,Regular Season,1954
1954-10-10,Sun,San Francisco 49ers,Green Bay Packers,23,17,Regular Season,1954
1954-10-16,Sat,Detroit Lions,Baltimore Colts,35,0,Regular Season,1954
1954-10-17,Sun,Pittsburgh Steelers,Cleveland Browns,55,27,Regular Season,1954
1954-10-17,Sun,Philadelphia Eagles,Washington Redskins,49,21,Regular Season,1954
1954-10-17,Sun,San Francisco 49ers,Chicago Bears,31,24,Regular Season,1954
1954-10-17,Sun,Green Bay Packers,Los Angeles Rams,35,17,Regular Season,1954
1954-10-17,Sun,New York Giants,Chicago Cardinals,31,17,Regular Season,1954
1954-10-23,Sat,Pittsburgh Steelers,Philadelphia Eagles,17,7,Regular Season,1954
1954-10-24,Sun,Cleveland Browns,Chicago Cardinals,35,3,Regular Season,1954
1954-10-24,Sun,San Francisco 49ers,Detroit Lions,37,31,Regular Season,1954
1954-10-24,Sun,Los Angeles Rams,Chicago Bears,42,38,Regular Season,1954
1954-10-24,Sun,Green Bay Packers,Baltimore Colts,7,6,Regular Season,1954
1954-10-24,Sun,New York Giants,Washington Redskins,24,7,Regular Season,1954
1954-10-30,Sat,Green Bay Packers,Philadelphia Eagles,37,14,Regular Season,1954
1954-10-31,Sun,Cleveland Browns,New York Giants,24,14,Regular Season,1954
1954-10-31,Sun,Detroit Lions,Los Angeles Rams,27,24,Regular Season,1954
1954-10-31,Sun,Washington Redskins,Baltimore Colts,24,21,Regular Season,1954
1954-10-31,Sun,Chicago Cardinals,Pittsburgh Steelers,17,14,Regular Season,1954
1954-10-31,Sun,Chicago Bears,San Francisco 49ers,31,27,Regular Season,1954
1954-11-06,Sat,Detroit Lions,Baltimore Colts,27,3,Regular Season,1954
1954-11-07,Sun,Cleveland Browns,Washington Redskins,62,3,Regular Season,1954
1954-11-07,Sun,Chicago Bears,Green Bay Packers,28,23,Regular Season,1954
1954-11-07,Sun,Philadelphia Eagles,Chicago Cardinals,30,14,Regular Season,1954
1954-11-07,Sun,New York Giants,Pittsburgh Steelers,30,6,Regular Season,1954
1954-11-07,Sun,Los Angeles Rams,San Francisco 49ers,42,34,Regular Season,1954
1954-11-13,Sat,Green Bay Packers,Baltimore Colts,24,13,Regular Season,1954
1954-11-14,Sun,Detroit Lions,San Francisco 49ers,48,7,Regular Season,1954
1954-11-14,Sun,Cleveland Browns,Chicago Bears,39,10,Regular Season,1954
1954-11-14,Sun,Los Angeles Rams,Chicago Cardinals,28,17,Regular Season,1954
1954-11-14,Sun,Washington Redskins,Pittsburgh Steelers,17,14,Regular Season,1954
1954-11-14,Sun,New York Giants,Philadelphia Eagles,27,14,Regular Season,1954
1954-11-20,Sat,San Francisco 49ers,Pittsburgh Steelers,31,3,Regular Season,1954
1954-11-21,Sun,Detroit Lions,Green Bay Packers,21,17,Regular Season,1954
1954-11-21,Sun,Cleveland Browns,Philadelphia Eagles,6,0,Regular Season,1954
1954-11-21,Sun,Chicago Cardinals,Washington Redskins,38,16,Regular Season,1954
1954-11-21,Sun,Los Angeles Rams,New York Giants,17,16,Regular Season,1954
1954-11-21,Sun,Chicago Bears,Baltimore Colts,28,13,Regular Season,1954
1954-11-25,Thu,Detroit Lions,Green Bay Packers,28,24,Regular Season,1954
1954-11-28,Sun,Cleveland Browns,New York Giants,16,7,Regular Season,1954
1954-11-28,Sun,Philadelphia Eagles,Washington Redskins,41,33,Regular Season,1954
1954-11-28,Sun,Pittsburgh Steelers,Chicago Cardinals,20,17,Regular Season,1954
1954-11-28,Sun,Baltimore Colts,San Francisco 49ers,17,13,Regular Season,1954
1954-11-28,Sun,Chicago Bears,Los Angeles Rams,24,13,Regular Season,1954
1954-12-04,Sat,Baltimore Colts,Los Angeles Rams,22,21,Regular Season,1954
1954-12-05,Sun,Philadelphia Eagles,Detroit Lions,13,13,Regular Season,1954
1954-12-05,Sun,Cleveland Browns,Washington Redskins,34,14,Regular Season,1954
1954-12-05,Sun,Chicago Bears,Chicago Cardinals,29,7,Regular Season,1954
1954-12-05,Sun,New York Giants,Pittsburgh Steelers,24,3,Regular Season,1954
1954-12-05,Sun,San Francisco 49ers,Green Bay Packers,35,0,Regular Season,1954
1954-12-11,Sat,San Francisco 49ers,Baltimore Colts,10,7,Regular Season,1954
1954-12-12,Sun,Cleveland Browns,Pittsburgh Steelers,42,7,Regular Season,1954
1954-12-12,Sun,Philadelphia Eagles,New York Giants,29,14,Regular Season,1954
1954-12-12,Sun,Los Angeles Rams,Green Bay Packers,35,27,Regular Season,1954
1954-12-12,Sun,Washington Redskins,Chicago Cardinals,37,20,Regular Season,1954
1954-12-12,Sun,Chicago Bears,Detroit Lions,28,24,Regular Season,1954
1954-12-19,Sun,Detroit Lions,Cleveland Browns,14,10,Regular Season,1954
Playoffs,,,,,,Playoff,1954
1954-12-26,Sun,Cleveland Browns,Detroit Lions,56,10,Playoff,1954
