Date,DOW,WT,LT,WTS,LTS,Type,Season
1955-09-24,Sat,Philadelphia Eagles,New York Giants,27,17,Regular Season,1955
1955-09-25,Sun,Baltimore Colts,Chicago Bears,23,17,Regular Season,1955
1955-09-25,Sun,Los Angeles Rams,San Francisco 49ers,23,14,Regular Season,1955
1955-09-25,Sun,Green Bay Packers,Detroit Lions,20,17,Regular Season,1955
1955-09-25,Sun,Washington Redskins,Cleveland Browns,27,17,Regular Season,1955
1955-09-26,Mon,Pittsburgh Steelers,Chicago Cardinals,14,7,Regular Season,1955
1955-10-01,Sat,Washington Redskins,Philadelphia Eagles,31,30,Regular Season,1955
1955-10-01,Sat,Baltimore Colts,Detroit Lions,28,13,Regular Season,1955
1955-10-02,Sun,Green Bay Packers,Chicago Bears,24,3,Regular Season,1955
1955-10-02,Sun,Los Angeles Rams,Pittsburgh Steelers,27,26,Regular Season,1955
1955-10-02,Sun,Chicago Cardinals,New York Giants,28,17,Regular Season,1955
1955-10-02,Sun,Cleveland Browns,San Francisco 49ers,38,3,Regular Season,1955
1955-10-08,Sat,Baltimore Colts,Green Bay Packers,24,20,Regular Season,1955
1955-10-09,Sun,Cleveland Browns,Philadelphia Eagles,21,17,Regular Season,1955
1955-10-09,Sun,Los Angeles Rams,Detroit Lions,17,10,Regular Season,1955
1955-10-09,Sun,San Francisco 49ers,Chicago Bears,20,19,Regular Season,1955
1955-10-09,Sun,Chicago Cardinals,Washington Redskins,24,10,Regular Season,1955
1955-10-09,Sun,Pittsburgh Steelers,New York Giants,30,23,Regular Season,1955
1955-10-15,Sat,Pittsburgh Steelers,Philadelphia Eagles,13,7,Regular Season,1955
1955-10-16,Sun,Green Bay Packers,Los Angeles Rams,30,28,Regular Season,1955
1955-10-16,Sun,Cleveland Browns,Washington Redskins,24,14,Regular Season,1955
1955-10-16,Sun,San Francisco 49ers,Detroit Lions,27,24,Regular Season,1955
1955-10-16,Sun,New York Giants,Chicago Cardinals,10,0,Regular Season,1955
1955-10-16,Sun,Chicago Bears,Baltimore Colts,38,10,Regular Season,1955
1955-10-23,Sun,Chicago Bears,San Francisco 49ers,34,23,Regular Season,1955
1955-10-23,Sun,Los Angeles Rams,Detroit Lions,24,13,Regular Season,1955
1955-10-23,Sun,Philadelphia Eagles,Chicago Cardinals,24,24,Regular Season,1955
1955-10-23,Sun,Pittsburgh Steelers,New York Giants,19,17,Regular Season,1955
1955-10-23,Sun,Washington Redskins,Baltimore Colts,14,13,Regular Season,1955
1955-10-23,Sun,Cleveland Browns,Green Bay Packers,41,10,Regular Season,1955
1955-10-29,Sat,Baltimore Colts,Green Bay Packers,14,10,Regular Season,1955
1955-10-30,Sun,San Francisco 49ers,Detroit Lions,38,21,Regular Season,1955
1955-10-30,Sun,New York Giants,Washington Redskins,35,7,Regular Season,1955
1955-10-30,Sun,Philadelphia Eagles,Pittsburgh Steelers,24,0,Regular Season,1955
1955-10-30,Sun,Cleveland Browns,Chicago Cardinals,26,20,Regular Season,1955
1955-10-30,Sun,Chicago Bears,Los Angeles Rams,31,20,Regular Season,1955
1955-11-05,Sat,Detroit Lions,Baltimore Colts,24,14,Regular Season,1955
1955-11-05,Sat,Chicago Cardinals,Pittsburgh Steelers,27,13,Regular Season,1955
1955-11-06,Sun,Washington Redskins,Philadelphia Eagles,34,21,Regular Season,1955
1955-11-06,Sun,Los Angeles Rams,San Francisco 49ers,27,14,Regular Season,1955
1955-11-06,Sun,Cleveland Browns,New York Giants,24,14,Regular Season,1955
1955-11-06,Sun,Chicago Bears,Green Bay Packers,52,31,Regular Season,1955
1955-11-13,Sun,Washington Redskins,San Francisco 49ers,7,0,Regular Season,1955
1955-11-13,Sun,Detroit Lions,Pittsburgh Steelers,31,28,Regular Season,1955
1955-11-13,Sun,Green Bay Packers,Chicago Cardinals,31,14,Regular Season,1955
1955-11-13,Sun,Philadelphia Eagles,Cleveland Browns,33,17,Regular Season,1955
1955-11-13,Sun,Chicago Bears,Los Angeles Rams,24,3,Regular Season,1955
1955-11-13,Sun,New York Giants,Baltimore Colts,17,7,Regular Season,1955
1955-11-20,Sun,Green Bay Packers,San Francisco 49ers,27,21,Regular Season,1955
1955-11-20,Sun,New York Giants,Philadelphia Eagles,31,7,Regular Season,1955
1955-11-20,Sun,Washington Redskins,Chicago Cardinals,31,0,Regular Season,1955
1955-11-20,Sun,Cleveland Browns,Pittsburgh Steelers,41,14,Regular Season,1955
1955-11-20,Sun,Los Angeles Rams,Baltimore Colts,17,17,Regular Season,1955
1955-11-20,Sun,Chicago Bears,Detroit Lions,24,14,Regular Season,1955
1955-11-24,Thu,Detroit Lions,Green Bay Packers,24,10,Regular Season,1955
1955-11-27,Sun,Baltimore Colts,San Francisco 49ers,26,14,Regular Season,1955
1955-11-27,Sun,Chicago Cardinals,Chicago Bears,53,14,Regular Season,1955
1955-11-27,Sun,New York Giants,Cleveland Browns,35,35,Regular Season,1955
1955-11-27,Sun,Los Angeles Rams,Philadelphia Eagles,23,21,Regular Season,1955
1955-11-27,Sun,Washington Redskins,Pittsburgh Steelers,23,14,Regular Season,1955
1955-12-04,Sun,Chicago Bears,Detroit Lions,21,20,Regular Season,1955
1955-12-04,Sun,Green Bay Packers,San Francisco 49ers,28,7,Regular Season,1955
1955-12-04,Sun,Los Angeles Rams,Baltimore Colts,20,14,Regular Season,1955
1955-12-04,Sun,New York Giants,Washington Redskins,27,20,Regular Season,1955
1955-12-04,Sun,Philadelphia Eagles,Chicago Cardinals,27,3,Regular Season,1955
1955-12-04,Sun,Cleveland Browns,Pittsburgh Steelers,30,7,Regular Season,1955
1955-12-11,Sun,Chicago Bears,Philadelphia Eagles,17,10,Regular Season,1955
1955-12-11,Sun,New York Giants,Detroit Lions,24,19,Regular Season,1955
1955-12-11,Sun,Washington Redskins,Pittsburgh Steelers,28,17,Regular Season,1955
1955-12-11,Sun,Cleveland Browns,Chicago Cardinals,35,24,Regular Season,1955
1955-12-11,Sun,San Francisco 49ers,Baltimore Colts,35,24,Regular Season,1955
1955-12-11,Sun,Los Angeles Rams,Green Bay Packers,31,17,Regular Season,1955
Playoffs,,,,,,Playoff,1955
1955-12-26,Mon,Cleveland Browns,Los Angeles Rams,38,14,Playoff,1955
