Date,DOW,WT,LT,WTS,LTS,Type,Season
1956-09-30,Sun,Baltimore Colts,Chicago Bears,28,21,Regular Season,1956
1956-09-30,Sun,Pittsburgh Steelers,Washington Redskins,30,13,Regular Season,1956
1956-09-30,Sun,Detroit Lions,Green Bay Packers,20,16,Regular Season,1956
1956-09-30,Sun,Los Angeles Rams,Philadelphia Eagles,27,7,Regular Season,1956
1956-09-30,Sun,New York Giants,San Francisco 49ers,38,21,Regular Season,1956
1956-09-30,Sun,Chicago Cardinals,Cleveland Browns,9,7,Regular Season,1956
1956-10-06,Sat,Detroit Lions,Baltimore Colts,31,14,Regular Season,1956
1956-10-06,Sat,Philadelphia Eagles,Washington Redskins,13,9,Regular Season,1956
1956-10-06,Sat,Cleveland Browns,Pittsburgh Steelers,14,10,Regular Season,1956
1956-10-07,Sun,Chicago Bears,Green Bay Packers,37,21,Regular Season,1956
1956-10-07,Sun,Chicago Cardinals,New York Giants,35,27,Regular Season,1956
1956-10-07,Sun,San Francisco 49ers,Los Angeles Rams,33,30,Regular Season,1956
1956-10-14,Sun,Detroit Lions,Los Angeles Rams,24,21,Regular Season,1956
1956-10-14,Sun,New York Giants,Cleveland Browns,21,9,Regular Season,1956
1956-10-14,Sun,Philadelphia Eagles,Pittsburgh Steelers,35,21,Regular Season,1956
1956-10-14,Sun,Chicago Cardinals,Washington Redskins,31,3,Regular Season,1956
1956-10-14,Sun,Chicago Bears,San Francisco 49ers,31,7,Regular Season,1956
1956-10-14,Sun,Green Bay Packers,Baltimore Colts,38,33,Regular Season,1956
1956-10-21,Sun,Detroit Lions,San Francisco 49ers,20,17,Regular Season,1956
1956-10-21,Sun,Green Bay Packers,Los Angeles Rams,42,17,Regular Season,1956
1956-10-21,Sun,New York Giants,Pittsburgh Steelers,38,10,Regular Season,1956
1956-10-21,Sun,Chicago Cardinals,Philadelphia Eagles,20,6,Regular Season,1956
1956-10-21,Sun,Chicago Bears,Baltimore Colts,58,27,Regular Season,1956
1956-10-21,Sun,Washington Redskins,Cleveland Browns,20,9,Regular Season,1956
1956-10-28,Sun,New York Giants,Philadelphia Eagles,20,3,Regular Season,1956
1956-10-28,Sun,Washington Redskins,Chicago Cardinals,17,14,Regular Season,1956
1956-10-28,Sun,Pittsburgh Steelers,Cleveland Browns,24,16,Regular Season,1956
1956-10-28,Sun,Detroit Lions,Los Angeles Rams,16,7,Regular Season,1956
1956-10-28,Sun,Baltimore Colts,Green Bay Packers,28,21,Regular Season,1956
1956-10-28,Sun,Chicago Bears,San Francisco 49ers,38,21,Regular Season,1956
1956-11-04,Sun,New York Giants,Pittsburgh Steelers,17,14,Regular Season,1956
1956-11-04,Sun,Detroit Lions,San Francisco 49ers,17,13,Regular Season,1956
1956-11-04,Sun,Chicago Bears,Los Angeles Rams,35,24,Regular Season,1956
1956-11-04,Sun,Cleveland Browns,Green Bay Packers,24,7,Regular Season,1956
1956-11-04,Sun,Chicago Cardinals,Philadelphia Eagles,28,17,Regular Season,1956
1956-11-11,Sun,Chicago Bears,Green Bay Packers,38,14,Regular Season,1956
1956-11-11,Sun,Los Angeles Rams,San Francisco 49ers,30,6,Regular Season,1956
1956-11-11,Sun,Washington Redskins,Detroit Lions,18,17,Regular Season,1956
1956-11-11,Sun,Philadelphia Eagles,Pittsburgh Steelers,14,7,Regular Season,1956
1956-11-11,Sun,Baltimore Colts,Cleveland Browns,21,7,Regular Season,1956
1956-11-11,Sun,New York Giants,Chicago Cardinals,23,10,Regular Season,1956
1956-11-18,Sun,Detroit Lions,Baltimore Colts,27,3,Regular Season,1956
1956-11-18,Sun,Pittsburgh Steelers,Chicago Cardinals,14,7,Regular Season,1956
1956-11-18,Sun,Cleveland Browns,Philadelphia Eagles,16,0,Regular Season,1956
1956-11-18,Sun,Chicago Bears,Los Angeles Rams,30,21,Regular Season,1956
1956-11-18,Sun,Washington Redskins,New York Giants,33,7,Regular Season,1956
1956-11-18,Sun,San Francisco 49ers,Green Bay Packers,17,16,Regular Season,1956
1956-11-22,Thu,Green Bay Packers,Detroit Lions,24,20,Regular Season,1956
1956-11-25,Sun,Baltimore Colts,Los Angeles Rams,56,21,Regular Season,1956
1956-11-25,Sun,New York Giants,Chicago Bears,17,17,Regular Season,1956
1956-11-25,Sun,San Francisco 49ers,Philadelphia Eagles,10,10,Regular Season,1956
1956-11-25,Sun,Washington Redskins,Cleveland Browns,20,17,Regular Season,1956
1956-11-25,Sun,Chicago Cardinals,Pittsburgh Steelers,38,27,Regular Season,1956
1956-12-02,Sun,San Francisco 49ers,Baltimore Colts,20,17,Regular Season,1956
1956-12-02,Sun,Cleveland Browns,Philadelphia Eagles,17,14,Regular Season,1956
1956-12-02,Sun,Pittsburgh Steelers,Los Angeles Rams,30,13,Regular Season,1956
1956-12-02,Sun,Detroit Lions,Chicago Bears,42,10,Regular Season,1956
1956-12-02,Sun,Green Bay Packers,Chicago Cardinals,24,21,Regular Season,1956
1956-12-02,Sun,New York Giants,Washington Redskins,28,14,Regular Season,1956
1956-12-08,Sat,San Francisco 49ers,Green Bay Packers,38,20,Regular Season,1956
1956-12-09,Sun,Los Angeles Rams,Baltimore Colts,31,7,Regular Season,1956
1956-12-09,Sun,Detroit Lions,Pittsburgh Steelers,45,7,Regular Season,1956
1956-12-09,Sun,Washington Redskins,Philadelphia Eagles,19,17,Regular Season,1956
1956-12-09,Sun,Cleveland Browns,New York Giants,24,7,Regular Season,1956
1956-12-09,Sun,Chicago Bears,Chicago Cardinals,10,3,Regular Season,1956
1956-12-15,Sat,New York Giants,Philadelphia Eagles,21,7,Regular Season,1956
1956-12-16,Sun,San Francisco 49ers,Baltimore Colts,30,17,Regular Season,1956
1956-12-16,Sun,Chicago Bears,Detroit Lions,38,21,Regular Season,1956
1956-12-16,Sun,Chicago Cardinals,Cleveland Browns,24,7,Regular Season,1956
1956-12-16,Sun,Los Angeles Rams,Green Bay Packers,49,21,Regular Season,1956
1956-12-16,Sun,Pittsburgh Steelers,Washington Redskins,23,0,Regular Season,1956
1956-12-23,Sun,Baltimore Colts,Washington Redskins,19,17,Regular Season,1956
Playoffs,,,,,,Playoff,1956
1956-12-30,Sun,New York Giants,Chicago Bears,47,7,Playoff,1956
