Date,DOW,WT,LT,WTS,LTS,Type,Season
1957-09-29,Sun,Pittsburgh Steelers,Washington Redskins,28,7,Regular Season,1957
1957-09-29,Sun,Los Angeles Rams,Philadelphia Eagles,17,13,Regular Season,1957
1957-09-29,Sun,Green Bay Packers,Chicago Bears,21,17,Regular Season,1957
1957-09-29,Sun,Chicago Cardinals,San Francisco 49ers,20,10,Regular Season,1957
1957-09-29,Sun,Cleveland Browns,New York Giants,6,3,Regular Season,1957
1957-09-29,Sun,Baltimore Colts,Detroit Lions,34,14,Regular Season,1957
1957-10-05,Sat,Baltimore Colts,Chicago Bears,21,10,Regular Season,1957
1957-10-05,Sat,New York Giants,Philadelphia Eagles,24,20,Regular Season,1957
1957-10-05,Sat,Cleveland Browns,Pittsburgh Steelers,23,12,Regular Season,1957
1957-10-06,Sun,San Francisco 49ers,Los Angeles Rams,23,20,Regular Season,1957
1957-10-06,Sun,Detroit Lions,Green Bay Packers,24,14,Regular Season,1957
1957-10-06,Sun,Washington Redskins,Chicago Cardinals,37,14,Regular Season,1957
1957-10-13,Sun,Pittsburgh Steelers,Chicago Cardinals,29,20,Regular Season,1957
1957-10-13,Sun,New York Giants,Washington Redskins,24,20,Regular Season,1957
1957-10-13,Sun,Detroit Lions,Los Angeles Rams,10,7,Regular Season,1957
1957-10-13,Sun,Baltimore Colts,Green Bay Packers,45,17,Regular Season,1957
1957-10-13,Sun,San Francisco 49ers,Chicago Bears,21,17,Regular Season,1957
1957-10-13,Sun,Cleveland Browns,Philadelphia Eagles,24,7,Regular Season,1957
1957-10-20,Sun,Chicago Cardinals,Washington Redskins,44,14,Regular Season,1957
1957-10-20,Sun,Chicago Bears,Los Angeles Rams,34,26,Regular Season,1957
1957-10-20,Sun,New York Giants,Pittsburgh Steelers,35,0,Regular Season,1957
1957-10-20,Sun,Philadelphia Eagles,Cleveland Browns,17,7,Regular Season,1957
1957-10-20,Sun,Detroit Lions,Baltimore Colts,31,27,Regular Season,1957
1957-10-20,Sun,San Francisco 49ers,Green Bay Packers,24,14,Regular Season,1957
1957-10-27,Sun,Cleveland Browns,Chicago Cardinals,17,7,Regular Season,1957
1957-10-27,Sun,Pittsburgh Steelers,Philadelphia Eagles,6,0,Regular Season,1957
1957-10-27,Sun,San Francisco 49ers,Chicago Bears,21,17,Regular Season,1957
1957-10-27,Sun,Washington Redskins,New York Giants,31,14,Regular Season,1957
1957-10-27,Sun,Green Bay Packers,Baltimore Colts,24,21,Regular Season,1957
1957-10-27,Sun,Los Angeles Rams,Detroit Lions,35,17,Regular Season,1957
1957-11-03,Sun,Philadelphia Eagles,Chicago Cardinals,38,21,Regular Season,1957
1957-11-03,Sun,San Francisco 49ers,Detroit Lions,35,31,Regular Season,1957
1957-11-03,Sun,New York Giants,Green Bay Packers,31,17,Regular Season,1957
1957-11-03,Sun,Chicago Bears,Los Angeles Rams,16,10,Regular Season,1957
1957-11-03,Sun,Pittsburgh Steelers,Baltimore Colts,19,13,Regular Season,1957
1957-11-03,Sun,Cleveland Browns,Washington Redskins,21,17,Regular Season,1957
1957-11-10,Sun,Chicago Bears,Green Bay Packers,21,14,Regular Season,1957
1957-11-10,Sun,Detroit Lions,Philadelphia Eagles,27,16,Regular Season,1957
1957-11-10,Sun,New York Giants,Chicago Cardinals,27,14,Regular Season,1957
1957-11-10,Sun,Los Angeles Rams,San Francisco 49ers,37,24,Regular Season,1957
1957-11-10,Sun,Cleveland Browns,Pittsburgh Steelers,24,0,Regular Season,1957
1957-11-10,Sun,Baltimore Colts,Washington Redskins,21,17,Regular Season,1957
1957-11-17,Sun,Washington Redskins,Cleveland Browns,30,30,Regular Season,1957
1957-11-17,Sun,New York Giants,Philadelphia Eagles,13,0,Regular Season,1957
1957-11-17,Sun,Baltimore Colts,Chicago Bears,29,14,Regular Season,1957
1957-11-17,Sun,Los Angeles Rams,Green Bay Packers,31,27,Regular Season,1957
1957-11-17,Sun,Detroit Lions,San Francisco 49ers,31,10,Regular Season,1957
1957-11-24,Sun,New York Giants,Chicago Cardinals,28,21,Regular Season,1957
1957-11-24,Sun,Baltimore Colts,San Francisco 49ers,27,21,Regular Season,1957
1957-11-24,Sun,Philadelphia Eagles,Washington Redskins,21,12,Regular Season,1957
1957-11-24,Sun,Cleveland Browns,Los Angeles Rams,45,31,Regular Season,1957
1957-11-24,Sun,Chicago Bears,Detroit Lions,27,7,Regular Season,1957
1957-11-24,Sun,Green Bay Packers,Pittsburgh Steelers,27,10,Regular Season,1957
1957-11-28,Thu,Detroit Lions,Green Bay Packers,18,6,Regular Season,1957
1957-12-01,Sun,Baltimore Colts,Los Angeles Rams,31,14,Regular Season,1957
1957-12-01,Sun,Philadelphia Eagles,Pittsburgh Steelers,7,6,Regular Season,1957
1957-12-01,Sun,San Francisco 49ers,New York Giants,27,17,Regular Season,1957
1957-12-01,Sun,Cleveland Browns,Chicago Cardinals,31,0,Regular Season,1957
1957-12-01,Sun,Washington Redskins,Chicago Bears,14,3,Regular Season,1957
1957-12-07,Sat,Pittsburgh Steelers,New York Giants,21,10,Regular Season,1957
1957-12-08,Sun,Chicago Bears,Chicago Cardinals,14,6,Regular Season,1957
1957-12-08,Sun,San Francisco 49ers,Baltimore Colts,17,13,Regular Season,1957
1957-12-08,Sun,Los Angeles Rams,Green Bay Packers,42,17,Regular Season,1957
1957-12-08,Sun,Washington Redskins,Philadelphia Eagles,42,7,Regular Season,1957
1957-12-08,Sun,Detroit Lions,Cleveland Browns,20,7,Regular Season,1957
1957-12-14,Sat,Chicago Cardinals,Philadelphia Eagles,31,27,Regular Season,1957
1957-12-15,Sun,Washington Redskins,Pittsburgh Steelers,10,3,Regular Season,1957
1957-12-15,Sun,Cleveland Browns,New York Giants,34,28,Regular Season,1957
1957-12-15,Sun,Los Angeles Rams,Baltimore Colts,37,21,Regular Season,1957
1957-12-15,Sun,San Francisco 49ers,Green Bay Packers,27,20,Regular Season,1957
1957-12-15,Sun,Detroit Lions,Chicago Bears,21,13,Regular Season,1957
1957-12-22,Sun,Pittsburgh Steelers,Chicago Cardinals,27,2,Regular Season,1957
Playoffs,,,,,,Playoff,1957
1957-12-22,Sun,Detroit Lions,San Francisco 49ers,31,27,Playoff,1957
1957-12-29,Sun,Detroit Lions,Cleveland Browns,59,14,Playoff,1957
