Date,DOW,WT,LT,WTS,LTS,Type,Season
1958-09-28,Sun,Chicago Bears,Green Bay Packers,34,20,Regular Season,1958
1958-09-28,Sun,San Francisco 49ers,Pittsburgh Steelers,23,20,Regular Season,1958
1958-09-28,Sun,Washington Redskins,Philadelphia Eagles,24,14,Regular Season,1958
1958-09-28,Sun,New York Giants,Chicago Cardinals,37,7,Regular Season,1958
1958-09-28,Sun,Baltimore Colts,Detroit Lions,28,15,Regular Season,1958
1958-09-28,Sun,Cleveland Browns,Los Angeles Rams,30,27,Regular Season,1958
1958-10-04,Sat,Baltimore Colts,Chicago Bears,51,38,Regular Season,1958
1958-10-04,Sat,Chicago Cardinals,Washington Redskins,37,10,Regular Season,1958
1958-10-05,Sun,Green Bay Packers,Detroit Lions,13,13,Regular Season,1958
1958-10-05,Sun,Los Angeles Rams,San Francisco 49ers,33,3,Regular Season,1958
1958-10-05,Sun,Cleveland Browns,Pittsburgh Steelers,45,12,Regular Season,1958
1958-10-05,Sun,Philadelphia Eagles,New York Giants,27,24,Regular Season,1958
1958-10-12,Sun,Los Angeles Rams,Detroit Lions,42,28,Regular Season,1958
1958-10-12,Sun,Chicago Bears,San Francisco 49ers,28,6,Regular Season,1958
1958-10-12,Sun,Cleveland Browns,Chicago Cardinals,35,28,Regular Season,1958
1958-10-12,Sun,New York Giants,Washington Redskins,21,14,Regular Season,1958
1958-10-12,Sun,Baltimore Colts,Green Bay Packers,24,17,Regular Season,1958
1958-10-12,Sun,Pittsburgh Steelers,Philadelphia Eagles,24,3,Regular Season,1958
1958-10-19,Sun,Baltimore Colts,Detroit Lions,40,14,Regular Season,1958
1958-10-19,Sun,Chicago Cardinals,New York Giants,23,6,Regular Season,1958
1958-10-19,Sun,Washington Redskins,Green Bay Packers,37,21,Regular Season,1958
1958-10-19,Sun,Chicago Bears,Los Angeles Rams,31,10,Regular Season,1958
1958-10-19,Sun,San Francisco 49ers,Philadelphia Eagles,30,24,Regular Season,1958
1958-10-19,Sun,Cleveland Browns,Pittsburgh Steelers,27,10,Regular Season,1958
1958-10-26,Sun,New York Giants,Pittsburgh Steelers,17,6,Regular Season,1958
1958-10-26,Sun,Detroit Lions,Los Angeles Rams,41,24,Regular Season,1958
1958-10-26,Sun,Baltimore Colts,Washington Redskins,35,10,Regular Season,1958
1958-10-26,Sun,Green Bay Packers,Philadelphia Eagles,38,35,Regular Season,1958
1958-10-26,Sun,Cleveland Browns,Chicago Cardinals,38,24,Regular Season,1958
1958-10-26,Sun,Chicago Bears,San Francisco 49ers,27,14,Regular Season,1958
1958-11-02,Sun,Pittsburgh Steelers,Washington Redskins,24,16,Regular Season,1958
1958-11-02,Sun,San Francisco 49ers,Detroit Lions,24,21,Regular Season,1958
1958-11-02,Sun,Baltimore Colts,Green Bay Packers,56,0,Regular Season,1958
1958-11-02,Sun,Philadelphia Eagles,Chicago Cardinals,21,21,Regular Season,1958
1958-11-02,Sun,New York Giants,Cleveland Browns,21,17,Regular Season,1958
1958-11-02,Sun,Los Angeles Rams,Chicago Bears,41,35,Regular Season,1958
1958-11-09,Sun,Los Angeles Rams,San Francisco 49ers,56,7,Regular Season,1958
1958-11-09,Sun,Washington Redskins,Chicago Cardinals,45,31,Regular Season,1958
1958-11-09,Sun,Detroit Lions,Cleveland Browns,30,10,Regular Season,1958
1958-11-09,Sun,New York Giants,Baltimore Colts,24,21,Regular Season,1958
1958-11-09,Sun,Pittsburgh Steelers,Philadelphia Eagles,31,24,Regular Season,1958
1958-11-09,Sun,Chicago Bears,Green Bay Packers,24,10,Regular Season,1958
1958-11-16,Sun,Los Angeles Rams,Green Bay Packers,20,7,Regular Season,1958
1958-11-16,Sun,Detroit Lions,San Francisco 49ers,35,21,Regular Season,1958
1958-11-16,Sun,Philadelphia Eagles,Chicago Cardinals,49,21,Regular Season,1958
1958-11-16,Sun,Pittsburgh Steelers,New York Giants,31,10,Regular Season,1958
1958-11-16,Sun,Baltimore Colts,Chicago Bears,17,0,Regular Season,1958
1958-11-16,Sun,Cleveland Browns,Washington Redskins,20,10,Regular Season,1958
1958-11-23,Sun,Pittsburgh Steelers,Chicago Cardinals,27,20,Regular Season,1958
1958-11-23,Sun,Chicago Bears,Detroit Lions,20,7,Regular Season,1958
1958-11-23,Sun,Cleveland Browns,Philadelphia Eagles,28,14,Regular Season,1958
1958-11-23,Sun,San Francisco 49ers,Green Bay Packers,33,12,Regular Season,1958
1958-11-23,Sun,New York Giants,Washington Redskins,30,0,Regular Season,1958
1958-11-23,Sun,Baltimore Colts,Los Angeles Rams,34,7,Regular Season,1958
1958-11-27,Thu,Detroit Lions,Green Bay Packers,24,14,Regular Season,1958
1958-11-30,Sun,Los Angeles Rams,Chicago Cardinals,20,14,Regular Season,1958
1958-11-30,Sun,Pittsburgh Steelers,Chicago Bears,24,10,Regular Season,1958
1958-11-30,Sun,Cleveland Browns,Washington Redskins,21,14,Regular Season,1958
1958-11-30,Sun,New York Giants,Philadelphia Eagles,24,10,Regular Season,1958
1958-11-30,Sun,Baltimore Colts,San Francisco 49ers,35,27,Regular Season,1958
1958-12-06,Sat,Los Angeles Rams,Baltimore Colts,30,28,Regular Season,1958
1958-12-07,Sun,San Francisco 49ers,Green Bay Packers,48,21,Regular Season,1958
1958-12-07,Sun,Cleveland Browns,Philadelphia Eagles,21,14,Regular Season,1958
1958-12-07,Sun,New York Giants,Detroit Lions,19,17,Regular Season,1958
1958-12-07,Sun,Washington Redskins,Pittsburgh Steelers,14,14,Regular Season,1958
1958-12-07,Sun,Chicago Bears,Chicago Cardinals,30,14,Regular Season,1958
1958-12-13,Sat,Pittsburgh Steelers,Chicago Cardinals,38,21,Regular Season,1958
1958-12-14,Sun,New York Giants,Cleveland Browns,13,10,Regular Season,1958
1958-12-14,Sun,Los Angeles Rams,Green Bay Packers,34,20,Regular Season,1958
1958-12-14,Sun,San Francisco 49ers,Baltimore Colts,21,12,Regular Season,1958
1958-12-14,Sun,Washington Redskins,Philadelphia Eagles,20,0,Regular Season,1958
1958-12-14,Sun,Chicago Bears,Detroit Lions,21,16,Regular Season,1958
Playoffs,,,,,,Playoff,1958
1958-12-21,Sun,New York Giants,Cleveland Browns,10,0,Playoff,1958
1958-12-28,Sun,Baltimore Colts,New York Giants,23,17,Playoff,1958
