Date,DOW,WT,LT,WTS,LTS,Type,Season
1959-09-26,Sat,New York Giants,Los Angeles Rams,23,21,Regular Season,1959
1959-09-26,Sat,Pittsburgh Steelers,Cleveland Browns,17,7,Regular Season,1959
1959-09-27,Sun,Chicago Cardinals,Washington Redskins,49,21,Regular Season,1959
1959-09-27,Sun,Baltimore Colts,Detroit Lions,21,9,Regular Season,1959
1959-09-27,Sun,Green Bay Packers,Chicago Bears,9,6,Regular Season,1959
1959-09-27,Sun,San Francisco 49ers,Philadelphia Eagles,24,14,Regular Season,1959
1959-10-03,Sat,Chicago Bears,Baltimore Colts,26,21,Regular Season,1959
1959-10-04,Sun,Washington Redskins,Pittsburgh Steelers,23,17,Regular Season,1959
1959-10-04,Sun,Philadelphia Eagles,New York Giants,49,21,Regular Season,1959
1959-10-04,Sun,Cleveland Browns,Chicago Cardinals,34,7,Regular Season,1959
1959-10-04,Sun,San Francisco 49ers,Los Angeles Rams,34,0,Regular Season,1959
1959-10-04,Sun,Green Bay Packers,Detroit Lions,28,10,Regular Season,1959
1959-10-11,Sun,Baltimore Colts,Detroit Lions,31,24,Regular Season,1959
1959-10-11,Sun,Los Angeles Rams,Chicago Bears,28,21,Regular Season,1959
1959-10-11,Sun,Washington Redskins,Chicago Cardinals,23,14,Regular Season,1959
1959-10-11,Sun,New York Giants,Cleveland Browns,10,6,Regular Season,1959
1959-10-11,Sun,Philadelphia Eagles,Pittsburgh Steelers,28,24,Regular Season,1959
1959-10-11,Sun,Green Bay Packers,San Francisco 49ers,21,20,Regular Season,1959
1959-10-18,Sun,Los Angeles Rams,Green Bay Packers,45,6,Regular Season,1959
1959-10-18,Sun,Baltimore Colts,Chicago Bears,21,7,Regular Season,1959
1959-10-18,Sun,San Francisco 49ers,Detroit Lions,34,13,Regular Season,1959
1959-10-18,Sun,Cleveland Browns,Chicago Cardinals,17,7,Regular Season,1959
1959-10-18,Sun,Pittsburgh Steelers,Washington Redskins,27,6,Regular Season,1959
1959-10-18,Sun,New York Giants,Philadelphia Eagles,24,7,Regular Season,1959
1959-10-25,Sun,Detroit Lions,Los Angeles Rams,17,7,Regular Season,1959
1959-10-25,Sun,New York Giants,Pittsburgh Steelers,21,16,Regular Season,1959
1959-10-25,Sun,Philadelphia Eagles,Chicago Cardinals,28,24,Regular Season,1959
1959-10-25,Sun,San Francisco 49ers,Chicago Bears,20,17,Regular Season,1959
1959-10-25,Sun,Cleveland Browns,Washington Redskins,34,7,Regular Season,1959
1959-10-25,Sun,Baltimore Colts,Green Bay Packers,38,21,Regular Season,1959
1959-11-01,Sun,Chicago Bears,Los Angeles Rams,26,21,Regular Season,1959
1959-11-01,Sun,Philadelphia Eagles,Washington Redskins,30,23,Regular Season,1959
1959-11-01,Sun,New York Giants,Green Bay Packers,20,3,Regular Season,1959
1959-11-01,Sun,Cleveland Browns,Baltimore Colts,38,31,Regular Season,1959
1959-11-01,Sun,Chicago Cardinals,Pittsburgh Steelers,45,24,Regular Season,1959
1959-11-01,Sun,San Francisco 49ers,Detroit Lions,33,7,Regular Season,1959
1959-11-08,Sun,Cleveland Browns,Philadelphia Eagles,28,7,Regular Season,1959
1959-11-08,Sun,San Francisco 49ers,Los Angeles Rams,24,16,Regular Season,1959
1959-11-08,Sun,Chicago Bears,Green Bay Packers,28,17,Regular Season,1959
1959-11-08,Sun,Washington Redskins,Baltimore Colts,27,24,Regular Season,1959
1959-11-08,Sun,Pittsburgh Steelers,Detroit Lions,10,10,Regular Season,1959
1959-11-08,Sun,New York Giants,Chicago Cardinals,9,3,Regular Season,1959
1959-11-15,Sun,Baltimore Colts,Green Bay Packers,28,24,Regular Season,1959
1959-11-15,Sun,Cleveland Browns,Washington Redskins,31,17,Regular Season,1959
1959-11-15,Sun,Philadelphia Eagles,Chicago Cardinals,27,17,Regular Season,1959
1959-11-15,Sun,Detroit Lions,Los Angeles Rams,23,17,Regular Season,1959
1959-11-15,Sun,Pittsburgh Steelers,New York Giants,14,9,Regular Season,1959
1959-11-15,Sun,Chicago Bears,San Francisco 49ers,14,3,Regular Season,1959
1959-11-22,Sun,Philadelphia Eagles,Los Angeles Rams,23,20,Regular Season,1959
1959-11-22,Sun,Pittsburgh Steelers,Cleveland Browns,21,20,Regular Season,1959
1959-11-22,Sun,New York Giants,Chicago Cardinals,30,20,Regular Season,1959
1959-11-22,Sun,Baltimore Colts,San Francisco 49ers,45,14,Regular Season,1959
1959-11-22,Sun,Green Bay Packers,Washington Redskins,21,0,Regular Season,1959
1959-11-22,Sun,Chicago Bears,Detroit Lions,24,14,Regular Season,1959
1959-11-26,Thu,Green Bay Packers,Detroit Lions,24,17,Regular Season,1959
1959-11-29,Sun,New York Giants,Washington Redskins,45,14,Regular Season,1959
1959-11-29,Sun,Pittsburgh Steelers,Philadelphia Eagles,31,0,Regular Season,1959
1959-11-29,Sun,Chicago Bears,Chicago Cardinals,31,7,Regular Season,1959
1959-11-29,Sun,Baltimore Colts,Los Angeles Rams,35,21,Regular Season,1959
1959-11-29,Sun,San Francisco 49ers,Cleveland Browns,21,20,Regular Season,1959
1959-12-05,Sat,Baltimore Colts,San Francisco 49ers,34,14,Regular Season,1959
1959-12-06,Sun,Chicago Bears,Pittsburgh Steelers,27,21,Regular Season,1959
1959-12-06,Sun,Detroit Lions,Chicago Cardinals,45,21,Regular Season,1959
1959-12-06,Sun,Philadelphia Eagles,Washington Redskins,34,14,Regular Season,1959
1959-12-06,Sun,Green Bay Packers,Los Angeles Rams,38,20,Regular Season,1959
1959-12-06,Sun,New York Giants,Cleveland Browns,48,7,Regular Season,1959
1959-12-12,Sat,Baltimore Colts,Los Angeles Rams,45,26,Regular Season,1959
1959-12-13,Sun,Chicago Bears,Detroit Lions,25,14,Regular Season,1959
1959-12-13,Sun,New York Giants,Washington Redskins,24,10,Regular Season,1959
1959-12-13,Sun,Green Bay Packers,San Francisco 49ers,36,14,Regular Season,1959
1959-12-13,Sun,Cleveland Browns,Philadelphia Eagles,28,21,Regular Season,1959
1959-12-13,Sun,Pittsburgh Steelers,Chicago Cardinals,35,20,Regular Season,1959
Playoffs,,,,,,Playoff,1959
1959-12-27,Sun,Baltimore Colts,New York Giants,31,16,Playoff,1959
