Date,DOW,WT,LT,WTS,LTS,Type,Season
1960-09-23,Fri,St. Louis Cardinals,Los Angeles Rams,43,21,Regular Season,1960
1960-09-24,Sat,Pittsburgh Steelers,Dallas Cowboys,35,28,Regular Season,1960
1960-09-25,Sun,Chicago Bears,Green Bay Packers,17,14,Regular Season,1960
1960-09-25,Sun,Baltimore Colts,Washington Redskins,20,0,Regular Season,1960
1960-09-25,Sun,Cleveland Browns,Philadelphia Eagles,41,24,Regular Season,1960
1960-09-25,Sun,New York Giants,San Francisco 49ers,21,19,Regular Season,1960
1960-09-30,Fri,Philadelphia Eagles,Dallas Cowboys,27,25,Regular Season,1960
1960-10-02,Sun,Green Bay Packers,Detroit Lions,28,9,Regular Season,1960
1960-10-02,Sun,Baltimore Colts,Chicago Bears,42,7,Regular Season,1960
1960-10-02,Sun,New York Giants,St. Louis Cardinals,35,14,Regular Season,1960
1960-10-02,Sun,Cleveland Browns,Pittsburgh Steelers,28,20,Regular Season,1960
1960-10-02,Sun,San Francisco 49ers,Los Angeles Rams,13,9,Regular Season,1960
1960-10-09,Sun,San Francisco 49ers,Detroit Lions,14,10,Regular Season,1960
1960-10-09,Sun,Chicago Bears,Los Angeles Rams,34,27,Regular Season,1960
1960-10-09,Sun,New York Giants,Pittsburgh Steelers,19,17,Regular Season,1960
1960-10-09,Sun,Philadelphia Eagles,St. Louis Cardinals,31,27,Regular Season,1960
1960-10-09,Sun,Green Bay Packers,Baltimore Colts,35,21,Regular Season,1960
1960-10-09,Sun,Washington Redskins,Dallas Cowboys,26,14,Regular Season,1960
1960-10-16,Sun,Cleveland Browns,Dallas Cowboys,48,7,Regular Season,1960
1960-10-16,Sun,Philadelphia Eagles,Detroit Lions,28,10,Regular Season,1960
1960-10-16,Sun,Chicago Bears,San Francisco 49ers,27,10,Regular Season,1960
1960-10-16,Sun,Baltimore Colts,Los Angeles Rams,31,17,Regular Season,1960
1960-10-16,Sun,Pittsburgh Steelers,St. Louis Cardinals,27,14,Regular Season,1960
1960-10-16,Sun,Washington Redskins,New York Giants,24,24,Regular Season,1960
1960-10-23,Sun,Green Bay Packers,San Francisco 49ers,41,14,Regular Season,1960
1960-10-23,Sun,Philadelphia Eagles,Cleveland Browns,31,29,Regular Season,1960
1960-10-23,Sun,Los Angeles Rams,Chicago Bears,24,24,Regular Season,1960
1960-10-23,Sun,Detroit Lions,Baltimore Colts,30,17,Regular Season,1960
1960-10-23,Sun,St. Louis Cardinals,Dallas Cowboys,12,10,Regular Season,1960
1960-10-23,Sun,Washington Redskins,Pittsburgh Steelers,27,27,Regular Season,1960
1960-10-30,Sun,Los Angeles Rams,Detroit Lions,48,35,Regular Season,1960
1960-10-30,Sun,Green Bay Packers,Pittsburgh Steelers,19,13,Regular Season,1960
1960-10-30,Sun,Cleveland Browns,Washington Redskins,31,10,Regular Season,1960
1960-10-30,Sun,Baltimore Colts,Dallas Cowboys,45,7,Regular Season,1960
1960-10-30,Sun,San Francisco 49ers,Chicago Bears,25,7,Regular Season,1960
1960-10-30,Sun,St. Louis Cardinals,New York Giants,20,13,Regular Season,1960
1960-11-06,Sun,Detroit Lions,San Francisco 49ers,24,0,Regular Season,1960
1960-11-06,Sun,New York Giants,Cleveland Browns,17,13,Regular Season,1960
1960-11-06,Sun,Philadelphia Eagles,Pittsburgh Steelers,34,7,Regular Season,1960
1960-11-06,Sun,Los Angeles Rams,Dallas Cowboys,38,13,Regular Season,1960
1960-11-06,Sun,St. Louis Cardinals,Washington Redskins,44,7,Regular Season,1960
1960-11-06,Sun,Baltimore Colts,Green Bay Packers,38,24,Regular Season,1960
1960-11-13,Sun,Baltimore Colts,Chicago Bears,24,20,Regular Season,1960
1960-11-13,Sun,Philadelphia Eagles,Washington Redskins,19,13,Regular Season,1960
1960-11-13,Sun,Cleveland Browns,St. Louis Cardinals,28,27,Regular Season,1960
1960-11-13,Sun,New York Giants,Pittsburgh Steelers,27,24,Regular Season,1960
1960-11-13,Sun,Detroit Lions,Los Angeles Rams,12,10,Regular Season,1960
1960-11-13,Sun,Green Bay Packers,Dallas Cowboys,41,7,Regular Season,1960
1960-11-20,Sun,Los Angeles Rams,Green Bay Packers,33,31,Regular Season,1960
1960-11-20,Sun,Chicago Bears,Detroit Lions,28,7,Regular Season,1960
1960-11-20,Sun,Pittsburgh Steelers,Cleveland Browns,14,10,Regular Season,1960
1960-11-20,Sun,Philadelphia Eagles,New York Giants,17,10,Regular Season,1960
1960-11-20,Sun,St. Louis Cardinals,Washington Redskins,26,14,Regular Season,1960
1960-11-20,Sun,San Francisco 49ers,Dallas Cowboys,26,14,Regular Season,1960
1960-11-24,Thu,Detroit Lions,Green Bay Packers,23,10,Regular Season,1960
1960-11-27,Sun,San Francisco 49ers,Baltimore Colts,30,22,Regular Season,1960
1960-11-27,Sun,St. Louis Cardinals,Cleveland Browns,17,17,Regular Season,1960
1960-11-27,Sun,Philadelphia Eagles,New York Giants,31,23,Regular Season,1960
1960-11-27,Sun,Chicago Bears,Dallas Cowboys,17,7,Regular Season,1960
1960-11-27,Sun,Pittsburgh Steelers,Washington Redskins,22,10,Regular Season,1960
1960-12-04,Sun,San Francisco 49ers,Los Angeles Rams,23,7,Regular Season,1960
1960-12-04,Sun,Green Bay Packers,Chicago Bears,41,13,Regular Season,1960
1960-12-04,Sun,Cleveland Browns,Washington Redskins,27,16,Regular Season,1960
1960-12-04,Sun,Detroit Lions,Baltimore Colts,20,15,Regular Season,1960
1960-12-04,Sun,Philadelphia Eagles,St. Louis Cardinals,20,6,Regular Season,1960
1960-12-04,Sun,New York Giants,Dallas Cowboys,31,31,Regular Season,1960
1960-12-10,Sat,Green Bay Packers,San Francisco 49ers,13,0,Regular Season,1960
1960-12-11,Sun,New York Giants,Washington Redskins,17,3,Regular Season,1960
1960-12-11,Sun,Los Angeles Rams,Baltimore Colts,10,3,Regular Season,1960
1960-12-11,Sun,Pittsburgh Steelers,Philadelphia Eagles,27,21,Regular Season,1960
1960-12-11,Sun,Cleveland Browns,Chicago Bears,42,0,Regular Season,1960
1960-12-11,Sun,Detroit Lions,Dallas Cowboys,23,14,Regular Season,1960
1960-12-17,Sat,Green Bay Packers,Los Angeles Rams,35,21,Regular Season,1960
1960-12-18,Sun,Cleveland Browns,New York Giants,48,34,Regular Season,1960
1960-12-18,Sun,Philadelphia Eagles,Washington Redskins,38,28,Regular Season,1960
1960-12-18,Sun,Detroit Lions,Chicago Bears,36,0,Regular Season,1960
1960-12-18,Sun,San Francisco 49ers,Baltimore Colts,34,10,Regular Season,1960
1960-12-18,Sun,St. Louis Cardinals,Pittsburgh Steelers,38,7,Regular Season,1960
Playoffs,,,,,,Playoff,1960
1960-12-26,Mon,Philadelphia Eagles,Green Bay Packers,17,13,Playoff,1960
