Date,DOW,WT,LT,WTS,LTS,Type,Season
1961-09-17,Sun,Minnesota Vikings,Chicago Bears,37,13,Regular Season,1961
1961-09-17,Sun,San Francisco 49ers,Washington Redskins,35,3,Regular Season,1961
1961-09-17,Sun,Detroit Lions,Green Bay Packers,17,13,Regular Season,1961
1961-09-17,Sun,Dallas Cowboys,Pittsburgh Steelers,27,24,Regular Season,1961
1961-09-17,Sun,St. Louis Cardinals,New York Giants,21,10,Regular Season,1961
1961-09-17,Sun,Baltimore Colts,Los Angeles Rams,27,24,Regular Season,1961
1961-09-17,Sun,Philadelphia Eagles,Cleveland Browns,27,20,Regular Season,1961
1961-09-23,Sat,Chicago Bears,Los Angeles Rams,21,17,Regular Season,1961
1961-09-24,Sun,Detroit Lions,Baltimore Colts,16,15,Regular Season,1961
1961-09-24,Sun,Dallas Cowboys,Minnesota Vikings,21,7,Regular Season,1961
1961-09-24,Sun,Green Bay Packers,San Francisco 49ers,30,10,Regular Season,1961
1961-09-24,Sun,Philadelphia Eagles,Washington Redskins,14,7,Regular Season,1961
1961-09-24,Sun,Cleveland Browns,St. Louis Cardinals,20,17,Regular Season,1961
1961-09-24,Sun,New York Giants,Pittsburgh Steelers,17,14,Regular Season,1961
1961-10-01,Sun,St. Louis Cardinals,Philadelphia Eagles,30,27,Regular Season,1961
1961-10-01,Sun,Baltimore Colts,Minnesota Vikings,34,33,Regular Season,1961
1961-10-01,Sun,San Francisco 49ers,Detroit Lions,49,0,Regular Season,1961
1961-10-01,Sun,New York Giants,Washington Redskins,24,21,Regular Season,1961
1961-10-01,Sun,Cleveland Browns,Dallas Cowboys,25,7,Regular Season,1961
1961-10-01,Sun,Los Angeles Rams,Pittsburgh Steelers,24,14,Regular Season,1961
1961-10-01,Sun,Green Bay Packers,Chicago Bears,24,0,Regular Season,1961
1961-10-08,Sun,Cleveland Browns,Washington Redskins,31,7,Regular Season,1961
1961-10-08,Sun,Philadelphia Eagles,Pittsburgh Steelers,21,16,Regular Season,1961
1961-10-08,Sun,Chicago Bears,Detroit Lions,31,17,Regular Season,1961
1961-10-08,Sun,Dallas Cowboys,Minnesota Vikings,28,0,Regular Season,1961
1961-10-08,Sun,San Francisco 49ers,Los Angeles Rams,35,0,Regular Season,1961
1961-10-08,Sun,Green Bay Packers,Baltimore Colts,45,7,Regular Season,1961
1961-10-08,Sun,New York Giants,St. Louis Cardinals,24,9,Regular Season,1961
1961-10-15,Sun,San Francisco 49ers,Minnesota Vikings,38,24,Regular Season,1961
1961-10-15,Sun,Detroit Lions,Los Angeles Rams,14,13,Regular Season,1961
1961-10-15,Sun,Pittsburgh Steelers,Washington Redskins,20,0,Regular Season,1961
1961-10-15,Sun,Chicago Bears,Baltimore Colts,24,10,Regular Season,1961
1961-10-15,Sun,Philadelphia Eagles,St. Louis Cardinals,20,7,Regular Season,1961
1961-10-15,Sun,New York Giants,Dallas Cowboys,31,10,Regular Season,1961
1961-10-15,Sun,Green Bay Packers,Cleveland Browns,49,17,Regular Season,1961
1961-10-22,Sun,Green Bay Packers,Minnesota Vikings,33,7,Regular Season,1961
1961-10-22,Sun,Cleveland Browns,Pittsburgh Steelers,30,28,Regular Season,1961
1961-10-22,Sun,Philadelphia Eagles,Dallas Cowboys,43,7,Regular Season,1961
1961-10-22,Sun,New York Giants,Los Angeles Rams,24,14,Regular Season,1961
1961-10-22,Sun,St. Louis Cardinals,Washington Redskins,24,0,Regular Season,1961
1961-10-22,Sun,Baltimore Colts,Detroit Lions,17,14,Regular Season,1961
1961-10-22,Sun,Chicago Bears,San Francisco 49ers,31,0,Regular Season,1961
1961-10-29,Sun,Cleveland Browns,St. Louis Cardinals,21,10,Regular Season,1961
1961-10-29,Sun,Dallas Cowboys,New York Giants,17,16,Regular Season,1961
1961-10-29,Sun,Detroit Lions,Los Angeles Rams,28,10,Regular Season,1961
1961-10-29,Sun,Green Bay Packers,Minnesota Vikings,28,10,Regular Season,1961
1961-10-29,Sun,Pittsburgh Steelers,San Francisco 49ers,20,10,Regular Season,1961
1961-10-29,Sun,Philadelphia Eagles,Washington Redskins,27,24,Regular Season,1961
1961-10-29,Sun,Chicago Bears,Baltimore Colts,21,20,Regular Season,1961
1961-11-05,Sun,New York Giants,Washington Redskins,53,0,Regular Season,1961
1961-11-05,Sun,Los Angeles Rams,Minnesota Vikings,31,17,Regular Season,1961
1961-11-05,Sun,San Francisco 49ers,Detroit Lions,20,20,Regular Season,1961
1961-11-05,Sun,Philadelphia Eagles,Chicago Bears,16,14,Regular Season,1961
1961-11-05,Sun,Pittsburgh Steelers,Cleveland Browns,17,13,Regular Season,1961
1961-11-05,Sun,St. Louis Cardinals,Dallas Cowboys,31,17,Regular Season,1961
1961-11-05,Sun,Baltimore Colts,Green Bay Packers,45,21,Regular Season,1961
1961-11-12,Sun,Minnesota Vikings,Baltimore Colts,28,20,Regular Season,1961
1961-11-12,Sun,Cleveland Browns,Washington Redskins,17,6,Regular Season,1961
1961-11-12,Sun,Pittsburgh Steelers,Dallas Cowboys,37,7,Regular Season,1961
1961-11-12,Sun,Los Angeles Rams,San Francisco 49ers,17,7,Regular Season,1961
1961-11-12,Sun,Green Bay Packers,Chicago Bears,31,28,Regular Season,1961
1961-11-12,Sun,New York Giants,Philadelphia Eagles,38,21,Regular Season,1961
1961-11-12,Sun,Detroit Lions,St. Louis Cardinals,45,14,Regular Season,1961
1961-11-19,Sun,San Francisco 49ers,Chicago Bears,41,31,Regular Season,1961
1961-11-19,Sun,Washington Redskins,Dallas Cowboys,28,28,Regular Season,1961
1961-11-19,Sun,Cleveland Browns,Philadelphia Eagles,45,24,Regular Season,1961
1961-11-19,Sun,Detroit Lions,Minnesota Vikings,37,10,Regular Season,1961
1961-11-19,Sun,Baltimore Colts,St. Louis Cardinals,16,0,Regular Season,1961
1961-11-19,Sun,Green Bay Packers,Los Angeles Rams,35,17,Regular Season,1961
1961-11-19,Sun,New York Giants,Pittsburgh Steelers,42,21,Regular Season,1961
1961-11-23,Thu,Green Bay Packers,Detroit Lions,17,9,Regular Season,1961
1961-11-26,Sun,San Francisco 49ers,Minnesota Vikings,38,28,Regular Season,1961
1961-11-26,Sun,Pittsburgh Steelers,St. Louis Cardinals,30,27,Regular Season,1961
1961-11-26,Sun,Philadelphia Eagles,Dallas Cowboys,35,13,Regular Season,1961
1961-11-26,Sun,New York Giants,Cleveland Browns,37,21,Regular Season,1961
1961-11-26,Sun,Chicago Bears,Los Angeles Rams,28,24,Regular Season,1961
1961-11-26,Sun,Baltimore Colts,Washington Redskins,27,6,Regular Season,1961
1961-12-03,Sun,Baltimore Colts,San Francisco 49ers,20,17,Regular Season,1961
1961-12-03,Sun,Minnesota Vikings,Los Angeles Rams,42,21,Regular Season,1961
1961-12-03,Sun,Green Bay Packers,New York Giants,20,17,Regular Season,1961
1961-12-03,Sun,Cleveland Browns,Dallas Cowboys,38,17,Regular Season,1961
1961-12-03,Sun,Detroit Lions,Chicago Bears,16,15,Regular Season,1961
1961-12-03,Sun,Philadelphia Eagles,Pittsburgh Steelers,35,24,Regular Season,1961
1961-12-03,Sun,St. Louis Cardinals,Washington Redskins,38,24,Regular Season,1961
1961-12-09,Sat,Los Angeles Rams,Baltimore Colts,34,17,Regular Season,1961
1961-12-10,Sun,Pittsburgh Steelers,Washington Redskins,30,14,Regular Season,1961
1961-12-10,Sun,St. Louis Cardinals,Dallas Cowboys,31,13,Regular Season,1961
1961-12-10,Sun,Chicago Bears,Cleveland Browns,17,14,Regular Season,1961
1961-12-10,Sun,New York Giants,Philadelphia Eagles,28,24,Regular Season,1961
1961-12-10,Sun,San Francisco 49ers,Green Bay Packers,22,21,Regular Season,1961
1961-12-10,Sun,Detroit Lions,Minnesota Vikings,13,7,Regular Season,1961
1961-12-16,Sat,Baltimore Colts,San Francisco 49ers,27,24,Regular Season,1961
1961-12-17,Sun,Chicago Bears,Minnesota Vikings,52,35,Regular Season,1961
1961-12-17,Sun,Philadelphia Eagles,Detroit Lions,27,24,Regular Season,1961
1961-12-17,Sun,St. Louis Cardinals,Pittsburgh Steelers,20,0,Regular Season,1961
1961-12-17,Sun,New York Giants,Cleveland Browns,7,7,Regular Season,1961
1961-12-17,Sun,Washington Redskins,Dallas Cowboys,34,24,Regular Season,1961
1961-12-17,Sun,Green Bay Packers,Los Angeles Rams,24,17,Regular Season,1961
Playoffs,,,,,,Playoff,1961
1961-12-31,Sun,Green Bay Packers,New York Giants,37,0,Playoff,1961
