Date,DOW,WT,LT,WTS,LTS,Type,Season
1962-09-16,Sun,Washington Redskins,Dallas Cowboys,35,35,Regular Season,1962
1962-09-16,Sun,St. Louis Cardinals,Philadelphia Eagles,27,21,Regular Season,1962
1962-09-16,Sun,Green Bay Packers,Minnesota Vikings,34,7,Regular Season,1962
1962-09-16,Sun,Baltimore Colts,Los Angeles Rams,30,27,Regular Season,1962
1962-09-16,Sun,Chicago Bears,San Francisco 49ers,30,14,Regular Season,1962
1962-09-16,Sun,Detroit Lions,Pittsburgh Steelers,45,7,Regular Season,1962
1962-09-16,Sun,Cleveland Browns,New York Giants,17,7,Regular Season,1962
1962-09-23,Sun,Chicago Bears,Los Angeles Rams,27,23,Regular Season,1962
1962-09-23,Sun,Pittsburgh Steelers,Dallas Cowboys,30,28,Regular Season,1962
1962-09-23,Sun,Green Bay Packers,St. Louis Cardinals,17,0,Regular Season,1962
1962-09-23,Sun,New York Giants,Philadelphia Eagles,29,13,Regular Season,1962
1962-09-23,Sun,Baltimore Colts,Minnesota Vikings,34,7,Regular Season,1962
1962-09-23,Sun,Detroit Lions,San Francisco 49ers,45,24,Regular Season,1962
1962-09-23,Sun,Washington Redskins,Cleveland Browns,17,16,Regular Season,1962
1962-09-30,Sun,Detroit Lions,Baltimore Colts,29,20,Regular Season,1962
1962-09-30,Sun,Philadelphia Eagles,Cleveland Browns,35,7,Regular Season,1962
1962-09-30,Sun,San Francisco 49ers,Minnesota Vikings,21,7,Regular Season,1962
1962-09-30,Sun,Washington Redskins,St. Louis Cardinals,24,14,Regular Season,1962
1962-09-30,Sun,New York Giants,Pittsburgh Steelers,31,27,Regular Season,1962
1962-09-30,Sun,Dallas Cowboys,Los Angeles Rams,27,17,Regular Season,1962
1962-09-30,Sun,Green Bay Packers,Chicago Bears,49,0,Regular Season,1962
1962-10-06,Sat,Pittsburgh Steelers,Philadelphia Eagles,13,7,Regular Season,1962
1962-10-07,Sun,Washington Redskins,Los Angeles Rams,20,14,Regular Season,1962
1962-10-07,Sun,San Francisco 49ers,Baltimore Colts,21,13,Regular Season,1962
1962-10-07,Sun,Green Bay Packers,Detroit Lions,9,7,Regular Season,1962
1962-10-07,Sun,Chicago Bears,Minnesota Vikings,13,0,Regular Season,1962
1962-10-07,Sun,Cleveland Browns,Dallas Cowboys,19,10,Regular Season,1962
1962-10-07,Sun,New York Giants,St. Louis Cardinals,31,14,Regular Season,1962
1962-10-14,Sun,Dallas Cowboys,Philadelphia Eagles,41,19,Regular Season,1962
1962-10-14,Sun,Washington Redskins,St. Louis Cardinals,17,17,Regular Season,1962
1962-10-14,Sun,San Francisco 49ers,Chicago Bears,34,27,Regular Season,1962
1962-10-14,Sun,Pittsburgh Steelers,New York Giants,20,17,Regular Season,1962
1962-10-14,Sun,Green Bay Packers,Minnesota Vikings,48,21,Regular Season,1962
1962-10-14,Sun,Baltimore Colts,Cleveland Browns,36,14,Regular Season,1962
1962-10-14,Sun,Detroit Lions,Los Angeles Rams,13,10,Regular Season,1962
1962-10-21,Sun,New York Giants,Detroit Lions,17,14,Regular Season,1962
1962-10-21,Sun,Washington Redskins,Philadelphia Eagles,27,21,Regular Season,1962
1962-10-21,Sun,Green Bay Packers,San Francisco 49ers,31,13,Regular Season,1962
1962-10-21,Sun,Chicago Bears,Baltimore Colts,35,15,Regular Season,1962
1962-10-21,Sun,Dallas Cowboys,Pittsburgh Steelers,42,27,Regular Season,1962
1962-10-21,Sun,Minnesota Vikings,Los Angeles Rams,38,14,Regular Season,1962
1962-10-21,Sun,Cleveland Browns,St. Louis Cardinals,34,7,Regular Season,1962
1962-10-28,Sun,St. Louis Cardinals,Dallas Cowboys,28,24,Regular Season,1962
1962-10-28,Sun,Detroit Lions,Chicago Bears,11,3,Regular Season,1962
1962-10-28,Sun,Minnesota Vikings,Philadelphia Eagles,31,21,Regular Season,1962
1962-10-28,Sun,Green Bay Packers,Baltimore Colts,17,6,Regular Season,1962
1962-10-28,Sun,New York Giants,Washington Redskins,49,34,Regular Season,1962
1962-10-28,Sun,Los Angeles Rams,San Francisco 49ers,28,14,Regular Season,1962
1962-10-28,Sun,Cleveland Browns,Pittsburgh Steelers,41,14,Regular Season,1962
1962-11-04,Sun,Dallas Cowboys,Washington Redskins,38,10,Regular Season,1962
1962-11-04,Sun,Detroit Lions,Los Angeles Rams,12,3,Regular Season,1962
1962-11-04,Sun,Baltimore Colts,San Francisco 49ers,22,3,Regular Season,1962
1962-11-04,Sun,New York Giants,St. Louis Cardinals,31,28,Regular Season,1962
1962-11-04,Sun,Pittsburgh Steelers,Minnesota Vikings,39,31,Regular Season,1962
1962-11-04,Sun,Philadelphia Eagles,Cleveland Browns,14,14,Regular Season,1962
1962-11-04,Sun,Green Bay Packers,Chicago Bears,38,7,Regular Season,1962
1962-11-11,Sun,Green Bay Packers,Philadelphia Eagles,49,0,Regular Season,1962
1962-11-11,Sun,Pittsburgh Steelers,St. Louis Cardinals,26,17,Regular Season,1962
1962-11-11,Sun,Baltimore Colts,Los Angeles Rams,14,2,Regular Season,1962
1962-11-11,Sun,New York Giants,Dallas Cowboys,41,10,Regular Season,1962
1962-11-11,Sun,Washington Redskins,Cleveland Browns,17,9,Regular Season,1962
1962-11-11,Sun,Chicago Bears,Minnesota Vikings,31,30,Regular Season,1962
1962-11-11,Sun,Detroit Lions,San Francisco 49ers,38,24,Regular Season,1962
1962-11-18,Sun,San Francisco 49ers,Los Angeles Rams,24,17,Regular Season,1962
1962-11-18,Sun,Detroit Lions,Minnesota Vikings,17,6,Regular Season,1962
1962-11-18,Sun,New York Giants,Philadelphia Eagles,19,14,Regular Season,1962
1962-11-18,Sun,Pittsburgh Steelers,Washington Redskins,23,21,Regular Season,1962
1962-11-18,Sun,Chicago Bears,Dallas Cowboys,34,33,Regular Season,1962
1962-11-18,Sun,Cleveland Browns,St. Louis Cardinals,38,14,Regular Season,1962
1962-11-18,Sun,Green Bay Packers,Baltimore Colts,17,13,Regular Season,1962
1962-11-22,Thu,Detroit Lions,Green Bay Packers,26,14,Regular Season,1962
1962-11-25,Sun,New York Giants,Washington Redskins,42,24,Regular Season,1962
1962-11-25,Sun,Cleveland Browns,Pittsburgh Steelers,35,14,Regular Season,1962
1962-11-25,Sun,Chicago Bears,Baltimore Colts,57,0,Regular Season,1962
1962-11-25,Sun,Philadelphia Eagles,Dallas Cowboys,28,14,Regular Season,1962
1962-11-25,Sun,San Francisco 49ers,St. Louis Cardinals,24,17,Regular Season,1962
1962-11-25,Sun,Los Angeles Rams,Minnesota Vikings,24,24,Regular Season,1962
1962-12-02,Sun,Detroit Lions,Baltimore Colts,21,14,Regular Season,1962
1962-12-02,Sun,Philadelphia Eagles,Washington Redskins,37,14,Regular Season,1962
1962-12-02,Sun,Dallas Cowboys,Cleveland Browns,45,21,Regular Season,1962
1962-12-02,Sun,San Francisco 49ers,Minnesota Vikings,35,12,Regular Season,1962
1962-12-02,Sun,New York Giants,Chicago Bears,26,24,Regular Season,1962
1962-12-02,Sun,Green Bay Packers,Los Angeles Rams,41,10,Regular Season,1962
1962-12-02,Sun,Pittsburgh Steelers,St. Louis Cardinals,19,7,Regular Season,1962
1962-12-08,Sat,Baltimore Colts,Washington Redskins,34,21,Regular Season,1962
1962-12-09,Sun,Chicago Bears,Los Angeles Rams,30,14,Regular Season,1962
1962-12-09,Sun,Pittsburgh Steelers,Philadelphia Eagles,26,17,Regular Season,1962
1962-12-09,Sun,New York Giants,Cleveland Browns,17,13,Regular Season,1962
1962-12-09,Sun,Green Bay Packers,San Francisco 49ers,31,21,Regular Season,1962
1962-12-09,Sun,Detroit Lions,Minnesota Vikings,37,23,Regular Season,1962
1962-12-09,Sun,St. Louis Cardinals,Dallas Cowboys,52,20,Regular Season,1962
1962-12-15,Sat,Cleveland Browns,San Francisco 49ers,13,10,Regular Season,1962
1962-12-16,Sun,Chicago Bears,Detroit Lions,3,0,Regular Season,1962
1962-12-16,Sun,St. Louis Cardinals,Philadelphia Eagles,45,35,Regular Season,1962
1962-12-16,Sun,Baltimore Colts,Minnesota Vikings,42,17,Regular Season,1962
1962-12-16,Sun,Pittsburgh Steelers,Washington Redskins,27,24,Regular Season,1962
1962-12-16,Sun,Green Bay Packers,Los Angeles Rams,20,17,Regular Season,1962
1962-12-16,Sun,New York Giants,Dallas Cowboys,41,31,Regular Season,1962
Playoffs,,,,,,Playoff,1962
1962-12-30,Sun,Green Bay Packers,New York Giants,16,7,Playoff,1962
