Date,DOW,WT,LT,WTS,LTS,Type,Season
1963-09-14,Sat,Detroit Lions,Los Angeles Rams,23,2,Regular Season,1963
1963-09-14,Sat,St. Louis Cardinals,Dallas Cowboys,34,7,Regular Season,1963
1963-09-15,Sun,Chicago Bears,Green Bay Packers,10,3,Regular Season,1963
1963-09-15,Sun,New York Giants,Baltimore Colts,37,28,Regular Season,1963
1963-09-15,Sun,Minnesota Vikings,San Francisco 49ers,24,20,Regular Season,1963
1963-09-15,Sun,Pittsburgh Steelers,Philadelphia Eagles,21,21,Regular Season,1963
1963-09-15,Sun,Cleveland Browns,Washington Redskins,37,14,Regular Season,1963
1963-09-21,Sat,Washington Redskins,Los Angeles Rams,37,14,Regular Season,1963
1963-09-22,Sun,Chicago Bears,Minnesota Vikings,28,7,Regular Season,1963
1963-09-22,Sun,Green Bay Packers,Detroit Lions,31,10,Regular Season,1963
1963-09-22,Sun,St. Louis Cardinals,Philadelphia Eagles,28,24,Regular Season,1963
1963-09-22,Sun,Baltimore Colts,San Francisco 49ers,20,14,Regular Season,1963
1963-09-22,Sun,Pittsburgh Steelers,New York Giants,31,0,Regular Season,1963
1963-09-22,Sun,Cleveland Browns,Dallas Cowboys,41,24,Regular Season,1963
1963-09-29,Sun,New York Giants,Philadelphia Eagles,37,14,Regular Season,1963
1963-09-29,Sun,Green Bay Packers,Baltimore Colts,31,20,Regular Season,1963
1963-09-29,Sun,Minnesota Vikings,San Francisco 49ers,45,14,Regular Season,1963
1963-09-29,Sun,Washington Redskins,Dallas Cowboys,21,17,Regular Season,1963
1963-09-29,Sun,Pittsburgh Steelers,St. Louis Cardinals,23,10,Regular Season,1963
1963-09-29,Sun,Chicago Bears,Detroit Lions,37,21,Regular Season,1963
1963-09-29,Sun,Cleveland Browns,Los Angeles Rams,20,6,Regular Season,1963
1963-10-05,Sat,Cleveland Browns,Pittsburgh Steelers,35,23,Regular Season,1963
1963-10-06,Sun,St. Louis Cardinals,Minnesota Vikings,56,14,Regular Season,1963
1963-10-06,Sun,Green Bay Packers,Los Angeles Rams,42,10,Regular Season,1963
1963-10-06,Sun,Chicago Bears,Baltimore Colts,10,3,Regular Season,1963
1963-10-06,Sun,New York Giants,Washington Redskins,24,14,Regular Season,1963
1963-10-06,Sun,Philadelphia Eagles,Dallas Cowboys,24,21,Regular Season,1963
1963-10-06,Sun,Detroit Lions,San Francisco 49ers,26,3,Regular Season,1963
1963-10-13,Sun,St. Louis Cardinals,Pittsburgh Steelers,24,23,Regular Season,1963
1963-10-13,Sun,Baltimore Colts,San Francisco 49ers,20,3,Regular Season,1963
1963-10-13,Sun,Chicago Bears,Los Angeles Rams,52,14,Regular Season,1963
1963-10-13,Sun,Green Bay Packers,Minnesota Vikings,37,28,Regular Season,1963
1963-10-13,Sun,Philadelphia Eagles,Washington Redskins,37,24,Regular Season,1963
1963-10-13,Sun,Cleveland Browns,New York Giants,35,24,Regular Season,1963
1963-10-13,Sun,Dallas Cowboys,Detroit Lions,17,14,Regular Season,1963
1963-10-20,Sun,Baltimore Colts,Detroit Lions,25,21,Regular Season,1963
1963-10-20,Sun,Green Bay Packers,St. Louis Cardinals,30,7,Regular Season,1963
1963-10-20,Sun,Cleveland Browns,Philadelphia Eagles,37,7,Regular Season,1963
1963-10-20,Sun,Pittsburgh Steelers,Washington Redskins,38,27,Regular Season,1963
1963-10-20,Sun,San Francisco 49ers,Chicago Bears,20,14,Regular Season,1963
1963-10-20,Sun,New York Giants,Dallas Cowboys,37,21,Regular Season,1963
1963-10-20,Sun,Los Angeles Rams,Minnesota Vikings,27,24,Regular Season,1963
1963-10-27,Sun,Detroit Lions,Minnesota Vikings,28,10,Regular Season,1963
1963-10-27,Sun,Pittsburgh Steelers,Dallas Cowboys,27,21,Regular Season,1963
1963-10-27,Sun,New York Giants,Cleveland Browns,33,6,Regular Season,1963
1963-10-27,Sun,Los Angeles Rams,San Francisco 49ers,28,21,Regular Season,1963
1963-10-27,Sun,Chicago Bears,Philadelphia Eagles,16,7,Regular Season,1963
1963-10-27,Sun,St. Louis Cardinals,Washington Redskins,21,7,Regular Season,1963
1963-10-27,Sun,Green Bay Packers,Baltimore Colts,34,20,Regular Season,1963
1963-11-03,Sun,Green Bay Packers,Pittsburgh Steelers,33,14,Regular Season,1963
1963-11-03,Sun,Dallas Cowboys,Washington Redskins,35,20,Regular Season,1963
1963-11-03,Sun,New York Giants,St. Louis Cardinals,38,21,Regular Season,1963
1963-11-03,Sun,Detroit Lions,San Francisco 49ers,45,7,Regular Season,1963
1963-11-03,Sun,Chicago Bears,Baltimore Colts,17,7,Regular Season,1963
1963-11-03,Sun,Minnesota Vikings,Los Angeles Rams,21,13,Regular Season,1963
1963-11-03,Sun,Cleveland Browns,Philadelphia Eagles,23,17,Regular Season,1963
1963-11-10,Sun,St. Louis Cardinals,Washington Redskins,24,20,Regular Season,1963
1963-11-10,Sun,Green Bay Packers,Minnesota Vikings,28,7,Regular Season,1963
1963-11-10,Sun,New York Giants,Philadelphia Eagles,42,14,Regular Season,1963
1963-11-10,Sun,San Francisco 49ers,Dallas Cowboys,31,24,Regular Season,1963
1963-11-10,Sun,Chicago Bears,Los Angeles Rams,6,0,Regular Season,1963
1963-11-10,Sun,Pittsburgh Steelers,Cleveland Browns,9,7,Regular Season,1963
1963-11-10,Sun,Baltimore Colts,Detroit Lions,24,21,Regular Season,1963
1963-11-17,Sun,Dallas Cowboys,Philadelphia Eagles,27,20,Regular Season,1963
1963-11-17,Sun,Chicago Bears,Green Bay Packers,26,7,Regular Season,1963
1963-11-17,Sun,Pittsburgh Steelers,Washington Redskins,34,28,Regular Season,1963
1963-11-17,Sun,St. Louis Cardinals,Cleveland Browns,20,14,Regular Season,1963
1963-11-17,Sun,New York Giants,San Francisco 49ers,48,14,Regular Season,1963
1963-11-17,Sun,Los Angeles Rams,Detroit Lions,28,21,Regular Season,1963
1963-11-17,Sun,Baltimore Colts,Minnesota Vikings,37,34,Regular Season,1963
1963-11-24,Sun,Cleveland Browns,Dallas Cowboys,27,17,Regular Season,1963
1963-11-24,Sun,Green Bay Packers,San Francisco 49ers,28,10,Regular Season,1963
1963-11-24,Sun,Los Angeles Rams,Baltimore Colts,17,16,Regular Season,1963
1963-11-24,Sun,Washington Redskins,Philadelphia Eagles,13,10,Regular Season,1963
1963-11-24,Sun,Minnesota Vikings,Detroit Lions,34,31,Regular Season,1963
1963-11-24,Sun,Pittsburgh Steelers,Chicago Bears,17,17,Regular Season,1963
1963-11-24,Sun,St. Louis Cardinals,New York Giants,24,17,Regular Season,1963
1963-11-28,Thu,Green Bay Packers,Detroit Lions,13,13,Regular Season,1963
1963-12-01,Sun,Minnesota Vikings,Chicago Bears,17,17,Regular Season,1963
1963-12-01,Sun,Pittsburgh Steelers,Philadelphia Eagles,20,20,Regular Season,1963
1963-12-01,Sun,Los Angeles Rams,San Francisco 49ers,21,17,Regular Season,1963
1963-12-01,Sun,New York Giants,Dallas Cowboys,34,27,Regular Season,1963
1963-12-01,Sun,Baltimore Colts,Washington Redskins,36,20,Regular Season,1963
1963-12-01,Sun,Cleveland Browns,St. Louis Cardinals,24,10,Regular Season,1963
1963-12-07,Sat,Green Bay Packers,Los Angeles Rams,31,14,Regular Season,1963
1963-12-08,Sun,Chicago Bears,San Francisco 49ers,27,7,Regular Season,1963
1963-12-08,Sun,Pittsburgh Steelers,Dallas Cowboys,24,19,Regular Season,1963
1963-12-08,Sun,St. Louis Cardinals,Philadelphia Eagles,38,14,Regular Season,1963
1963-12-08,Sun,Baltimore Colts,Minnesota Vikings,41,10,Regular Season,1963
1963-12-08,Sun,New York Giants,Washington Redskins,44,14,Regular Season,1963
1963-12-08,Sun,Detroit Lions,Cleveland Browns,38,10,Regular Season,1963
1963-12-14,Sat,Green Bay Packers,San Francisco 49ers,21,17,Regular Season,1963
1963-12-15,Sun,New York Giants,Pittsburgh Steelers,33,17,Regular Season,1963
1963-12-15,Sun,Chicago Bears,Detroit Lions,24,14,Regular Season,1963
1963-12-15,Sun,Baltimore Colts,Los Angeles Rams,19,16,Regular Season,1963
1963-12-15,Sun,Cleveland Browns,Washington Redskins,27,20,Regular Season,1963
1963-12-15,Sun,Dallas Cowboys,St. Louis Cardinals,28,24,Regular Season,1963
1963-12-15,Sun,Minnesota Vikings,Philadelphia Eagles,34,13,Regular Season,1963
Playoffs,,,,,,Playoff,1963
1963-12-29,Sun,Chicago Bears,New York Giants,14,10,Playoff,1963
