Date,DOW,WT,LT,WTS,LTS,Type,Season
1964-09-12,Sat,St. Louis Cardinals,Dallas Cowboys,16,6,Regular Season,1964
1964-09-13,Sun,Cleveland Browns,Washington Redskins,27,13,Regular Season,1964
1964-09-13,Sun,Minnesota Vikings,Baltimore Colts,34,24,Regular Season,1964
1964-09-13,Sun,Philadelphia Eagles,New York Giants,38,7,Regular Season,1964
1964-09-13,Sun,Los Angeles Rams,Pittsburgh Steelers,26,14,Regular Season,1964
1964-09-13,Sun,Green Bay Packers,Chicago Bears,23,12,Regular Season,1964
1964-09-13,Sun,Detroit Lions,San Francisco 49ers,26,17,Regular Season,1964
1964-09-19,Sat,Los Angeles Rams,Detroit Lions,17,17,Regular Season,1964
1964-09-20,Sun,Dallas Cowboys,Washington Redskins,24,18,Regular Season,1964
1964-09-20,Sun,St. Louis Cardinals,Cleveland Browns,33,33,Regular Season,1964
1964-09-20,Sun,Pittsburgh Steelers,New York Giants,27,24,Regular Season,1964
1964-09-20,Sun,San Francisco 49ers,Philadelphia Eagles,28,24,Regular Season,1964
1964-09-20,Sun,Baltimore Colts,Green Bay Packers,21,20,Regular Season,1964
1964-09-20,Sun,Chicago Bears,Minnesota Vikings,34,28,Regular Season,1964
1964-09-25,Fri,New York Giants,Washington Redskins,13,10,Regular Season,1964
1964-09-27,Sun,St. Louis Cardinals,San Francisco 49ers,23,13,Regular Season,1964
1964-09-27,Sun,Cleveland Browns,Philadelphia Eagles,28,20,Regular Season,1964
1964-09-27,Sun,Pittsburgh Steelers,Dallas Cowboys,23,17,Regular Season,1964
1964-09-27,Sun,Los Angeles Rams,Minnesota Vikings,22,13,Regular Season,1964
1964-09-27,Sun,Baltimore Colts,Chicago Bears,52,0,Regular Season,1964
1964-09-28,Mon,Green Bay Packers,Detroit Lions,14,10,Regular Season,1964
1964-10-04,Sun,Cleveland Browns,Dallas Cowboys,27,6,Regular Season,1964
1964-10-04,Sun,St. Louis Cardinals,Washington Redskins,23,17,Regular Season,1964
1964-10-04,Sun,Detroit Lions,New York Giants,26,3,Regular Season,1964
1964-10-04,Sun,Philadelphia Eagles,Pittsburgh Steelers,21,7,Regular Season,1964
1964-10-04,Sun,Minnesota Vikings,Green Bay Packers,24,23,Regular Season,1964
1964-10-04,Sun,San Francisco 49ers,Chicago Bears,31,21,Regular Season,1964
1964-10-04,Sun,Baltimore Colts,Los Angeles Rams,35,20,Regular Season,1964
1964-10-10,Sat,Pittsburgh Steelers,Cleveland Browns,23,7,Regular Season,1964
1964-10-11,Sun,Green Bay Packers,San Francisco 49ers,24,14,Regular Season,1964
1964-10-11,Sun,New York Giants,Dallas Cowboys,13,13,Regular Season,1964
1964-10-11,Sun,Detroit Lions,Minnesota Vikings,24,20,Regular Season,1964
1964-10-11,Sun,Chicago Bears,Los Angeles Rams,38,17,Regular Season,1964
1964-10-11,Sun,Washington Redskins,Philadelphia Eagles,35,20,Regular Season,1964
1964-10-12,Mon,Baltimore Colts,St. Louis Cardinals,47,27,Regular Season,1964
1964-10-18,Sun,Baltimore Colts,Green Bay Packers,24,21,Regular Season,1964
1964-10-18,Sun,Detroit Lions,Chicago Bears,10,0,Regular Season,1964
1964-10-18,Sun,Los Angeles Rams,San Francisco 49ers,42,14,Regular Season,1964
1964-10-18,Sun,Minnesota Vikings,Pittsburgh Steelers,30,10,Regular Season,1964
1964-10-18,Sun,Cleveland Browns,Dallas Cowboys,20,16,Regular Season,1964
1964-10-18,Sun,St. Louis Cardinals,Washington Redskins,38,24,Regular Season,1964
1964-10-18,Sun,Philadelphia Eagles,New York Giants,23,17,Regular Season,1964
1964-10-25,Sun,Washington Redskins,Chicago Bears,27,20,Regular Season,1964
1964-10-25,Sun,Philadelphia Eagles,Pittsburgh Steelers,34,10,Regular Season,1964
1964-10-25,Sun,Dallas Cowboys,St. Louis Cardinals,31,13,Regular Season,1964
1964-10-25,Sun,Minnesota Vikings,San Francisco 49ers,27,22,Regular Season,1964
1964-10-25,Sun,Baltimore Colts,Detroit Lions,34,0,Regular Season,1964
1964-10-25,Sun,Cleveland Browns,New York Giants,42,20,Regular Season,1964
1964-10-25,Sun,Los Angeles Rams,Green Bay Packers,27,17,Regular Season,1964
1964-11-01,Sun,Dallas Cowboys,Chicago Bears,24,10,Regular Season,1964
1964-11-01,Sun,Baltimore Colts,San Francisco 49ers,37,7,Regular Season,1964
1964-11-01,Sun,Detroit Lions,Los Angeles Rams,37,17,Regular Season,1964
1964-11-01,Sun,Green Bay Packers,Minnesota Vikings,42,13,Regular Season,1964
1964-11-01,Sun,Cleveland Browns,Pittsburgh Steelers,30,17,Regular Season,1964
1964-11-01,Sun,New York Giants,St. Louis Cardinals,34,17,Regular Season,1964
1964-11-01,Sun,Washington Redskins,Philadelphia Eagles,21,10,Regular Season,1964
1964-11-08,Sun,Los Angeles Rams,Philadelphia Eagles,20,10,Regular Season,1964
1964-11-08,Sun,Minnesota Vikings,San Francisco 49ers,24,7,Regular Season,1964
1964-11-08,Sun,Dallas Cowboys,New York Giants,31,21,Regular Season,1964
1964-11-08,Sun,St. Louis Cardinals,Pittsburgh Steelers,34,30,Regular Season,1964
1964-11-08,Sun,Green Bay Packers,Detroit Lions,30,7,Regular Season,1964
1964-11-08,Sun,Cleveland Browns,Washington Redskins,34,24,Regular Season,1964
1964-11-08,Sun,Baltimore Colts,Chicago Bears,40,24,Regular Season,1964
1964-11-15,Sun,Cleveland Browns,Detroit Lions,37,21,Regular Season,1964
1964-11-15,Sun,Chicago Bears,Los Angeles Rams,34,24,Regular Season,1964
1964-11-15,Sun,San Francisco 49ers,Green Bay Packers,24,14,Regular Season,1964
1964-11-15,Sun,Baltimore Colts,Minnesota Vikings,17,14,Regular Season,1964
1964-11-15,Sun,Philadelphia Eagles,Dallas Cowboys,17,14,Regular Season,1964
1964-11-15,Sun,Washington Redskins,Pittsburgh Steelers,30,0,Regular Season,1964
1964-11-15,Sun,New York Giants,St. Louis Cardinals,10,10,Regular Season,1964
1964-11-22,Sun,Pittsburgh Steelers,New York Giants,44,17,Regular Season,1964
1964-11-22,Sun,St. Louis Cardinals,Philadelphia Eagles,38,13,Regular Season,1964
1964-11-22,Sun,Minnesota Vikings,Detroit Lions,23,23,Regular Season,1964
1964-11-22,Sun,Chicago Bears,San Francisco 49ers,23,21,Regular Season,1964
1964-11-22,Sun,Green Bay Packers,Cleveland Browns,28,21,Regular Season,1964
1964-11-22,Sun,Washington Redskins,Dallas Cowboys,28,16,Regular Season,1964
1964-11-22,Sun,Baltimore Colts,Los Angeles Rams,24,7,Regular Season,1964
1964-11-26,Thu,Chicago Bears,Detroit Lions,27,24,Regular Season,1964
1964-11-29,Sun,Baltimore Colts,San Francisco 49ers,14,3,Regular Season,1964
1964-11-29,Sun,Cleveland Browns,Philadelphia Eagles,38,24,Regular Season,1964
1964-11-29,Sun,Washington Redskins,New York Giants,36,21,Regular Season,1964
1964-11-29,Sun,St. Louis Cardinals,Pittsburgh Steelers,21,20,Regular Season,1964
1964-11-29,Sun,Minnesota Vikings,Los Angeles Rams,34,13,Regular Season,1964
1964-11-29,Sun,Green Bay Packers,Dallas Cowboys,45,21,Regular Season,1964
1964-12-05,Sat,Green Bay Packers,Chicago Bears,17,3,Regular Season,1964
1964-12-06,Sun,St. Louis Cardinals,Cleveland Browns,28,19,Regular Season,1964
1964-12-06,Sun,San Francisco 49ers,Los Angeles Rams,28,7,Regular Season,1964
1964-12-06,Sun,Pittsburgh Steelers,Washington Redskins,14,7,Regular Season,1964
1964-12-06,Sun,Philadelphia Eagles,Dallas Cowboys,24,14,Regular Season,1964
1964-12-06,Sun,Minnesota Vikings,New York Giants,30,21,Regular Season,1964
1964-12-06,Sun,Detroit Lions,Baltimore Colts,31,14,Regular Season,1964
1964-12-12,Sat,Cleveland Browns,New York Giants,52,20,Regular Season,1964
1964-12-13,Sun,St. Louis Cardinals,Philadelphia Eagles,36,34,Regular Season,1964
1964-12-13,Sun,Minnesota Vikings,Chicago Bears,41,14,Regular Season,1964
1964-12-13,Sun,Detroit Lions,San Francisco 49ers,24,7,Regular Season,1964
1964-12-13,Sun,Los Angeles Rams,Green Bay Packers,24,24,Regular Season,1964
1964-12-13,Sun,Dallas Cowboys,Pittsburgh Steelers,17,14,Regular Season,1964
1964-12-13,Sun,Baltimore Colts,Washington Redskins,45,17,Regular Season,1964
Playoffs,,,,,,Playoff,1964
1964-12-27,Sun,Cleveland Browns,Baltimore Colts,27,0,Playoff,1964
