Date,DOW,WT,LT,WTS,LTS,Type,Season
1965-09-19,Sun,Detroit Lions,Los Angeles Rams,20,0,Regular Season,1965
1965-09-19,Sun,Cleveland Browns,Washington Redskins,17,7,Regular Season,1965
1965-09-19,Sun,Dallas Cowboys,New York Giants,31,2,Regular Season,1965
1965-09-19,Sun,Green Bay Packers,Pittsburgh Steelers,41,9,Regular Season,1965
1965-09-19,Sun,Philadelphia Eagles,St. Louis Cardinals,34,27,Regular Season,1965
1965-09-19,Sun,Baltimore Colts,Minnesota Vikings,35,16,Regular Season,1965
1965-09-19,Sun,San Francisco 49ers,Chicago Bears,52,24,Regular Season,1965
1965-09-26,Sun,Los Angeles Rams,Chicago Bears,30,28,Regular Season,1965
1965-09-26,Sun,New York Giants,Philadelphia Eagles,16,14,Regular Season,1965
1965-09-26,Sun,St. Louis Cardinals,Cleveland Browns,49,13,Regular Season,1965
1965-09-26,Sun,San Francisco 49ers,Pittsburgh Steelers,27,17,Regular Season,1965
1965-09-26,Sun,Green Bay Packers,Baltimore Colts,20,17,Regular Season,1965
1965-09-26,Sun,Dallas Cowboys,Washington Redskins,27,7,Regular Season,1965
1965-09-26,Sun,Detroit Lions,Minnesota Vikings,31,29,Regular Season,1965
1965-10-03,Sun,Baltimore Colts,San Francisco 49ers,27,24,Regular Season,1965
1965-10-03,Sun,Minnesota Vikings,Los Angeles Rams,38,35,Regular Season,1965
1965-10-03,Sun,Detroit Lions,Washington Redskins,14,10,Regular Season,1965
1965-10-03,Sun,New York Giants,Pittsburgh Steelers,23,13,Regular Season,1965
1965-10-03,Sun,Green Bay Packers,Chicago Bears,23,14,Regular Season,1965
1965-10-03,Sun,Cleveland Browns,Philadelphia Eagles,35,17,Regular Season,1965
1965-10-04,Mon,St. Louis Cardinals,Dallas Cowboys,20,13,Regular Season,1965
1965-10-09,Sat,Minnesota Vikings,New York Giants,40,14,Regular Season,1965
1965-10-09,Sat,Cleveland Browns,Pittsburgh Steelers,24,19,Regular Season,1965
1965-10-10,Sun,Green Bay Packers,San Francisco 49ers,27,10,Regular Season,1965
1965-10-10,Sun,Chicago Bears,Los Angeles Rams,31,6,Regular Season,1965
1965-10-10,Sun,Philadelphia Eagles,Dallas Cowboys,35,24,Regular Season,1965
1965-10-10,Sun,St. Louis Cardinals,Washington Redskins,37,16,Regular Season,1965
1965-10-10,Sun,Baltimore Colts,Detroit Lions,31,7,Regular Season,1965
1965-10-17,Sun,San Francisco 49ers,Los Angeles Rams,45,21,Regular Season,1965
1965-10-17,Sun,Cleveland Browns,Dallas Cowboys,23,17,Regular Season,1965
1965-10-17,Sun,St. Louis Cardinals,Pittsburgh Steelers,20,7,Regular Season,1965
1965-10-17,Sun,Baltimore Colts,Washington Redskins,38,7,Regular Season,1965
1965-10-17,Sun,Chicago Bears,Minnesota Vikings,45,37,Regular Season,1965
1965-10-17,Sun,New York Giants,Philadelphia Eagles,35,27,Regular Season,1965
1965-10-17,Sun,Green Bay Packers,Detroit Lions,31,21,Regular Season,1965
1965-10-24,Sun,Baltimore Colts,Los Angeles Rams,35,20,Regular Season,1965
1965-10-24,Sun,Washington Redskins,St. Louis Cardinals,24,20,Regular Season,1965
1965-10-24,Sun,Minnesota Vikings,San Francisco 49ers,42,41,Regular Season,1965
1965-10-24,Sun,Green Bay Packers,Dallas Cowboys,13,3,Regular Season,1965
1965-10-24,Sun,Pittsburgh Steelers,Philadelphia Eagles,20,14,Regular Season,1965
1965-10-24,Sun,Chicago Bears,Detroit Lions,38,10,Regular Season,1965
1965-10-24,Sun,Cleveland Browns,New York Giants,38,14,Regular Season,1965
1965-10-31,Sun,Chicago Bears,Green Bay Packers,31,10,Regular Season,1965
1965-10-31,Sun,New York Giants,St. Louis Cardinals,14,10,Regular Season,1965
1965-10-31,Sun,Pittsburgh Steelers,Dallas Cowboys,22,13,Regular Season,1965
1965-10-31,Sun,Baltimore Colts,San Francisco 49ers,34,28,Regular Season,1965
1965-10-31,Sun,Detroit Lions,Los Angeles Rams,31,7,Regular Season,1965
1965-10-31,Sun,Washington Redskins,Philadelphia Eagles,23,21,Regular Season,1965
1965-10-31,Sun,Minnesota Vikings,Cleveland Browns,27,17,Regular Season,1965
1965-11-07,Sun,Dallas Cowboys,San Francisco 49ers,39,31,Regular Season,1965
1965-11-07,Sun,Detroit Lions,Green Bay Packers,12,7,Regular Season,1965
1965-11-07,Sun,Baltimore Colts,Chicago Bears,26,21,Regular Season,1965
1965-11-07,Sun,St. Louis Cardinals,Pittsburgh Steelers,21,17,Regular Season,1965
1965-11-07,Sun,Minnesota Vikings,Los Angeles Rams,24,13,Regular Season,1965
1965-11-07,Sun,Washington Redskins,New York Giants,23,7,Regular Season,1965
1965-11-07,Sun,Cleveland Browns,Philadelphia Eagles,38,34,Regular Season,1965
1965-11-14,Sun,San Francisco 49ers,Detroit Lions,27,21,Regular Season,1965
1965-11-14,Sun,Green Bay Packers,Los Angeles Rams,6,3,Regular Season,1965
1965-11-14,Sun,Chicago Bears,St. Louis Cardinals,34,13,Regular Season,1965
1965-11-14,Sun,Baltimore Colts,Minnesota Vikings,41,21,Regular Season,1965
1965-11-14,Sun,Dallas Cowboys,Pittsburgh Steelers,24,17,Regular Season,1965
1965-11-14,Sun,Philadelphia Eagles,Washington Redskins,21,14,Regular Season,1965
1965-11-14,Sun,Cleveland Browns,New York Giants,34,21,Regular Season,1965
1965-11-21,Sun,Green Bay Packers,Minnesota Vikings,38,13,Regular Season,1965
1965-11-21,Sun,Washington Redskins,Pittsburgh Steelers,31,3,Regular Season,1965
1965-11-21,Sun,San Francisco 49ers,Los Angeles Rams,30,27,Regular Season,1965
1965-11-21,Sun,Baltimore Colts,Philadelphia Eagles,34,24,Regular Season,1965
1965-11-21,Sun,Chicago Bears,Detroit Lions,17,10,Regular Season,1965
1965-11-21,Sun,Cleveland Browns,Dallas Cowboys,24,17,Regular Season,1965
1965-11-21,Sun,New York Giants,St. Louis Cardinals,28,15,Regular Season,1965
1965-11-25,Thu,Detroit Lions,Baltimore Colts,24,24,Regular Season,1965
1965-11-28,Sun,Cleveland Browns,Pittsburgh Steelers,42,21,Regular Season,1965
1965-11-28,Sun,Philadelphia Eagles,St. Louis Cardinals,28,24,Regular Season,1965
1965-11-28,Sun,San Francisco 49ers,Minnesota Vikings,45,24,Regular Season,1965
1965-11-28,Sun,Chicago Bears,New York Giants,35,14,Regular Season,1965
1965-11-28,Sun,Los Angeles Rams,Green Bay Packers,21,10,Regular Season,1965
1965-11-28,Sun,Washington Redskins,Dallas Cowboys,34,31,Regular Season,1965
1965-12-05,Sun,Chicago Bears,Baltimore Colts,13,0,Regular Season,1965
1965-12-05,Sun,Cleveland Browns,Washington Redskins,24,16,Regular Season,1965
1965-12-05,Sun,New York Giants,Pittsburgh Steelers,35,10,Regular Season,1965
1965-12-05,Sun,Green Bay Packers,Minnesota Vikings,24,19,Regular Season,1965
1965-12-05,Sun,Los Angeles Rams,St. Louis Cardinals,27,3,Regular Season,1965
1965-12-05,Sun,Dallas Cowboys,Philadelphia Eagles,21,19,Regular Season,1965
1965-12-05,Sun,San Francisco 49ers,Detroit Lions,17,14,Regular Season,1965
1965-12-11,Sat,Dallas Cowboys,St. Louis Cardinals,27,13,Regular Season,1965
1965-12-12,Sun,Chicago Bears,San Francisco 49ers,61,20,Regular Season,1965
1965-12-12,Sun,Philadelphia Eagles,Pittsburgh Steelers,47,13,Regular Season,1965
1965-12-12,Sun,Minnesota Vikings,Detroit Lions,29,7,Regular Season,1965
1965-12-12,Sun,New York Giants,Washington Redskins,27,10,Regular Season,1965
1965-12-12,Sun,Los Angeles Rams,Cleveland Browns,42,7,Regular Season,1965
1965-12-12,Sun,Green Bay Packers,Baltimore Colts,42,27,Regular Season,1965
1965-12-18,Sat,Baltimore Colts,Los Angeles Rams,20,17,Regular Season,1965
1965-12-19,Sun,Cleveland Browns,St. Louis Cardinals,27,24,Regular Season,1965
1965-12-19,Sun,Dallas Cowboys,New York Giants,38,20,Regular Season,1965
1965-12-19,Sun,Minnesota Vikings,Chicago Bears,24,17,Regular Season,1965
1965-12-19,Sun,San Francisco 49ers,Green Bay Packers,24,24,Regular Season,1965
1965-12-19,Sun,Washington Redskins,Pittsburgh Steelers,35,14,Regular Season,1965
1965-12-19,Sun,Detroit Lions,Philadelphia Eagles,35,28,Regular Season,1965
Playoffs,,,,,,Playoff,1965
1965-12-26,Sun,Green Bay Packers,Baltimore Colts,13,10,Playoff,1965
1966-01-02,Sun,Green Bay Packers,Cleveland Browns,23,12,Playoff,1965
