Date,DOW,WT,LT,WTS,LTS,Type,Season
1966-09-10,Sat,Green Bay Packers,Baltimore Colts,24,3,Regular Season,1966
1966-09-11,Sun,Los Angeles Rams,Atlanta Falcons,19,14,Regular Season,1966
1966-09-11,Sun,Detroit Lions,Chicago Bears,14,3,Regular Season,1966
1966-09-11,Sun,Cleveland Browns,Washington Redskins,38,14,Regular Season,1966
1966-09-11,Sun,St. Louis Cardinals,Philadelphia Eagles,16,13,Regular Season,1966
1966-09-11,Sun,San Francisco 49ers,Minnesota Vikings,20,20,Regular Season,1966
1966-09-11,Sun,Pittsburgh Steelers,New York Giants,34,34,Regular Season,1966
1966-09-16,Fri,Los Angeles Rams,Chicago Bears,31,17,Regular Season,1966
1966-09-18,Sun,Dallas Cowboys,New York Giants,52,7,Regular Season,1966
1966-09-18,Sun,Philadelphia Eagles,Atlanta Falcons,23,10,Regular Season,1966
1966-09-18,Sun,Green Bay Packers,Cleveland Browns,21,20,Regular Season,1966
1966-09-18,Sun,Baltimore Colts,Minnesota Vikings,38,23,Regular Season,1966
1966-09-18,Sun,St. Louis Cardinals,Washington Redskins,23,7,Regular Season,1966
1966-09-18,Sun,Pittsburgh Steelers,Detroit Lions,17,3,Regular Season,1966
1966-09-25,Sun,Dallas Cowboys,Minnesota Vikings,28,17,Regular Season,1966
1966-09-25,Sun,Detroit Lions,Atlanta Falcons,28,10,Regular Season,1966
1966-09-25,Sun,St. Louis Cardinals,Cleveland Browns,34,28,Regular Season,1966
1966-09-25,Sun,Baltimore Colts,San Francisco 49ers,36,14,Regular Season,1966
1966-09-25,Sun,Green Bay Packers,Los Angeles Rams,24,13,Regular Season,1966
1966-09-25,Sun,Philadelphia Eagles,New York Giants,35,17,Regular Season,1966
1966-09-25,Sun,Washington Redskins,Pittsburgh Steelers,33,27,Regular Season,1966
1966-09-30,Fri,Los Angeles Rams,San Francisco 49ers,34,3,Regular Season,1966
1966-10-02,Sun,Chicago Bears,Minnesota Vikings,13,10,Regular Season,1966
1966-10-02,Sun,Dallas Cowboys,Atlanta Falcons,47,14,Regular Season,1966
1966-10-02,Sun,Cleveland Browns,New York Giants,28,7,Regular Season,1966
1966-10-02,Sun,St. Louis Cardinals,Philadelphia Eagles,41,10,Regular Season,1966
1966-10-02,Sun,Green Bay Packers,Detroit Lions,23,14,Regular Season,1966
1966-10-02,Sun,Washington Redskins,Pittsburgh Steelers,24,10,Regular Season,1966
1966-10-08,Sat,Cleveland Browns,Pittsburgh Steelers,41,10,Regular Season,1966
1966-10-09,Sun,Chicago Bears,Baltimore Colts,27,17,Regular Season,1966
1966-10-09,Sun,Dallas Cowboys,Philadelphia Eagles,56,7,Regular Season,1966
1966-10-09,Sun,Washington Redskins,Atlanta Falcons,33,20,Regular Season,1966
1966-10-09,Sun,St. Louis Cardinals,New York Giants,24,19,Regular Season,1966
1966-10-09,Sun,Los Angeles Rams,Detroit Lions,14,7,Regular Season,1966
1966-10-09,Sun,San Francisco 49ers,Green Bay Packers,21,20,Regular Season,1966
1966-10-16,Sun,Green Bay Packers,Chicago Bears,17,0,Regular Season,1966
1966-10-16,Sun,Baltimore Colts,Detroit Lions,45,14,Regular Season,1966
1966-10-16,Sun,Minnesota Vikings,Los Angeles Rams,35,7,Regular Season,1966
1966-10-16,Sun,San Francisco 49ers,Atlanta Falcons,44,7,Regular Season,1966
1966-10-16,Sun,Dallas Cowboys,St. Louis Cardinals,10,10,Regular Season,1966
1966-10-16,Sun,New York Giants,Washington Redskins,13,10,Regular Season,1966
1966-10-16,Sun,Philadelphia Eagles,Pittsburgh Steelers,31,14,Regular Season,1966
1966-10-23,Sun,Chicago Bears,Los Angeles Rams,17,10,Regular Season,1966
1966-10-23,Sun,Cleveland Browns,Dallas Cowboys,30,21,Regular Season,1966
1966-10-23,Sun,Baltimore Colts,Minnesota Vikings,20,17,Regular Season,1966
1966-10-23,Sun,Green Bay Packers,Atlanta Falcons,56,3,Regular Season,1966
1966-10-23,Sun,Washington Redskins,St. Louis Cardinals,26,20,Regular Season,1966
1966-10-23,Sun,San Francisco 49ers,Detroit Lions,27,24,Regular Season,1966
1966-10-23,Sun,Philadelphia Eagles,New York Giants,31,3,Regular Season,1966
1966-10-30,Sun,Baltimore Colts,Los Angeles Rams,17,3,Regular Season,1966
1966-10-30,Sun,Dallas Cowboys,Pittsburgh Steelers,52,21,Regular Season,1966
1966-10-30,Sun,Minnesota Vikings,San Francisco 49ers,28,3,Regular Season,1966
1966-10-30,Sun,Cleveland Browns,Atlanta Falcons,49,17,Regular Season,1966
1966-10-30,Sun,Green Bay Packers,Detroit Lions,31,7,Regular Season,1966
1966-10-30,Sun,Washington Redskins,Philadelphia Eagles,27,13,Regular Season,1966
1966-10-31,Mon,St. Louis Cardinals,Chicago Bears,24,17,Regular Season,1966
1966-11-06,Sun,Detroit Lions,Chicago Bears,10,10,Regular Season,1966
1966-11-06,Sun,Pittsburgh Steelers,Cleveland Browns,16,6,Regular Season,1966
1966-11-06,Sun,Baltimore Colts,Washington Redskins,37,10,Regular Season,1966
1966-11-06,Sun,Philadelphia Eagles,Dallas Cowboys,24,23,Regular Season,1966
1966-11-06,Sun,St. Louis Cardinals,New York Giants,20,17,Regular Season,1966
1966-11-06,Sun,Minnesota Vikings,Green Bay Packers,20,17,Regular Season,1966
1966-11-06,Sun,San Francisco 49ers,Los Angeles Rams,21,13,Regular Season,1966
1966-11-13,Sun,Baltimore Colts,Atlanta Falcons,19,7,Regular Season,1966
1966-11-13,Sun,San Francisco 49ers,Chicago Bears,30,30,Regular Season,1966
1966-11-13,Sun,Cleveland Browns,Philadelphia Eagles,27,7,Regular Season,1966
1966-11-13,Sun,Dallas Cowboys,Washington Redskins,31,30,Regular Season,1966
1966-11-13,Sun,Los Angeles Rams,New York Giants,55,14,Regular Season,1966
1966-11-13,Sun,Pittsburgh Steelers,St. Louis Cardinals,30,9,Regular Season,1966
1966-11-13,Sun,Detroit Lions,Minnesota Vikings,32,31,Regular Season,1966
1966-11-20,Sun,Atlanta Falcons,New York Giants,27,16,Regular Season,1966
1966-11-20,Sun,Green Bay Packers,Chicago Bears,13,6,Regular Season,1966
1966-11-20,Sun,Cleveland Browns,Washington Redskins,14,3,Regular Season,1966
1966-11-20,Sun,Detroit Lions,Baltimore Colts,20,14,Regular Season,1966
1966-11-20,Sun,Dallas Cowboys,Pittsburgh Steelers,20,7,Regular Season,1966
1966-11-20,Sun,Los Angeles Rams,Minnesota Vikings,21,6,Regular Season,1966
1966-11-20,Sun,Philadelphia Eagles,San Francisco 49ers,35,34,Regular Season,1966
1966-11-24,Thu,Dallas Cowboys,Cleveland Browns,26,14,Regular Season,1966
1966-11-24,Thu,San Francisco 49ers,Detroit Lions,41,14,Regular Season,1966
1966-11-27,Sun,Chicago Bears,Atlanta Falcons,23,6,Regular Season,1966
1966-11-27,Sun,Los Angeles Rams,Baltimore Colts,23,7,Regular Season,1966
1966-11-27,Sun,St. Louis Cardinals,Pittsburgh Steelers,6,3,Regular Season,1966
1966-11-27,Sun,Green Bay Packers,Minnesota Vikings,28,16,Regular Season,1966
1966-11-27,Sun,Washington Redskins,New York Giants,72,41,Regular Season,1966
1966-12-04,Sun,Atlanta Falcons,Minnesota Vikings,20,13,Regular Season,1966
1966-12-04,Sun,Baltimore Colts,Chicago Bears,21,16,Regular Season,1966
1966-12-04,Sun,Cleveland Browns,New York Giants,49,40,Regular Season,1966
1966-12-04,Sun,Dallas Cowboys,St. Louis Cardinals,31,17,Regular Season,1966
1966-12-04,Sun,Green Bay Packers,San Francisco 49ers,20,7,Regular Season,1966
1966-12-04,Sun,Philadelphia Eagles,Pittsburgh Steelers,27,23,Regular Season,1966
1966-12-04,Sun,Los Angeles Rams,Detroit Lions,23,3,Regular Season,1966
1966-12-10,Sat,Green Bay Packers,Baltimore Colts,14,10,Regular Season,1966
1966-12-11,Sun,Atlanta Falcons,St. Louis Cardinals,16,10,Regular Season,1966
1966-12-11,Sun,San Francisco 49ers,Chicago Bears,41,14,Regular Season,1966
1966-12-11,Sun,Philadelphia Eagles,Cleveland Browns,33,21,Regular Season,1966
1966-12-11,Sun,Washington Redskins,Dallas Cowboys,34,31,Regular Season,1966
1966-12-11,Sun,Pittsburgh Steelers,New York Giants,47,28,Regular Season,1966
1966-12-11,Sun,Minnesota Vikings,Detroit Lions,28,16,Regular Season,1966
1966-12-17,Sat,Cleveland Browns,St. Louis Cardinals,38,10,Regular Season,1966
1966-12-18,Sun,Pittsburgh Steelers,Atlanta Falcons,57,33,Regular Season,1966
1966-12-18,Sun,Chicago Bears,Minnesota Vikings,41,28,Regular Season,1966
1966-12-18,Sun,Baltimore Colts,San Francisco 49ers,30,14,Regular Season,1966
1966-12-18,Sun,Dallas Cowboys,New York Giants,17,7,Regular Season,1966
1966-12-18,Sun,Green Bay Packers,Los Angeles Rams,27,23,Regular Season,1966
1966-12-18,Sun,Philadelphia Eagles,Washington Redskins,37,28,Regular Season,1966
Playoffs,,,,,,Playoff,1966
1967-01-01,Sun,Green Bay Packers,Dallas Cowboys,34,27,Playoff,1966
1967-01-15,Sun,Green Bay Packers,Kansas City Chiefs,35,10,Playoff,1966
