Date,DOW,WT,LT,WTS,LTS,Type,Season
1967-09-17,Sun,Baltimore Colts,Atlanta Falcons,38,31,Regular Season,1967
1967-09-17,Sun,Pittsburgh Steelers,Chicago Bears,41,13,Regular Season,1967
1967-09-17,Sun,Dallas Cowboys,Cleveland Browns,21,14,Regular Season,1967
1967-09-17,Sun,New York Giants,St. Louis Cardinals,37,20,Regular Season,1967
1967-09-17,Sun,Green Bay Packers,Detroit Lions,17,17,Regular Season,1967
1967-09-17,Sun,San Francisco 49ers,Minnesota Vikings,27,21,Regular Season,1967
1967-09-17,Sun,Los Angeles Rams,New Orleans Saints,27,13,Regular Season,1967
1967-09-17,Sun,Philadelphia Eagles,Washington Redskins,35,24,Regular Season,1967
1967-09-22,Fri,Los Angeles Rams,Minnesota Vikings,39,3,Regular Season,1967
1967-09-24,Sun,San Francisco 49ers,Atlanta Falcons,38,7,Regular Season,1967
1967-09-24,Sun,Green Bay Packers,Chicago Bears,13,10,Regular Season,1967
1967-09-24,Sun,Detroit Lions,Cleveland Browns,31,14,Regular Season,1967
1967-09-24,Sun,Baltimore Colts,Philadelphia Eagles,38,6,Regular Season,1967
1967-09-24,Sun,St. Louis Cardinals,Pittsburgh Steelers,28,14,Regular Season,1967
1967-09-24,Sun,Dallas Cowboys,New York Giants,38,24,Regular Season,1967
1967-09-24,Sun,Washington Redskins,New Orleans Saints,30,10,Regular Season,1967
1967-10-01,Sun,Green Bay Packers,Atlanta Falcons,23,0,Regular Season,1967
1967-10-01,Sun,Chicago Bears,Minnesota Vikings,17,7,Regular Season,1967
1967-10-01,Sun,Cleveland Browns,New Orleans Saints,42,7,Regular Season,1967
1967-10-01,Sun,Baltimore Colts,San Francisco 49ers,41,7,Regular Season,1967
1967-10-01,Sun,St. Louis Cardinals,Detroit Lions,38,28,Regular Season,1967
1967-10-01,Sun,Los Angeles Rams,Dallas Cowboys,35,13,Regular Season,1967
1967-10-01,Sun,Washington Redskins,New York Giants,38,34,Regular Season,1967
1967-10-01,Sun,Philadelphia Eagles,Pittsburgh Steelers,34,24,Regular Season,1967
1967-10-07,Sat,Cleveland Browns,Pittsburgh Steelers,21,10,Regular Season,1967
1967-10-08,Sun,Philadelphia Eagles,Atlanta Falcons,38,7,Regular Season,1967
1967-10-08,Sun,Baltimore Colts,Chicago Bears,24,3,Regular Season,1967
1967-10-08,Sun,St. Louis Cardinals,Minnesota Vikings,34,24,Regular Season,1967
1967-10-08,Sun,Dallas Cowboys,Washington Redskins,17,14,Regular Season,1967
1967-10-08,Sun,Green Bay Packers,Detroit Lions,27,17,Regular Season,1967
1967-10-08,Sun,New York Giants,New Orleans Saints,27,21,Regular Season,1967
1967-10-08,Sun,San Francisco 49ers,Los Angeles Rams,27,24,Regular Season,1967
1967-10-15,Sun,Washington Redskins,Atlanta Falcons,20,20,Regular Season,1967
1967-10-15,Sun,Chicago Bears,Detroit Lions,14,3,Regular Season,1967
1967-10-15,Sun,Cleveland Browns,St. Louis Cardinals,20,16,Regular Season,1967
1967-10-15,Sun,Los Angeles Rams,Baltimore Colts,24,24,Regular Season,1967
1967-10-15,Sun,Dallas Cowboys,New Orleans Saints,14,10,Regular Season,1967
1967-10-15,Sun,Minnesota Vikings,Green Bay Packers,10,7,Regular Season,1967
1967-10-15,Sun,New York Giants,Pittsburgh Steelers,27,24,Regular Season,1967
1967-10-15,Sun,San Francisco 49ers,Philadelphia Eagles,28,27,Regular Season,1967
1967-10-22,Sun,Detroit Lions,Atlanta Falcons,24,3,Regular Season,1967
1967-10-22,Sun,Cleveland Browns,Chicago Bears,24,0,Regular Season,1967
1967-10-22,Sun,Minnesota Vikings,Baltimore Colts,20,20,Regular Season,1967
1967-10-22,Sun,St. Louis Cardinals,Philadelphia Eagles,48,14,Regular Season,1967
1967-10-22,Sun,Dallas Cowboys,Pittsburgh Steelers,24,21,Regular Season,1967
1967-10-22,Sun,Green Bay Packers,New York Giants,48,21,Regular Season,1967
1967-10-22,Sun,San Francisco 49ers,New Orleans Saints,27,13,Regular Season,1967
1967-10-22,Sun,Washington Redskins,Los Angeles Rams,28,28,Regular Season,1967
1967-10-29,Sun,Atlanta Falcons,Minnesota Vikings,21,20,Regular Season,1967
1967-10-29,Sun,Los Angeles Rams,Chicago Bears,28,17,Regular Season,1967
1967-10-29,Sun,New York Giants,Cleveland Browns,38,34,Regular Season,1967
1967-10-29,Sun,Baltimore Colts,Washington Redskins,17,13,Regular Season,1967
1967-10-29,Sun,Philadelphia Eagles,Dallas Cowboys,21,14,Regular Season,1967
1967-10-29,Sun,Detroit Lions,San Francisco 49ers,45,3,Regular Season,1967
1967-10-29,Sun,Pittsburgh Steelers,New Orleans Saints,14,10,Regular Season,1967
1967-10-30,Mon,Green Bay Packers,St. Louis Cardinals,31,23,Regular Season,1967
1967-11-05,Sun,Dallas Cowboys,Atlanta Falcons,37,7,Regular Season,1967
1967-11-05,Sun,Chicago Bears,Detroit Lions,27,13,Regular Season,1967
1967-11-05,Sun,Cleveland Browns,Pittsburgh Steelers,34,14,Regular Season,1967
1967-11-05,Sun,Baltimore Colts,Green Bay Packers,13,10,Regular Season,1967
1967-11-05,Sun,St. Louis Cardinals,Washington Redskins,27,21,Regular Season,1967
1967-11-05,Sun,Minnesota Vikings,New York Giants,27,24,Regular Season,1967
1967-11-05,Sun,New Orleans Saints,Philadelphia Eagles,31,24,Regular Season,1967
1967-11-05,Sun,Los Angeles Rams,San Francisco 49ers,17,7,Regular Season,1967
1967-11-12,Sun,Baltimore Colts,Atlanta Falcons,49,7,Regular Season,1967
1967-11-12,Sun,Chicago Bears,New York Giants,34,7,Regular Season,1967
1967-11-12,Sun,Green Bay Packers,Cleveland Browns,55,7,Regular Season,1967
1967-11-12,Sun,Pittsburgh Steelers,St. Louis Cardinals,14,14,Regular Season,1967
1967-11-12,Sun,Dallas Cowboys,New Orleans Saints,27,10,Regular Season,1967
1967-11-12,Sun,Minnesota Vikings,Detroit Lions,10,10,Regular Season,1967
1967-11-12,Sun,Los Angeles Rams,Philadelphia Eagles,33,17,Regular Season,1967
1967-11-12,Sun,Washington Redskins,San Francisco 49ers,31,28,Regular Season,1967
1967-11-19,Sun,Los Angeles Rams,Atlanta Falcons,31,3,Regular Season,1967
1967-11-19,Sun,Chicago Bears,St. Louis Cardinals,30,3,Regular Season,1967
1967-11-19,Sun,Cleveland Browns,Minnesota Vikings,14,10,Regular Season,1967
1967-11-19,Sun,Baltimore Colts,Detroit Lions,41,7,Regular Season,1967
1967-11-19,Sun,Washington Redskins,Dallas Cowboys,27,20,Regular Season,1967
1967-11-19,Sun,Green Bay Packers,San Francisco 49ers,13,0,Regular Season,1967
1967-11-19,Sun,Philadelphia Eagles,New Orleans Saints,48,21,Regular Season,1967
1967-11-19,Sun,New York Giants,Pittsburgh Steelers,28,20,Regular Season,1967
1967-11-23,Thu,Dallas Cowboys,St. Louis Cardinals,46,21,Regular Season,1967
1967-11-23,Thu,Los Angeles Rams,Detroit Lions,31,7,Regular Season,1967
1967-11-26,Sun,New Orleans Saints,Atlanta Falcons,27,24,Regular Season,1967
1967-11-26,Sun,Green Bay Packers,Chicago Bears,17,13,Regular Season,1967
1967-11-26,Sun,Cleveland Browns,Washington Redskins,42,37,Regular Season,1967
1967-11-26,Sun,Baltimore Colts,San Francisco 49ers,26,9,Regular Season,1967
1967-11-26,Sun,Minnesota Vikings,Pittsburgh Steelers,41,27,Regular Season,1967
1967-11-26,Sun,New York Giants,Philadelphia Eagles,44,7,Regular Season,1967
1967-12-03,Sun,Los Angeles Rams,Atlanta Falcons,20,3,Regular Season,1967
1967-12-03,Sun,Chicago Bears,San Francisco 49ers,28,14,Regular Season,1967
1967-12-03,Sun,Cleveland Browns,New York Giants,24,14,Regular Season,1967
1967-12-03,Sun,Baltimore Colts,Dallas Cowboys,23,17,Regular Season,1967
1967-12-03,Sun,St. Louis Cardinals,New Orleans Saints,31,20,Regular Season,1967
1967-12-03,Sun,Pittsburgh Steelers,Detroit Lions,24,14,Regular Season,1967
1967-12-03,Sun,Green Bay Packers,Minnesota Vikings,30,27,Regular Season,1967
1967-12-03,Sun,Washington Redskins,Philadelphia Eagles,35,35,Regular Season,1967
1967-12-09,Sat,Los Angeles Rams,Green Bay Packers,27,24,Regular Season,1967
1967-12-10,Sun,San Francisco 49ers,Atlanta Falcons,34,28,Regular Season,1967
1967-12-10,Sun,Minnesota Vikings,Chicago Bears,10,10,Regular Season,1967
1967-12-10,Sun,Cleveland Browns,St. Louis Cardinals,20,16,Regular Season,1967
1967-12-10,Sun,Baltimore Colts,New Orleans Saints,30,10,Regular Season,1967
1967-12-10,Sun,Dallas Cowboys,Philadelphia Eagles,38,17,Regular Season,1967
1967-12-10,Sun,Detroit Lions,New York Giants,30,7,Regular Season,1967
1967-12-10,Sun,Washington Redskins,Pittsburgh Steelers,15,10,Regular Season,1967
1967-12-16,Sat,San Francisco 49ers,Dallas Cowboys,24,16,Regular Season,1967
1967-12-17,Sun,Chicago Bears,Atlanta Falcons,23,14,Regular Season,1967
1967-12-17,Sun,Philadelphia Eagles,Cleveland Browns,28,24,Regular Season,1967
1967-12-17,Sun,Los Angeles Rams,Baltimore Colts,34,10,Regular Season,1967
1967-12-17,Sun,New York Giants,St. Louis Cardinals,37,14,Regular Season,1967
1967-12-17,Sun,Detroit Lions,Minnesota Vikings,14,3,Regular Season,1967
1967-12-17,Sun,Pittsburgh Steelers,Green Bay Packers,24,17,Regular Season,1967
1967-12-17,Sun,New Orleans Saints,Washington Redskins,30,14,Regular Season,1967
Playoffs,,,,,,Playoff,1967
1967-12-23,Sat,Green Bay Packers,Los Angeles Rams,28,7,Playoff,1967
1967-12-24,Sun,Dallas Cowboys,Cleveland Browns,52,14,Playoff,1967
1967-12-31,Sun,Green Bay Packers,Dallas Cowboys,21,17,Playoff,1967
1968-01-14,Sun,Green Bay Packers,Oakland Raiders,33,14,Playoff,1967
