Date,DOW,WT,LT,WTS,LTS,Type,Season
1968-09-14,Sat,Minnesota Vikings,Atlanta Falcons,47,7,Regular Season,1968
1968-09-15,Sun,Washington Redskins,Chicago Bears,38,28,Regular Season,1968
1968-09-15,Sun,Cleveland Browns,New Orleans Saints,24,10,Regular Season,1968
1968-09-15,Sun,Baltimore Colts,San Francisco 49ers,27,10,Regular Season,1968
1968-09-15,Sun,Dallas Cowboys,Detroit Lions,59,13,Regular Season,1968
1968-09-15,Sun,Green Bay Packers,Philadelphia Eagles,30,13,Regular Season,1968
1968-09-15,Sun,New York Giants,Pittsburgh Steelers,34,20,Regular Season,1968
1968-09-16,Mon,Los Angeles Rams,St. Louis Cardinals,24,13,Regular Season,1968
1968-09-22,Sun,Baltimore Colts,Atlanta Falcons,28,20,Regular Season,1968
1968-09-22,Sun,Detroit Lions,Chicago Bears,42,0,Regular Season,1968
1968-09-22,Sun,Dallas Cowboys,Cleveland Browns,28,7,Regular Season,1968
1968-09-22,Sun,San Francisco 49ers,St. Louis Cardinals,35,17,Regular Season,1968
1968-09-22,Sun,Minnesota Vikings,Green Bay Packers,26,13,Regular Season,1968
1968-09-22,Sun,New Orleans Saints,Washington Redskins,37,17,Regular Season,1968
1968-09-22,Sun,New York Giants,Philadelphia Eagles,34,25,Regular Season,1968
1968-09-22,Sun,Los Angeles Rams,Pittsburgh Steelers,45,10,Regular Season,1968
1968-09-29,Sun,San Francisco 49ers,Atlanta Falcons,28,13,Regular Season,1968
1968-09-29,Sun,Chicago Bears,Minnesota Vikings,27,17,Regular Season,1968
1968-09-29,Sun,Los Angeles Rams,Cleveland Browns,24,6,Regular Season,1968
1968-09-29,Sun,Baltimore Colts,Pittsburgh Steelers,41,7,Regular Season,1968
1968-09-29,Sun,St. Louis Cardinals,New Orleans Saints,21,20,Regular Season,1968
1968-09-29,Sun,Dallas Cowboys,Philadelphia Eagles,45,13,Regular Season,1968
1968-09-29,Sun,Detroit Lions,Green Bay Packers,23,17,Regular Season,1968
1968-09-29,Sun,New York Giants,Washington Redskins,48,21,Regular Season,1968
1968-10-05,Sat,Cleveland Browns,Pittsburgh Steelers,31,24,Regular Season,1968
1968-10-06,Sun,Green Bay Packers,Atlanta Falcons,38,7,Regular Season,1968
1968-10-06,Sun,Baltimore Colts,Chicago Bears,28,7,Regular Season,1968
1968-10-06,Sun,Dallas Cowboys,St. Louis Cardinals,27,10,Regular Season,1968
1968-10-06,Sun,Minnesota Vikings,Detroit Lions,24,10,Regular Season,1968
1968-10-06,Sun,New York Giants,New Orleans Saints,38,21,Regular Season,1968
1968-10-06,Sun,Washington Redskins,Philadelphia Eagles,17,14,Regular Season,1968
1968-10-06,Sun,Los Angeles Rams,San Francisco 49ers,24,10,Regular Season,1968
1968-10-13,Sun,Atlanta Falcons,New York Giants,24,21,Regular Season,1968
1968-10-13,Sun,Detroit Lions,Chicago Bears,28,10,Regular Season,1968
1968-10-13,Sun,St. Louis Cardinals,Cleveland Browns,27,21,Regular Season,1968
1968-10-13,Sun,Baltimore Colts,San Francisco 49ers,42,14,Regular Season,1968
1968-10-13,Sun,Dallas Cowboys,Philadelphia Eagles,34,14,Regular Season,1968
1968-10-13,Sun,Los Angeles Rams,Green Bay Packers,16,14,Regular Season,1968
1968-10-13,Sun,New Orleans Saints,Minnesota Vikings,20,17,Regular Season,1968
1968-10-13,Sun,Washington Redskins,Pittsburgh Steelers,16,13,Regular Season,1968
1968-10-20,Sun,Los Angeles Rams,Atlanta Falcons,27,14,Regular Season,1968
1968-10-20,Sun,Chicago Bears,Philadelphia Eagles,29,16,Regular Season,1968
1968-10-20,Sun,Cleveland Browns,Baltimore Colts,30,20,Regular Season,1968
1968-10-20,Sun,St. Louis Cardinals,Washington Redskins,41,14,Regular Season,1968
1968-10-20,Sun,Dallas Cowboys,Minnesota Vikings,20,7,Regular Season,1968
1968-10-20,Sun,Green Bay Packers,Detroit Lions,14,14,Regular Season,1968
1968-10-20,Sun,New Orleans Saints,Pittsburgh Steelers,16,12,Regular Season,1968
1968-10-20,Sun,San Francisco 49ers,New York Giants,26,10,Regular Season,1968
1968-10-27,Sun,Cleveland Browns,Atlanta Falcons,30,7,Regular Season,1968
1968-10-27,Sun,Chicago Bears,Minnesota Vikings,26,24,Regular Season,1968
1968-10-27,Sun,Baltimore Colts,Los Angeles Rams,27,10,Regular Season,1968
1968-10-27,Sun,St. Louis Cardinals,New Orleans Saints,31,17,Regular Season,1968
1968-10-27,Sun,San Francisco 49ers,Detroit Lions,14,7,Regular Season,1968
1968-10-27,Sun,New York Giants,Washington Redskins,13,10,Regular Season,1968
1968-10-27,Sun,Pittsburgh Steelers,Philadelphia Eagles,6,3,Regular Season,1968
1968-10-28,Mon,Green Bay Packers,Dallas Cowboys,28,17,Regular Season,1968
1968-11-03,Sun,Pittsburgh Steelers,Atlanta Falcons,41,21,Regular Season,1968
1968-11-03,Sun,Chicago Bears,Green Bay Packers,13,10,Regular Season,1968
1968-11-03,Sun,Cleveland Browns,San Francisco 49ers,33,21,Regular Season,1968
1968-11-03,Sun,Baltimore Colts,New York Giants,26,0,Regular Season,1968
1968-11-03,Sun,St. Louis Cardinals,Philadelphia Eagles,45,17,Regular Season,1968
1968-11-03,Sun,Dallas Cowboys,New Orleans Saints,17,3,Regular Season,1968
1968-11-03,Sun,Los Angeles Rams,Detroit Lions,10,7,Regular Season,1968
1968-11-03,Sun,Minnesota Vikings,Washington Redskins,27,14,Regular Season,1968
1968-11-10,Sun,Los Angeles Rams,Atlanta Falcons,17,10,Regular Season,1968
1968-11-10,Sun,Chicago Bears,San Francisco 49ers,27,19,Regular Season,1968
1968-11-10,Sun,Cleveland Browns,New Orleans Saints,35,17,Regular Season,1968
1968-11-10,Sun,Baltimore Colts,Detroit Lions,27,10,Regular Season,1968
1968-11-10,Sun,Pittsburgh Steelers,St. Louis Cardinals,28,28,Regular Season,1968
1968-11-10,Sun,New York Giants,Dallas Cowboys,27,21,Regular Season,1968
1968-11-10,Sun,Minnesota Vikings,Green Bay Packers,14,10,Regular Season,1968
1968-11-10,Sun,Washington Redskins,Philadelphia Eagles,16,10,Regular Season,1968
1968-11-17,Sun,Atlanta Falcons,Chicago Bears,16,13,Regular Season,1968
1968-11-17,Sun,Cleveland Browns,Pittsburgh Steelers,45,24,Regular Season,1968
1968-11-17,Sun,Baltimore Colts,St. Louis Cardinals,27,0,Regular Season,1968
1968-11-17,Sun,Dallas Cowboys,Washington Redskins,44,24,Regular Season,1968
1968-11-17,Sun,Minnesota Vikings,Detroit Lions,13,6,Regular Season,1968
1968-11-17,Sun,Green Bay Packers,New Orleans Saints,29,7,Regular Season,1968
1968-11-17,Sun,New York Giants,Philadelphia Eagles,7,6,Regular Season,1968
1968-11-17,Sun,San Francisco 49ers,Los Angeles Rams,20,20,Regular Season,1968
1968-11-24,Sun,St. Louis Cardinals,Atlanta Falcons,17,12,Regular Season,1968
1968-11-24,Sun,Dallas Cowboys,Chicago Bears,34,3,Regular Season,1968
1968-11-24,Sun,Cleveland Browns,Philadelphia Eagles,47,13,Regular Season,1968
1968-11-24,Sun,Baltimore Colts,Minnesota Vikings,21,9,Regular Season,1968
1968-11-24,Sun,New Orleans Saints,Detroit Lions,20,20,Regular Season,1968
1968-11-24,Sun,Green Bay Packers,Washington Redskins,27,7,Regular Season,1968
1968-11-24,Sun,Los Angeles Rams,New York Giants,24,21,Regular Season,1968
1968-11-24,Sun,San Francisco 49ers,Pittsburgh Steelers,45,28,Regular Season,1968
1968-11-28,Thu,Dallas Cowboys,Washington Redskins,29,20,Regular Season,1968
1968-11-28,Thu,Philadelphia Eagles,Detroit Lions,12,0,Regular Season,1968
1968-12-01,Sun,Baltimore Colts,Atlanta Falcons,44,0,Regular Season,1968
1968-12-01,Sun,Chicago Bears,New Orleans Saints,23,17,Regular Season,1968
1968-12-01,Sun,Cleveland Browns,New York Giants,45,10,Regular Season,1968
1968-12-01,Sun,St. Louis Cardinals,Pittsburgh Steelers,20,10,Regular Season,1968
1968-12-01,Sun,San Francisco 49ers,Green Bay Packers,27,20,Regular Season,1968
1968-12-01,Sun,Los Angeles Rams,Minnesota Vikings,31,3,Regular Season,1968
1968-12-07,Sat,Baltimore Colts,Green Bay Packers,16,3,Regular Season,1968
1968-12-08,Sun,Detroit Lions,Atlanta Falcons,24,7,Regular Season,1968
1968-12-08,Sun,Chicago Bears,Los Angeles Rams,17,16,Regular Season,1968
1968-12-08,Sun,Cleveland Browns,Washington Redskins,24,21,Regular Season,1968
1968-12-08,Sun,St. Louis Cardinals,New York Giants,28,21,Regular Season,1968
1968-12-08,Sun,Dallas Cowboys,Pittsburgh Steelers,28,7,Regular Season,1968
1968-12-08,Sun,Minnesota Vikings,San Francisco 49ers,30,20,Regular Season,1968
1968-12-08,Sun,Philadelphia Eagles,New Orleans Saints,29,17,Regular Season,1968
1968-12-14,Sat,St. Louis Cardinals,Cleveland Browns,27,16,Regular Season,1968
1968-12-15,Sun,San Francisco 49ers,Atlanta Falcons,14,12,Regular Season,1968
1968-12-15,Sun,Green Bay Packers,Chicago Bears,28,27,Regular Season,1968
1968-12-15,Sun,Baltimore Colts,Los Angeles Rams,28,24,Regular Season,1968
1968-12-15,Sun,Dallas Cowboys,New York Giants,28,10,Regular Season,1968
1968-12-15,Sun,Washington Redskins,Detroit Lions,14,3,Regular Season,1968
1968-12-15,Sun,Minnesota Vikings,Philadelphia Eagles,24,17,Regular Season,1968
1968-12-15,Sun,New Orleans Saints,Pittsburgh Steelers,24,14,Regular Season,1968
Playoffs,,,,,,Playoff,1968
1968-12-21,Sat,Cleveland Browns,Dallas Cowboys,31,20,Playoff,1968
1968-12-22,Sun,Baltimore Colts,Minnesota Vikings,24,14,Playoff,1968
1968-12-29,Sun,Baltimore Colts,Cleveland Browns,34,0,Playoff,1968
1969-01-12,Sun,New York Jets,Baltimore Colts,16,7,Playoff,1968
