Date,DOW,WT,LT,WTS,LTS,Type,Season
1969-09-21,Sun,Atlanta Falcons,San Francisco 49ers,24,12,Regular Season,1969
1969-09-21,Sun,Green Bay Packers,Chicago Bears,17,0,Regular Season,1969
1969-09-21,Sun,Cleveland Browns,Philadelphia Eagles,27,20,Regular Season,1969
1969-09-21,Sun,Los Angeles Rams,Baltimore Colts,27,20,Regular Season,1969
1969-09-21,Sun,Dallas Cowboys,St. Louis Cardinals,24,3,Regular Season,1969
1969-09-21,Sun,Pittsburgh Steelers,Detroit Lions,16,13,Regular Season,1969
1969-09-21,Sun,New York Giants,Minnesota Vikings,24,23,Regular Season,1969
1969-09-21,Sun,Washington Redskins,New Orleans Saints,26,20,Regular Season,1969
1969-09-28,Sun,Los Angeles Rams,Atlanta Falcons,17,7,Regular Season,1969
1969-09-28,Sun,St. Louis Cardinals,Chicago Bears,20,17,Regular Season,1969
1969-09-28,Sun,Cleveland Browns,Washington Redskins,27,23,Regular Season,1969
1969-09-28,Sun,Minnesota Vikings,Baltimore Colts,52,14,Regular Season,1969
1969-09-28,Sun,Dallas Cowboys,New Orleans Saints,21,17,Regular Season,1969
1969-09-28,Sun,Detroit Lions,New York Giants,24,0,Regular Season,1969
1969-09-28,Sun,Green Bay Packers,San Francisco 49ers,14,7,Regular Season,1969
1969-09-28,Sun,Philadelphia Eagles,Pittsburgh Steelers,41,27,Regular Season,1969
1969-10-05,Sun,Baltimore Colts,Atlanta Falcons,21,14,Regular Season,1969
1969-10-05,Sun,New York Giants,Chicago Bears,28,24,Regular Season,1969
1969-10-05,Sun,Detroit Lions,Cleveland Browns,28,21,Regular Season,1969
1969-10-05,Sun,St. Louis Cardinals,Pittsburgh Steelers,27,14,Regular Season,1969
1969-10-05,Sun,Dallas Cowboys,Philadelphia Eagles,38,7,Regular Season,1969
1969-10-05,Sun,Minnesota Vikings,Green Bay Packers,19,7,Regular Season,1969
1969-10-05,Sun,Los Angeles Rams,New Orleans Saints,36,17,Regular Season,1969
1969-10-05,Sun,Washington Redskins,San Francisco 49ers,17,17,Regular Season,1969
1969-10-12,Sun,Dallas Cowboys,Atlanta Falcons,24,17,Regular Season,1969
1969-10-12,Sun,Minnesota Vikings,Chicago Bears,31,0,Regular Season,1969
1969-10-12,Sun,Cleveland Browns,New Orleans Saints,27,17,Regular Season,1969
1969-10-12,Sun,Washington Redskins,St. Louis Cardinals,33,17,Regular Season,1969
1969-10-12,Sun,Green Bay Packers,Detroit Lions,28,17,Regular Season,1969
1969-10-12,Sun,New York Giants,Pittsburgh Steelers,10,7,Regular Season,1969
1969-10-12,Sun,Los Angeles Rams,San Francisco 49ers,27,21,Regular Season,1969
1969-10-13,Mon,Baltimore Colts,Philadelphia Eagles,24,20,Regular Season,1969
1969-10-18,Sat,Cleveland Browns,Pittsburgh Steelers,42,31,Regular Season,1969
1969-10-19,Sun,Atlanta Falcons,San Francisco 49ers,21,7,Regular Season,1969
1969-10-19,Sun,Detroit Lions,Chicago Bears,13,7,Regular Season,1969
1969-10-19,Sun,Baltimore Colts,New Orleans Saints,30,10,Regular Season,1969
1969-10-19,Sun,Minnesota Vikings,St. Louis Cardinals,27,10,Regular Season,1969
1969-10-19,Sun,Dallas Cowboys,Philadelphia Eagles,49,14,Regular Season,1969
1969-10-19,Sun,Los Angeles Rams,Green Bay Packers,34,21,Regular Season,1969
1969-10-19,Sun,Washington Redskins,New York Giants,20,14,Regular Season,1969
1969-10-26,Sun,Green Bay Packers,Atlanta Falcons,28,10,Regular Season,1969
1969-10-26,Sun,Los Angeles Rams,Chicago Bears,9,7,Regular Season,1969
1969-10-26,Sun,St. Louis Cardinals,Cleveland Browns,21,21,Regular Season,1969
1969-10-26,Sun,San Francisco 49ers,Baltimore Colts,24,21,Regular Season,1969
1969-10-26,Sun,Minnesota Vikings,Detroit Lions,24,10,Regular Season,1969
1969-10-26,Sun,Philadelphia Eagles,New Orleans Saints,13,10,Regular Season,1969
1969-10-26,Sun,Washington Redskins,Pittsburgh Steelers,14,7,Regular Season,1969
1969-10-27,Mon,Dallas Cowboys,New York Giants,25,3,Regular Season,1969
1969-11-02,Sun,Los Angeles Rams,Atlanta Falcons,38,6,Regular Season,1969
1969-11-02,Sun,Minnesota Vikings,Chicago Bears,31,14,Regular Season,1969
1969-11-02,Sun,Cleveland Browns,Dallas Cowboys,42,10,Regular Season,1969
1969-11-02,Sun,Baltimore Colts,Washington Redskins,41,17,Regular Season,1969
1969-11-02,Sun,New Orleans Saints,St. Louis Cardinals,51,42,Regular Season,1969
1969-11-02,Sun,Detroit Lions,San Francisco 49ers,26,14,Regular Season,1969
1969-11-02,Sun,Green Bay Packers,Pittsburgh Steelers,38,34,Regular Season,1969
1969-11-02,Sun,Philadelphia Eagles,New York Giants,23,20,Regular Season,1969
1969-11-09,Sun,Detroit Lions,Atlanta Falcons,27,21,Regular Season,1969
1969-11-09,Sun,Chicago Bears,Pittsburgh Steelers,38,7,Regular Season,1969
1969-11-09,Sun,Minnesota Vikings,Cleveland Browns,51,3,Regular Season,1969
1969-11-09,Sun,Baltimore Colts,Green Bay Packers,14,6,Regular Season,1969
1969-11-09,Sun,St. Louis Cardinals,New York Giants,42,17,Regular Season,1969
1969-11-09,Sun,Dallas Cowboys,New Orleans Saints,33,17,Regular Season,1969
1969-11-09,Sun,Washington Redskins,Philadelphia Eagles,28,28,Regular Season,1969
1969-11-09,Sun,Los Angeles Rams,San Francisco 49ers,41,30,Regular Season,1969
1969-11-16,Sun,Atlanta Falcons,Chicago Bears,48,31,Regular Season,1969
1969-11-16,Sun,Cleveland Browns,Pittsburgh Steelers,24,3,Regular Season,1969
1969-11-16,Sun,San Francisco 49ers,Baltimore Colts,20,17,Regular Season,1969
1969-11-16,Sun,Detroit Lions,St. Louis Cardinals,20,0,Regular Season,1969
1969-11-16,Sun,Dallas Cowboys,Washington Redskins,41,28,Regular Season,1969
1969-11-16,Sun,Minnesota Vikings,Green Bay Packers,9,7,Regular Season,1969
1969-11-16,Sun,New Orleans Saints,New York Giants,25,24,Regular Season,1969
1969-11-16,Sun,Los Angeles Rams,Philadelphia Eagles,23,17,Regular Season,1969
1969-11-23,Sun,Washington Redskins,Atlanta Falcons,27,20,Regular Season,1969
1969-11-23,Sun,Baltimore Colts,Chicago Bears,24,21,Regular Season,1969
1969-11-23,Sun,Cleveland Browns,New York Giants,28,17,Regular Season,1969
1969-11-23,Sun,Philadelphia Eagles,St. Louis Cardinals,34,30,Regular Season,1969
1969-11-23,Sun,Los Angeles Rams,Dallas Cowboys,24,23,Regular Season,1969
1969-11-23,Sun,Detroit Lions,Green Bay Packers,16,10,Regular Season,1969
1969-11-23,Sun,Minnesota Vikings,Pittsburgh Steelers,52,14,Regular Season,1969
1969-11-23,Sun,New Orleans Saints,San Francisco 49ers,43,38,Regular Season,1969
1969-11-27,Thu,San Francisco 49ers,Dallas Cowboys,24,24,Regular Season,1969
1969-11-27,Thu,Minnesota Vikings,Detroit Lions,27,0,Regular Season,1969
1969-11-30,Sun,Baltimore Colts,Atlanta Falcons,13,6,Regular Season,1969
1969-11-30,Sun,Cleveland Browns,Chicago Bears,28,24,Regular Season,1969
1969-11-30,Sun,St. Louis Cardinals,Pittsburgh Steelers,47,10,Regular Season,1969
1969-11-30,Sun,Green Bay Packers,New York Giants,20,10,Regular Season,1969
1969-11-30,Sun,New Orleans Saints,Philadelphia Eagles,26,17,Regular Season,1969
1969-11-30,Sun,Los Angeles Rams,Washington Redskins,24,13,Regular Season,1969
1969-12-06,Sat,San Francisco 49ers,Chicago Bears,42,21,Regular Season,1969
1969-12-07,Sun,Atlanta Falcons,New Orleans Saints,45,17,Regular Season,1969
1969-12-07,Sun,Cleveland Browns,Green Bay Packers,20,7,Regular Season,1969
1969-12-07,Sun,Detroit Lions,Baltimore Colts,17,17,Regular Season,1969
1969-12-07,Sun,New York Giants,St. Louis Cardinals,49,6,Regular Season,1969
1969-12-07,Sun,Dallas Cowboys,Pittsburgh Steelers,10,7,Regular Season,1969
1969-12-07,Sun,Minnesota Vikings,Los Angeles Rams,20,13,Regular Season,1969
1969-12-07,Sun,Washington Redskins,Philadelphia Eagles,34,29,Regular Season,1969
1969-12-13,Sat,Dallas Cowboys,Baltimore Colts,27,10,Regular Season,1969
1969-12-14,Sun,Atlanta Falcons,Philadelphia Eagles,27,3,Regular Season,1969
1969-12-14,Sun,Green Bay Packers,Chicago Bears,21,3,Regular Season,1969
1969-12-14,Sun,Cleveland Browns,St. Louis Cardinals,27,21,Regular Season,1969
1969-12-14,Sun,Detroit Lions,Los Angeles Rams,28,0,Regular Season,1969
1969-12-14,Sun,Minnesota Vikings,San Francisco 49ers,10,7,Regular Season,1969
1969-12-14,Sun,Washington Redskins,New Orleans Saints,17,14,Regular Season,1969
1969-12-14,Sun,New York Giants,Pittsburgh Steelers,21,17,Regular Season,1969
1969-12-21,Sun,Atlanta Falcons,Minnesota Vikings,10,3,Regular Season,1969
1969-12-21,Sun,Detroit Lions,Chicago Bears,20,3,Regular Season,1969
1969-12-21,Sun,New York Giants,Cleveland Browns,27,14,Regular Season,1969
1969-12-21,Sun,Baltimore Colts,Los Angeles Rams,13,7,Regular Season,1969
1969-12-21,Sun,Green Bay Packers,St. Louis Cardinals,45,28,Regular Season,1969
1969-12-21,Sun,Dallas Cowboys,Washington Redskins,20,10,Regular Season,1969
1969-12-21,Sun,New Orleans Saints,Pittsburgh Steelers,27,24,Regular Season,1969
1969-12-21,Sun,San Francisco 49ers,Philadelphia Eagles,14,13,Regular Season,1969
Playoffs,,,,,,Playoff,1969
1969-12-27,Sat,Minnesota Vikings,Los Angeles Rams,23,20,Playoff,1969
1969-12-28,Sun,Cleveland Browns,Dallas Cowboys,38,14,Playoff,1969
1970-01-04,Sun,Minnesota Vikings,Cleveland Browns,27,7,Playoff,1969
1970-01-11,Sun,Kansas City Chiefs,Minnesota Vikings,23,7,Playoff,1969
