Date,DOW,WT,LT,WTS,LTS,Type,Season
1970-09-18,Fri,Los Angeles Rams,St. Louis Cardinals,34,13,Regular Season,1970
1970-09-19,Sat,Chicago Bears,New York Giants,24,16,Regular Season,1970
1970-09-20,Sun,Denver Broncos,Buffalo Bills,25,10,Regular Season,1970
1970-09-20,Sun,Cincinnati Bengals,Oakland Raiders,31,21,Regular Season,1970
1970-09-20,Sun,Dallas Cowboys,Philadelphia Eagles,17,7,Regular Season,1970
1970-09-20,Sun,Boston Patriots,Miami Dolphins,27,14,Regular Season,1970
1970-09-20,Sun,Houston Oilers,Pittsburgh Steelers,19,7,Regular Season,1970
1970-09-20,Sun,Atlanta Falcons,New Orleans Saints,14,3,Regular Season,1970
1970-09-20,Sun,Detroit Lions,Green Bay Packers,40,0,Regular Season,1970
1970-09-20,Sun,Baltimore Colts,San Diego Chargers,16,14,Regular Season,1970
1970-09-20,Sun,Minnesota Vikings,Kansas City Chiefs,27,10,Regular Season,1970
1970-09-20,Sun,San Francisco 49ers,Washington Redskins,26,17,Regular Season,1970
1970-09-21,Mon,Cleveland Browns,New York Jets,31,21,Regular Season,1970
1970-09-27,Sun,Los Angeles Rams,Buffalo Bills,19,0,Regular Season,1970
1970-09-27,Sun,Detroit Lions,Cincinnati Bengals,38,3,Regular Season,1970
1970-09-27,Sun,New York Jets,Boston Patriots,31,21,Regular Season,1970
1970-09-27,Sun,Green Bay Packers,Atlanta Falcons,27,24,Regular Season,1970
1970-09-27,Sun,Chicago Bears,Philadelphia Eagles,20,16,Regular Season,1970
1970-09-27,Sun,St. Louis Cardinals,Washington Redskins,27,17,Regular Season,1970
1970-09-27,Sun,Dallas Cowboys,New York Giants,28,10,Regular Season,1970
1970-09-27,Sun,Miami Dolphins,Houston Oilers,20,10,Regular Season,1970
1970-09-27,Sun,Minnesota Vikings,New Orleans Saints,26,0,Regular Season,1970
1970-09-27,Sun,San Francisco 49ers,Cleveland Browns,34,31,Regular Season,1970
1970-09-27,Sun,Denver Broncos,Pittsburgh Steelers,16,13,Regular Season,1970
1970-09-27,Sun,San Diego Chargers,Oakland Raiders,27,27,Regular Season,1970
1970-09-28,Mon,Kansas City Chiefs,Baltimore Colts,44,24,Regular Season,1970
1970-10-03,Sat,Miami Dolphins,Oakland Raiders,20,13,Regular Season,1970
1970-10-03,Sat,Cleveland Browns,Pittsburgh Steelers,15,7,Regular Season,1970
1970-10-04,Sun,Atlanta Falcons,San Francisco 49ers,21,20,Regular Season,1970
1970-10-04,Sun,Buffalo Bills,New York Jets,34,31,Regular Season,1970
1970-10-04,Sun,Houston Oilers,Cincinnati Bengals,20,13,Regular Season,1970
1970-10-04,Sun,Baltimore Colts,Boston Patriots,14,6,Regular Season,1970
1970-10-04,Sun,Washington Redskins,Philadelphia Eagles,33,21,Regular Season,1970
1970-10-04,Sun,St. Louis Cardinals,Dallas Cowboys,20,7,Regular Season,1970
1970-10-04,Sun,New Orleans Saints,New York Giants,14,10,Regular Season,1970
1970-10-04,Sun,Denver Broncos,Kansas City Chiefs,26,13,Regular Season,1970
1970-10-04,Sun,Green Bay Packers,Minnesota Vikings,13,10,Regular Season,1970
1970-10-04,Sun,Los Angeles Rams,San Diego Chargers,37,10,Regular Season,1970
1970-10-05,Mon,Detroit Lions,Chicago Bears,28,14,Regular Season,1970
1970-10-10,Sat,Miami Dolphins,New York Jets,20,6,Regular Season,1970
1970-10-11,Sun,Pittsburgh Steelers,Buffalo Bills,23,10,Regular Season,1970
1970-10-11,Sun,Cleveland Browns,Cincinnati Bengals,30,27,Regular Season,1970
1970-10-11,Sun,Washington Redskins,Detroit Lions,31,10,Regular Season,1970
1970-10-11,Sun,New York Giants,Philadelphia Eagles,30,23,Regular Season,1970
1970-10-11,Sun,Dallas Cowboys,Atlanta Falcons,13,0,Regular Season,1970
1970-10-11,Sun,Minnesota Vikings,Chicago Bears,24,0,Regular Season,1970
1970-10-11,Sun,St. Louis Cardinals,New Orleans Saints,24,17,Regular Season,1970
1970-10-11,Sun,Baltimore Colts,Houston Oilers,24,20,Regular Season,1970
1970-10-11,Sun,Oakland Raiders,Denver Broncos,35,23,Regular Season,1970
1970-10-11,Sun,Kansas City Chiefs,Boston Patriots,23,10,Regular Season,1970
1970-10-11,Sun,San Francisco 49ers,Los Angeles Rams,20,6,Regular Season,1970
1970-10-12,Mon,Green Bay Packers,San Diego Chargers,22,20,Regular Season,1970
1970-10-18,Sun,Miami Dolphins,Buffalo Bills,33,14,Regular Season,1970
1970-10-18,Sun,Detroit Lions,Cleveland Browns,41,24,Regular Season,1970
1970-10-18,Sun,Baltimore Colts,New York Jets,29,22,Regular Season,1970
1970-10-18,Sun,St. Louis Cardinals,Philadelphia Eagles,35,20,Regular Season,1970
1970-10-18,Sun,New York Giants,Boston Patriots,16,0,Regular Season,1970
1970-10-18,Sun,San Diego Chargers,Chicago Bears,20,7,Regular Season,1970
1970-10-18,Sun,Los Angeles Rams,Green Bay Packers,31,21,Regular Season,1970
1970-10-18,Sun,Pittsburgh Steelers,Houston Oilers,7,3,Regular Season,1970
1970-10-18,Sun,Denver Broncos,Atlanta Falcons,24,10,Regular Season,1970
1970-10-18,Sun,Kansas City Chiefs,Cincinnati Bengals,27,19,Regular Season,1970
1970-10-18,Sun,Minnesota Vikings,Dallas Cowboys,54,13,Regular Season,1970
1970-10-18,Sun,San Francisco 49ers,New Orleans Saints,20,20,Regular Season,1970
1970-10-19,Mon,Oakland Raiders,Washington Redskins,34,20,Regular Season,1970
1970-10-25,Sun,Atlanta Falcons,New Orleans Saints,32,14,Regular Season,1970
1970-10-25,Sun,Buffalo Bills,New York Jets,10,6,Regular Season,1970
1970-10-25,Sun,Washington Redskins,Cincinnati Bengals,20,0,Regular Season,1970
1970-10-25,Sun,Cleveland Browns,Miami Dolphins,28,0,Regular Season,1970
1970-10-25,Sun,New York Giants,St. Louis Cardinals,35,17,Regular Season,1970
1970-10-25,Sun,Detroit Lions,Chicago Bears,16,10,Regular Season,1970
1970-10-25,Sun,Baltimore Colts,Boston Patriots,27,3,Regular Season,1970
1970-10-25,Sun,Green Bay Packers,Philadelphia Eagles,30,17,Regular Season,1970
1970-10-25,Sun,Dallas Cowboys,Kansas City Chiefs,27,16,Regular Season,1970
1970-10-25,Sun,San Francisco 49ers,Denver Broncos,19,14,Regular Season,1970
1970-10-25,Sun,San Diego Chargers,Houston Oilers,31,31,Regular Season,1970
1970-10-25,Sun,Oakland Raiders,Pittsburgh Steelers,31,14,Regular Season,1970
1970-10-26,Mon,Minnesota Vikings,Los Angeles Rams,13,3,Regular Season,1970
1970-11-01,Sun,Chicago Bears,Atlanta Falcons,23,14,Regular Season,1970
1970-11-01,Sun,Buffalo Bills,Boston Patriots,45,10,Regular Season,1970
1970-11-01,Sun,San Diego Chargers,Cleveland Browns,27,10,Regular Season,1970
1970-11-01,Sun,Minnesota Vikings,Detroit Lions,30,17,Regular Season,1970
1970-11-01,Sun,New York Giants,New York Jets,22,10,Regular Season,1970
1970-11-01,Sun,Baltimore Colts,Miami Dolphins,35,0,Regular Season,1970
1970-11-01,Sun,St. Louis Cardinals,Houston Oilers,44,0,Regular Season,1970
1970-11-01,Sun,Dallas Cowboys,Philadelphia Eagles,21,17,Regular Season,1970
1970-11-01,Sun,Los Angeles Rams,New Orleans Saints,30,17,Regular Season,1970
1970-11-01,Sun,Washington Redskins,Denver Broncos,19,3,Regular Season,1970
1970-11-01,Sun,San Francisco 49ers,Green Bay Packers,26,10,Regular Season,1970
1970-11-01,Sun,Oakland Raiders,Kansas City Chiefs,17,17,Regular Season,1970
1970-11-02,Mon,Pittsburgh Steelers,Cincinnati Bengals,21,10,Regular Season,1970
1970-11-08,Sun,Cincinnati Bengals,Buffalo Bills,43,14,Regular Season,1970
1970-11-08,Sun,New York Giants,Dallas Cowboys,23,20,Regular Season,1970
1970-11-08,Sun,Philadelphia Eagles,Miami Dolphins,24,17,Regular Season,1970
1970-11-08,Sun,Minnesota Vikings,Washington Redskins,19,10,Regular Season,1970
1970-11-08,Sun,Pittsburgh Steelers,New York Jets,21,17,Regular Season,1970
1970-11-08,Sun,San Francisco 49ers,Chicago Bears,37,16,Regular Season,1970
1970-11-08,Sun,St. Louis Cardinals,Boston Patriots,31,0,Regular Season,1970
1970-11-08,Sun,New Orleans Saints,Detroit Lions,19,17,Regular Season,1970
1970-11-08,Sun,Kansas City Chiefs,Houston Oilers,24,9,Regular Season,1970
1970-11-08,Sun,Los Angeles Rams,Atlanta Falcons,10,10,Regular Season,1970
1970-11-08,Sun,Oakland Raiders,Cleveland Browns,23,20,Regular Season,1970
1970-11-08,Sun,San Diego Chargers,Denver Broncos,24,21,Regular Season,1970
1970-11-09,Mon,Baltimore Colts,Green Bay Packers,13,10,Regular Season,1970
1970-11-15,Sun,Philadelphia Eagles,Atlanta Falcons,13,13,Regular Season,1970
1970-11-15,Sun,Cincinnati Bengals,Cleveland Browns,14,10,Regular Season,1970
1970-11-15,Sun,Kansas City Chiefs,Pittsburgh Steelers,31,14,Regular Season,1970
1970-11-15,Sun,Miami Dolphins,New Orleans Saints,21,10,Regular Season,1970
1970-11-15,Sun,San Diego Chargers,Boston Patriots,16,14,Regular Season,1970
1970-11-15,Sun,New York Giants,Washington Redskins,35,33,Regular Season,1970
1970-11-15,Sun,Baltimore Colts,Buffalo Bills,17,17,Regular Season,1970
1970-11-15,Sun,Green Bay Packers,Chicago Bears,20,19,Regular Season,1970
1970-11-15,Sun,Minnesota Vikings,Detroit Lions,24,20,Regular Season,1970
1970-11-15,Sun,San Francisco 49ers,Houston Oilers,30,20,Regular Season,1970
1970-11-15,Sun,Oakland Raiders,Denver Broncos,24,19,Regular Season,1970
1970-11-15,Sun,New York Jets,Los Angeles Rams,31,20,Regular Season,1970
1970-11-16,Mon,St. Louis Cardinals,Dallas Cowboys,38,0,Regular Season,1970
1970-11-22,Sun,Los Angeles Rams,Atlanta Falcons,17,7,Regular Season,1970
1970-11-22,Sun,Cincinnati Bengals,Pittsburgh Steelers,34,7,Regular Season,1970
1970-11-22,Sun,Cleveland Browns,Houston Oilers,28,14,Regular Season,1970
1970-11-22,Sun,Miami Dolphins,Baltimore Colts,34,17,Regular Season,1970
1970-11-22,Sun,Dallas Cowboys,Washington Redskins,45,21,Regular Season,1970
1970-11-22,Sun,Denver Broncos,New Orleans Saints,31,6,Regular Season,1970
1970-11-22,Sun,Detroit Lions,San Francisco 49ers,28,7,Regular Season,1970
1970-11-22,Sun,New York Jets,Boston Patriots,17,3,Regular Season,1970
1970-11-22,Sun,Chicago Bears,Buffalo Bills,31,13,Regular Season,1970
1970-11-22,Sun,Minnesota Vikings,Green Bay Packers,10,3,Regular Season,1970
1970-11-22,Sun,Kansas City Chiefs,St. Louis Cardinals,6,6,Regular Season,1970
1970-11-22,Sun,Oakland Raiders,San Diego Chargers,20,17,Regular Season,1970
1970-11-23,Mon,Philadelphia Eagles,New York Giants,23,20,Regular Season,1970
1970-11-26,Thu,Detroit Lions,Oakland Raiders,28,14,Regular Season,1970
1970-11-26,Thu,Dallas Cowboys,Green Bay Packers,16,3,Regular Season,1970
1970-11-29,Sun,Boston Patriots,Buffalo Bills,14,10,Regular Season,1970
1970-11-29,Sun,Cincinnati Bengals,New Orleans Saints,26,6,Regular Season,1970
1970-11-29,Sun,Pittsburgh Steelers,Cleveland Browns,28,9,Regular Season,1970
1970-11-29,Sun,New York Jets,Minnesota Vikings,20,10,Regular Season,1970
1970-11-29,Sun,New York Giants,Washington Redskins,27,24,Regular Season,1970
1970-11-29,Sun,Baltimore Colts,Chicago Bears,21,20,Regular Season,1970
1970-11-29,Sun,St. Louis Cardinals,Philadelphia Eagles,23,14,Regular Season,1970
1970-11-29,Sun,Houston Oilers,Denver Broncos,31,21,Regular Season,1970
1970-11-29,Sun,Kansas City Chiefs,San Diego Chargers,26,14,Regular Season,1970
1970-11-29,Sun,Los Angeles Rams,San Francisco 49ers,30,13,Regular Season,1970
1970-11-30,Mon,Miami Dolphins,Atlanta Falcons,20,7,Regular Season,1970
1970-12-05,Sat,Minnesota Vikings,Chicago Bears,16,13,Regular Season,1970
1970-12-06,Sun,New York Giants,Buffalo Bills,20,6,Regular Season,1970
1970-12-06,Sun,Detroit Lions,St. Louis Cardinals,16,3,Regular Season,1970
1970-12-06,Sun,Green Bay Packers,Pittsburgh Steelers,20,12,Regular Season,1970
1970-12-06,Sun,Miami Dolphins,Boston Patriots,37,20,Regular Season,1970
1970-12-06,Sun,Oakland Raiders,New York Jets,14,13,Regular Season,1970
1970-12-06,Sun,Baltimore Colts,Philadelphia Eagles,29,10,Regular Season,1970
1970-12-06,Sun,Kansas City Chiefs,Denver Broncos,16,0,Regular Season,1970
1970-12-06,Sun,San Francisco 49ers,Atlanta Falcons,24,20,Regular Season,1970
1970-12-06,Sun,Cincinnati Bengals,San Diego Chargers,17,14,Regular Season,1970
1970-12-06,Sun,Dallas Cowboys,Washington Redskins,34,0,Regular Season,1970
1970-12-06,Sun,Los Angeles Rams,New Orleans Saints,34,16,Regular Season,1970
1970-12-07,Mon,Cleveland Browns,Houston Oilers,21,10,Regular Season,1970
1970-12-12,Sat,Dallas Cowboys,Cleveland Browns,6,2,Regular Season,1970
1970-12-12,Sat,Oakland Raiders,Kansas City Chiefs,20,6,Regular Season,1970
1970-12-13,Sun,Minnesota Vikings,Boston Patriots,35,14,Regular Season,1970
1970-12-13,Sun,Atlanta Falcons,Pittsburgh Steelers,27,16,Regular Season,1970
1970-12-13,Sun,Baltimore Colts,Buffalo Bills,20,14,Regular Season,1970
1970-12-13,Sun,Washington Redskins,Philadelphia Eagles,24,6,Regular Season,1970
1970-12-13,Sun,Chicago Bears,Green Bay Packers,35,17,Regular Season,1970
1970-12-13,Sun,Cincinnati Bengals,Houston Oilers,30,20,Regular Season,1970
1970-12-13,Sun,New York Giants,St. Louis Cardinals,34,17,Regular Season,1970
1970-12-13,Sun,San Francisco 49ers,New Orleans Saints,38,27,Regular Season,1970
1970-12-13,Sun,San Diego Chargers,Denver Broncos,17,17,Regular Season,1970
1970-12-13,Sun,Miami Dolphins,New York Jets,16,10,Regular Season,1970
1970-12-14,Mon,Detroit Lions,Los Angeles Rams,28,23,Regular Season,1970
1970-12-19,Sat,Baltimore Colts,New York Jets,35,20,Regular Season,1970
1970-12-20,Sun,Minnesota Vikings,Atlanta Falcons,37,7,Regular Season,1970
1970-12-20,Sun,Miami Dolphins,Buffalo Bills,45,7,Regular Season,1970
1970-12-20,Sun,Cincinnati Bengals,Boston Patriots,45,7,Regular Season,1970
1970-12-20,Sun,Washington Redskins,St. Louis Cardinals,28,27,Regular Season,1970
1970-12-20,Sun,Detroit Lions,Green Bay Packers,20,0,Regular Season,1970
1970-12-20,Sun,Los Angeles Rams,New York Giants,31,3,Regular Season,1970
1970-12-20,Sun,Philadelphia Eagles,Pittsburgh Steelers,30,20,Regular Season,1970
1970-12-20,Sun,Chicago Bears,New Orleans Saints,24,3,Regular Season,1970
1970-12-20,Sun,Dallas Cowboys,Houston Oilers,52,10,Regular Season,1970
1970-12-20,Sun,Cleveland Browns,Denver Broncos,27,13,Regular Season,1970
1970-12-20,Sun,San Diego Chargers,Kansas City Chiefs,31,13,Regular Season,1970
1970-12-20,Sun,San Francisco 49ers,Oakland Raiders,38,7,Regular Season,1970
Playoffs,,,,,,Playoff,1970
1970-12-26,Sat,Baltimore Colts,Cincinnati Bengals,17,0,Playoff,1970
1970-12-26,Sat,Dallas Cowboys,Detroit Lions,5,0,Playoff,1970
1970-12-27,Sun,San Francisco 49ers,Minnesota Vikings,17,14,Playoff,1970
1970-12-27,Sun,Oakland Raiders,Miami Dolphins,21,14,Playoff,1970
1971-01-03,Sun,Baltimore Colts,Oakland Raiders,27,17,Playoff,1970
1971-01-03,Sun,Dallas Cowboys,San Francisco 49ers,17,10,Playoff,1970
1971-01-17,Sun,Baltimore Colts,Dallas Cowboys,16,13,Playoff,1970
