Date,DOW,WT,LT,WTS,LTS,Type,Season
1971-09-19,Sun,Atlanta Falcons,San Francisco 49ers,20,17,Regular Season,1971
1971-09-19,Sun,Dallas Cowboys,Buffalo Bills,49,37,Regular Season,1971
1971-09-19,Sun,Cincinnati Bengals,Philadelphia Eagles,37,14,Regular Season,1971
1971-09-19,Sun,Cleveland Browns,Houston Oilers,31,0,Regular Season,1971
1971-09-19,Sun,New England Patriots,Oakland Raiders,20,6,Regular Season,1971
1971-09-19,Sun,Chicago Bears,Pittsburgh Steelers,17,15,Regular Season,1971
1971-09-19,Sun,Washington Redskins,St. Louis Cardinals,24,17,Regular Season,1971
1971-09-19,Sun,New York Giants,Green Bay Packers,42,40,Regular Season,1971
1971-09-19,Sun,New Orleans Saints,Los Angeles Rams,24,20,Regular Season,1971
1971-09-19,Sun,Baltimore Colts,New York Jets,22,0,Regular Season,1971
1971-09-19,Sun,Miami Dolphins,Denver Broncos,10,10,Regular Season,1971
1971-09-19,Sun,San Diego Chargers,Kansas City Chiefs,21,14,Regular Season,1971
1971-09-20,Mon,Minnesota Vikings,Detroit Lions,16,13,Regular Season,1971
1971-09-26,Sun,Miami Dolphins,Buffalo Bills,29,14,Regular Season,1971
1971-09-26,Sun,Pittsburgh Steelers,Cincinnati Bengals,21,10,Regular Season,1971
1971-09-26,Sun,Dallas Cowboys,Philadelphia Eagles,42,7,Regular Season,1971
1971-09-26,Sun,Green Bay Packers,Denver Broncos,34,13,Regular Season,1971
1971-09-26,Sun,Detroit Lions,New England Patriots,34,7,Regular Season,1971
1971-09-26,Sun,Washington Redskins,New York Giants,30,3,Regular Season,1971
1971-09-26,Sun,Chicago Bears,Minnesota Vikings,20,17,Regular Season,1971
1971-09-26,Sun,Cleveland Browns,Baltimore Colts,14,13,Regular Season,1971
1971-09-26,Sun,Kansas City Chiefs,Houston Oilers,20,16,Regular Season,1971
1971-09-26,Sun,San Francisco 49ers,New Orleans Saints,38,20,Regular Season,1971
1971-09-26,Sun,Los Angeles Rams,Atlanta Falcons,20,20,Regular Season,1971
1971-09-26,Sun,Oakland Raiders,San Diego Chargers,34,0,Regular Season,1971
1971-09-27,Mon,St. Louis Cardinals,New York Jets,17,10,Regular Season,1971
1971-10-03,Sun,Baltimore Colts,New England Patriots,23,3,Regular Season,1971
1971-10-03,Sun,New York Jets,Miami Dolphins,14,10,Regular Season,1971
1971-10-03,Sun,San Francisco 49ers,Philadelphia Eagles,31,3,Regular Season,1971
1971-10-03,Sun,Pittsburgh Steelers,San Diego Chargers,21,17,Regular Season,1971
1971-10-03,Sun,Detroit Lions,Atlanta Falcons,41,38,Regular Season,1971
1971-10-03,Sun,Minnesota Vikings,Buffalo Bills,19,0,Regular Season,1971
1971-10-03,Sun,Green Bay Packers,Cincinnati Bengals,20,17,Regular Season,1971
1971-10-03,Sun,Washington Redskins,Dallas Cowboys,20,16,Regular Season,1971
1971-10-03,Sun,Houston Oilers,New Orleans Saints,13,13,Regular Season,1971
1971-10-03,Sun,Los Angeles Rams,Chicago Bears,17,3,Regular Season,1971
1971-10-03,Sun,New York Giants,St. Louis Cardinals,21,20,Regular Season,1971
1971-10-03,Sun,Kansas City Chiefs,Denver Broncos,16,3,Regular Season,1971
1971-10-04,Mon,Oakland Raiders,Cleveland Browns,34,20,Regular Season,1971
1971-10-10,Sun,St. Louis Cardinals,Atlanta Falcons,26,9,Regular Season,1971
1971-10-10,Sun,Baltimore Colts,Buffalo Bills,43,0,Regular Season,1971
1971-10-10,Sun,Miami Dolphins,Cincinnati Bengals,23,13,Regular Season,1971
1971-10-10,Sun,Cleveland Browns,Pittsburgh Steelers,27,17,Regular Season,1971
1971-10-10,Sun,Minnesota Vikings,Philadelphia Eagles,13,0,Regular Season,1971
1971-10-10,Sun,New England Patriots,New York Jets,20,0,Regular Season,1971
1971-10-10,Sun,Washington Redskins,Houston Oilers,22,13,Regular Season,1971
1971-10-10,Sun,Chicago Bears,New Orleans Saints,35,14,Regular Season,1971
1971-10-10,Sun,Detroit Lions,Green Bay Packers,31,28,Regular Season,1971
1971-10-10,Sun,Kansas City Chiefs,San Diego Chargers,31,10,Regular Season,1971
1971-10-10,Sun,Oakland Raiders,Denver Broncos,27,16,Regular Season,1971
1971-10-10,Sun,Los Angeles Rams,San Francisco 49ers,20,13,Regular Season,1971
1971-10-11,Mon,Dallas Cowboys,New York Giants,20,13,Regular Season,1971
1971-10-17,Sun,Los Angeles Rams,Atlanta Falcons,24,16,Regular Season,1971
1971-10-17,Sun,New York Jets,Buffalo Bills,28,17,Regular Season,1971
1971-10-17,Sun,Baltimore Colts,New York Giants,31,7,Regular Season,1971
1971-10-17,Sun,Washington Redskins,St. Louis Cardinals,20,0,Regular Season,1971
1971-10-17,Sun,Miami Dolphins,New England Patriots,41,3,Regular Season,1971
1971-10-17,Sun,New Orleans Saints,Dallas Cowboys,24,14,Regular Season,1971
1971-10-17,Sun,Detroit Lions,Houston Oilers,31,7,Regular Season,1971
1971-10-17,Sun,San Francisco 49ers,Chicago Bears,13,0,Regular Season,1971
1971-10-17,Sun,Cleveland Browns,Cincinnati Bengals,27,24,Regular Season,1971
1971-10-17,Sun,Denver Broncos,San Diego Chargers,20,16,Regular Season,1971
1971-10-17,Sun,Minnesota Vikings,Green Bay Packers,24,13,Regular Season,1971
1971-10-17,Sun,Oakland Raiders,Philadelphia Eagles,34,10,Regular Season,1971
1971-10-18,Mon,Kansas City Chiefs,Pittsburgh Steelers,38,16,Regular Season,1971
1971-10-23,Sat,San Diego Chargers,Buffalo Bills,20,3,Regular Season,1971
1971-10-24,Sun,Atlanta Falcons,New Orleans Saints,28,6,Regular Season,1971
1971-10-24,Sun,Denver Broncos,Cleveland Browns,27,0,Regular Season,1971
1971-10-24,Sun,Miami Dolphins,New York Jets,30,14,Regular Season,1971
1971-10-24,Sun,Philadelphia Eagles,New York Giants,23,7,Regular Season,1971
1971-10-24,Sun,Pittsburgh Steelers,Houston Oilers,23,16,Regular Season,1971
1971-10-24,Sun,Chicago Bears,Detroit Lions,28,23,Regular Season,1971
1971-10-24,Sun,San Francisco 49ers,St. Louis Cardinals,26,14,Regular Season,1971
1971-10-24,Sun,Dallas Cowboys,New England Patriots,44,21,Regular Season,1971
1971-10-24,Sun,Oakland Raiders,Cincinnati Bengals,31,27,Regular Season,1971
1971-10-24,Sun,Los Angeles Rams,Green Bay Packers,30,13,Regular Season,1971
1971-10-24,Sun,Kansas City Chiefs,Washington Redskins,27,20,Regular Season,1971
1971-10-25,Mon,Minnesota Vikings,Baltimore Colts,10,3,Regular Season,1971
1971-10-31,Sun,Atlanta Falcons,Cleveland Browns,31,14,Regular Season,1971
1971-10-31,Sun,St. Louis Cardinals,Buffalo Bills,28,23,Regular Season,1971
1971-10-31,Sun,Philadelphia Eagles,Denver Broncos,17,16,Regular Season,1971
1971-10-31,Sun,Minnesota Vikings,New York Giants,17,10,Regular Season,1971
1971-10-31,Sun,Washington Redskins,New Orleans Saints,24,14,Regular Season,1971
1971-10-31,Sun,Chicago Bears,Dallas Cowboys,23,19,Regular Season,1971
1971-10-31,Sun,Houston Oilers,Cincinnati Bengals,10,6,Regular Season,1971
1971-10-31,Sun,Baltimore Colts,Pittsburgh Steelers,34,21,Regular Season,1971
1971-10-31,Sun,Oakland Raiders,Kansas City Chiefs,20,20,Regular Season,1971
1971-10-31,Sun,Miami Dolphins,Los Angeles Rams,20,14,Regular Season,1971
1971-10-31,Sun,San Francisco 49ers,New England Patriots,27,10,Regular Season,1971
1971-10-31,Sun,San Diego Chargers,New York Jets,49,21,Regular Season,1971
1971-11-01,Mon,Green Bay Packers,Detroit Lions,14,14,Regular Season,1971
1971-11-07,Sun,Atlanta Falcons,Cincinnati Bengals,9,6,Regular Season,1971
1971-11-07,Sun,Miami Dolphins,Buffalo Bills,34,0,Regular Season,1971
1971-11-07,Sun,Pittsburgh Steelers,Cleveland Browns,26,9,Regular Season,1971
1971-11-07,Sun,New York Jets,Kansas City Chiefs,13,10,Regular Season,1971
1971-11-07,Sun,New England Patriots,Houston Oilers,28,20,Regular Season,1971
1971-11-07,Sun,New York Giants,San Diego Chargers,35,17,Regular Season,1971
1971-11-07,Sun,Washington Redskins,Philadelphia Eagles,7,7,Regular Season,1971
1971-11-07,Sun,Green Bay Packers,Chicago Bears,17,14,Regular Season,1971
1971-11-07,Sun,Dallas Cowboys,St. Louis Cardinals,16,13,Regular Season,1971
1971-11-07,Sun,Oakland Raiders,New Orleans Saints,21,21,Regular Season,1971
1971-11-07,Sun,San Francisco 49ers,Minnesota Vikings,13,9,Regular Season,1971
1971-11-07,Sun,Detroit Lions,Denver Broncos,24,20,Regular Season,1971
1971-11-08,Mon,Baltimore Colts,Los Angeles Rams,24,17,Regular Season,1971
1971-11-14,Sun,New York Giants,Atlanta Falcons,21,17,Regular Season,1971
1971-11-14,Sun,New England Patriots,Buffalo Bills,38,33,Regular Season,1971
1971-11-14,Sun,Baltimore Colts,New York Jets,14,13,Regular Season,1971
1971-11-14,Sun,Miami Dolphins,Pittsburgh Steelers,24,21,Regular Season,1971
1971-11-14,Sun,Chicago Bears,Washington Redskins,16,15,Regular Season,1971
1971-11-14,Sun,Dallas Cowboys,Philadelphia Eagles,20,7,Regular Season,1971
1971-11-14,Sun,Los Angeles Rams,Detroit Lions,21,13,Regular Season,1971
1971-11-14,Sun,Minnesota Vikings,Green Bay Packers,3,0,Regular Season,1971
1971-11-14,Sun,Cincinnati Bengals,Denver Broncos,24,10,Regular Season,1971
1971-11-14,Sun,Kansas City Chiefs,Cleveland Browns,13,7,Regular Season,1971
1971-11-14,Sun,New Orleans Saints,San Francisco 49ers,26,20,Regular Season,1971
1971-11-14,Sun,Oakland Raiders,Houston Oilers,41,21,Regular Season,1971
1971-11-15,Mon,San Diego Chargers,St. Louis Cardinals,20,17,Regular Season,1971
1971-11-21,Sun,New York Jets,Buffalo Bills,20,7,Regular Season,1971
1971-11-21,Sun,Cincinnati Bengals,Houston Oilers,28,13,Regular Season,1971
1971-11-21,Sun,Cleveland Browns,New England Patriots,27,7,Regular Season,1971
1971-11-21,Sun,Miami Dolphins,Baltimore Colts,17,14,Regular Season,1971
1971-11-21,Sun,Dallas Cowboys,Washington Redskins,13,0,Regular Season,1971
1971-11-21,Sun,Pittsburgh Steelers,New York Giants,17,13,Regular Season,1971
1971-11-21,Sun,Detroit Lions,Chicago Bears,28,3,Regular Season,1971
1971-11-21,Sun,Philadelphia Eagles,St. Louis Cardinals,37,20,Regular Season,1971
1971-11-21,Sun,Kansas City Chiefs,Denver Broncos,28,10,Regular Season,1971
1971-11-21,Sun,Minnesota Vikings,New Orleans Saints,23,10,Regular Season,1971
1971-11-21,Sun,Oakland Raiders,San Diego Chargers,34,33,Regular Season,1971
1971-11-21,Sun,Los Angeles Rams,San Francisco 49ers,17,6,Regular Season,1971
1971-11-22,Mon,Atlanta Falcons,Green Bay Packers,28,21,Regular Season,1971
1971-11-25,Thu,Detroit Lions,Kansas City Chiefs,32,21,Regular Season,1971
1971-11-25,Thu,Dallas Cowboys,Los Angeles Rams,28,21,Regular Season,1971
1971-11-28,Sun,Buffalo Bills,New England Patriots,27,20,Regular Season,1971
1971-11-28,Sun,Cincinnati Bengals,San Diego Chargers,31,0,Regular Season,1971
1971-11-28,Sun,St. Louis Cardinals,New York Giants,24,7,Regular Season,1971
1971-11-28,Sun,Denver Broncos,Pittsburgh Steelers,22,10,Regular Season,1971
1971-11-28,Sun,San Francisco 49ers,New York Jets,24,21,Regular Season,1971
1971-11-28,Sun,Washington Redskins,Philadelphia Eagles,20,13,Regular Season,1971
1971-11-28,Sun,Minnesota Vikings,Atlanta Falcons,24,7,Regular Season,1971
1971-11-28,Sun,New Orleans Saints,Green Bay Packers,29,21,Regular Season,1971
1971-11-28,Sun,Cleveland Browns,Houston Oilers,37,24,Regular Season,1971
1971-11-28,Sun,Baltimore Colts,Oakland Raiders,37,14,Regular Season,1971
1971-11-29,Mon,Miami Dolphins,Chicago Bears,34,3,Regular Season,1971
1971-12-04,Sat,Dallas Cowboys,New York Jets,52,10,Regular Season,1971
1971-12-05,Sun,Atlanta Falcons,Oakland Raiders,24,13,Regular Season,1971
1971-12-05,Sun,Cleveland Browns,Cincinnati Bengals,31,27,Regular Season,1971
1971-12-05,Sun,Philadelphia Eagles,Detroit Lions,23,20,Regular Season,1971
1971-12-05,Sun,New England Patriots,Miami Dolphins,34,13,Regular Season,1971
1971-12-05,Sun,Washington Redskins,New York Giants,23,7,Regular Season,1971
1971-12-05,Sun,Baltimore Colts,Buffalo Bills,24,0,Regular Season,1971
1971-12-05,Sun,Houston Oilers,Pittsburgh Steelers,29,3,Regular Season,1971
1971-12-05,Sun,Denver Broncos,Chicago Bears,6,3,Regular Season,1971
1971-12-05,Sun,Green Bay Packers,St. Louis Cardinals,16,16,Regular Season,1971
1971-12-05,Sun,San Diego Chargers,Minnesota Vikings,30,14,Regular Season,1971
1971-12-05,Sun,Los Angeles Rams,New Orleans Saints,45,28,Regular Season,1971
1971-12-06,Mon,Kansas City Chiefs,San Francisco 49ers,26,17,Regular Season,1971
1971-12-11,Sat,Minnesota Vikings,Detroit Lions,29,10,Regular Season,1971
1971-12-11,Sat,Baltimore Colts,Miami Dolphins,14,3,Regular Season,1971
1971-12-12,Sun,Houston Oilers,Buffalo Bills,20,14,Regular Season,1971
1971-12-12,Sun,Pittsburgh Steelers,Cincinnati Bengals,21,13,Regular Season,1971
1971-12-12,Sun,Philadelphia Eagles,St. Louis Cardinals,19,7,Regular Season,1971
1971-12-12,Sun,Dallas Cowboys,New York Giants,42,14,Regular Season,1971
1971-12-12,Sun,New York Jets,New England Patriots,13,6,Regular Season,1971
1971-12-12,Sun,Green Bay Packers,Chicago Bears,31,10,Regular Season,1971
1971-12-12,Sun,Cleveland Browns,New Orleans Saints,21,17,Regular Season,1971
1971-12-12,Sun,San Francisco 49ers,Atlanta Falcons,24,3,Regular Season,1971
1971-12-12,Sun,San Diego Chargers,Denver Broncos,45,17,Regular Season,1971
1971-12-12,Sun,Kansas City Chiefs,Oakland Raiders,16,14,Regular Season,1971
1971-12-13,Mon,Washington Redskins,Los Angeles Rams,38,24,Regular Season,1971
1971-12-18,Sat,Dallas Cowboys,St. Louis Cardinals,31,12,Regular Season,1971
1971-12-19,Sun,New York Jets,Cincinnati Bengals,35,21,Regular Season,1971
1971-12-19,Sun,Cleveland Browns,Washington Redskins,20,13,Regular Season,1971
1971-12-19,Sun,Miami Dolphins,Green Bay Packers,27,6,Regular Season,1971
1971-12-19,Sun,Philadelphia Eagles,New York Giants,41,28,Regular Season,1971
1971-12-19,Sun,Los Angeles Rams,Pittsburgh Steelers,23,14,Regular Season,1971
1971-12-19,Sun,Atlanta Falcons,New Orleans Saints,24,20,Regular Season,1971
1971-12-19,Sun,Kansas City Chiefs,Buffalo Bills,22,9,Regular Season,1971
1971-12-19,Sun,Minnesota Vikings,Chicago Bears,27,10,Regular Season,1971
1971-12-19,Sun,New England Patriots,Baltimore Colts,21,17,Regular Season,1971
1971-12-19,Sun,Houston Oilers,San Diego Chargers,49,33,Regular Season,1971
1971-12-19,Sun,Oakland Raiders,Denver Broncos,21,13,Regular Season,1971
1971-12-19,Sun,San Francisco 49ers,Detroit Lions,31,27,Regular Season,1971
Playoffs,,,,,,Playoff,1971
1971-12-25,Sat,Dallas Cowboys,Minnesota Vikings,20,12,Playoff,1971
1971-12-25,Sat,Miami Dolphins,Kansas City Chiefs,27,24,Playoff,1971
1971-12-26,Sun,Baltimore Colts,Cleveland Browns,20,3,Playoff,1971
1971-12-26,Sun,San Francisco 49ers,Washington Redskins,24,20,Playoff,1971
1972-01-02,Sun,Dallas Cowboys,San Francisco 49ers,14,3,Playoff,1971
1972-01-02,Sun,Miami Dolphins,Baltimore Colts,21,0,Playoff,1971
1972-01-16,Sun,Dallas Cowboys,Miami Dolphins,24,3,Playoff,1971
