Date,DOW,WT,LT,WTS,LTS,Type,Season
1972-09-17,Sun,New York Jets,Buffalo Bills,41,24,Regular Season,1972
1972-09-17,Sun,Cincinnati Bengals,New England Patriots,31,7,Regular Season,1972
1972-09-17,Sun,Green Bay Packers,Cleveland Browns,26,10,Regular Season,1972
1972-09-17,Sun,Pittsburgh Steelers,Oakland Raiders,34,28,Regular Season,1972
1972-09-17,Sun,Atlanta Falcons,Chicago Bears,37,21,Regular Season,1972
1972-09-17,Sun,St. Louis Cardinals,Baltimore Colts,10,3,Regular Season,1972
1972-09-17,Sun,Dallas Cowboys,Philadelphia Eagles,28,6,Regular Season,1972
1972-09-17,Sun,Detroit Lions,New York Giants,30,16,Regular Season,1972
1972-09-17,Sun,Denver Broncos,Houston Oilers,30,17,Regular Season,1972
1972-09-17,Sun,Miami Dolphins,Kansas City Chiefs,20,10,Regular Season,1972
1972-09-17,Sun,Los Angeles Rams,New Orleans Saints,34,14,Regular Season,1972
1972-09-17,Sun,San Francisco 49ers,San Diego Chargers,34,3,Regular Season,1972
1972-09-18,Mon,Washington Redskins,Minnesota Vikings,24,21,Regular Season,1972
1972-09-24,Sun,New England Patriots,Atlanta Falcons,21,20,Regular Season,1972
1972-09-24,Sun,Buffalo Bills,San Francisco 49ers,27,20,Regular Season,1972
1972-09-24,Sun,Cincinnati Bengals,Pittsburgh Steelers,15,10,Regular Season,1972
1972-09-24,Sun,Cleveland Browns,Philadelphia Eagles,27,17,Regular Season,1972
1972-09-24,Sun,Washington Redskins,St. Louis Cardinals,24,10,Regular Season,1972
1972-09-24,Sun,Dallas Cowboys,New York Giants,23,14,Regular Season,1972
1972-09-24,Sun,Miami Dolphins,Houston Oilers,34,13,Regular Season,1972
1972-09-24,Sun,Los Angeles Rams,Chicago Bears,13,13,Regular Season,1972
1972-09-24,Sun,New York Jets,Baltimore Colts,44,34,Regular Season,1972
1972-09-24,Sun,Oakland Raiders,Green Bay Packers,20,14,Regular Season,1972
1972-09-24,Sun,San Diego Chargers,Denver Broncos,37,14,Regular Season,1972
1972-09-24,Sun,Minnesota Vikings,Detroit Lions,34,10,Regular Season,1972
1972-09-25,Mon,Kansas City Chiefs,New Orleans Saints,20,17,Regular Season,1972
1972-10-01,Sun,Atlanta Falcons,Los Angeles Rams,31,3,Regular Season,1972
1972-10-01,Sun,Baltimore Colts,Buffalo Bills,17,0,Regular Season,1972
1972-10-01,Sun,Cleveland Browns,Cincinnati Bengals,27,6,Regular Season,1972
1972-10-01,Sun,New England Patriots,Washington Redskins,24,23,Regular Season,1972
1972-10-01,Sun,Detroit Lions,Chicago Bears,38,24,Regular Season,1972
1972-10-01,Sun,Pittsburgh Steelers,St. Louis Cardinals,25,19,Regular Season,1972
1972-10-01,Sun,Green Bay Packers,Dallas Cowboys,16,13,Regular Season,1972
1972-10-01,Sun,San Francisco 49ers,New Orleans Saints,37,2,Regular Season,1972
1972-10-01,Sun,Houston Oilers,New York Jets,26,20,Regular Season,1972
1972-10-01,Sun,Kansas City Chiefs,Denver Broncos,45,24,Regular Season,1972
1972-10-01,Sun,Miami Dolphins,Minnesota Vikings,16,14,Regular Season,1972
1972-10-01,Sun,San Diego Chargers,Oakland Raiders,17,17,Regular Season,1972
1972-10-02,Mon,New York Giants,Philadelphia Eagles,27,12,Regular Season,1972
1972-10-08,Sun,Detroit Lions,Atlanta Falcons,26,23,Regular Season,1972
1972-10-08,Sun,Buffalo Bills,New England Patriots,38,14,Regular Season,1972
1972-10-08,Sun,Cincinnati Bengals,Denver Broncos,21,10,Regular Season,1972
1972-10-08,Sun,Kansas City Chiefs,Cleveland Browns,31,7,Regular Season,1972
1972-10-08,Sun,Miami Dolphins,New York Jets,27,17,Regular Season,1972
1972-10-08,Sun,New York Giants,New Orleans Saints,45,21,Regular Season,1972
1972-10-08,Sun,Washington Redskins,Philadelphia Eagles,14,0,Regular Season,1972
1972-10-08,Sun,Green Bay Packers,Chicago Bears,20,17,Regular Season,1972
1972-10-08,Sun,San Diego Chargers,Baltimore Colts,23,20,Regular Season,1972
1972-10-08,Sun,St. Louis Cardinals,Minnesota Vikings,19,17,Regular Season,1972
1972-10-08,Sun,Dallas Cowboys,Pittsburgh Steelers,17,13,Regular Season,1972
1972-10-08,Sun,Los Angeles Rams,San Francisco 49ers,31,7,Regular Season,1972
1972-10-09,Mon,Oakland Raiders,Houston Oilers,34,0,Regular Season,1972
1972-10-15,Sun,Chicago Bears,Cleveland Browns,17,0,Regular Season,1972
1972-10-15,Sun,Miami Dolphins,San Diego Chargers,24,10,Regular Season,1972
1972-10-15,Sun,New York Jets,New England Patriots,41,13,Regular Season,1972
1972-10-15,Sun,Los Angeles Rams,Philadelphia Eagles,34,3,Regular Season,1972
1972-10-15,Sun,Atlanta Falcons,New Orleans Saints,21,14,Regular Season,1972
1972-10-15,Sun,Washington Redskins,St. Louis Cardinals,33,3,Regular Season,1972
1972-10-15,Sun,Oakland Raiders,Buffalo Bills,28,16,Regular Season,1972
1972-10-15,Sun,Cincinnati Bengals,Kansas City Chiefs,23,16,Regular Season,1972
1972-10-15,Sun,Dallas Cowboys,Baltimore Colts,21,0,Regular Season,1972
1972-10-15,Sun,Minnesota Vikings,Denver Broncos,23,20,Regular Season,1972
1972-10-15,Sun,New York Giants,San Francisco 49ers,23,17,Regular Season,1972
1972-10-15,Sun,Pittsburgh Steelers,Houston Oilers,24,7,Regular Season,1972
1972-10-16,Mon,Green Bay Packers,Detroit Lions,24,23,Regular Season,1972
1972-10-22,Sun,Miami Dolphins,Buffalo Bills,24,23,Regular Season,1972
1972-10-22,Sun,New York Jets,Baltimore Colts,24,20,Regular Season,1972
1972-10-22,Sun,New York Giants,St. Louis Cardinals,27,21,Regular Season,1972
1972-10-22,Sun,Detroit Lions,San Diego Chargers,34,20,Regular Season,1972
1972-10-22,Sun,Pittsburgh Steelers,New England Patriots,33,3,Regular Season,1972
1972-10-22,Sun,Atlanta Falcons,Green Bay Packers,10,9,Regular Season,1972
1972-10-22,Sun,Cleveland Browns,Houston Oilers,23,17,Regular Season,1972
1972-10-22,Sun,Philadelphia Eagles,Kansas City Chiefs,21,20,Regular Season,1972
1972-10-22,Sun,Los Angeles Rams,Cincinnati Bengals,15,12,Regular Season,1972
1972-10-22,Sun,Washington Redskins,Dallas Cowboys,24,20,Regular Season,1972
1972-10-22,Sun,Denver Broncos,Oakland Raiders,30,23,Regular Season,1972
1972-10-22,Sun,San Francisco 49ers,New Orleans Saints,20,20,Regular Season,1972
1972-10-23,Mon,Chicago Bears,Minnesota Vikings,13,10,Regular Season,1972
1972-10-29,Sun,San Francisco 49ers,Atlanta Falcons,49,14,Regular Season,1972
1972-10-29,Sun,Pittsburgh Steelers,Buffalo Bills,38,21,Regular Season,1972
1972-10-29,Sun,Cincinnati Bengals,Houston Oilers,30,7,Regular Season,1972
1972-10-29,Sun,New York Jets,New England Patriots,34,10,Regular Season,1972
1972-10-29,Sun,Washington Redskins,New York Giants,23,16,Regular Season,1972
1972-10-29,Sun,Chicago Bears,St. Louis Cardinals,27,10,Regular Season,1972
1972-10-29,Sun,Minnesota Vikings,Green Bay Packers,27,13,Regular Season,1972
1972-10-29,Sun,New Orleans Saints,Philadelphia Eagles,21,3,Regular Season,1972
1972-10-29,Sun,Cleveland Browns,Denver Broncos,27,20,Regular Season,1972
1972-10-29,Sun,Miami Dolphins,Baltimore Colts,23,0,Regular Season,1972
1972-10-29,Sun,Kansas City Chiefs,San Diego Chargers,26,14,Regular Season,1972
1972-10-29,Sun,Oakland Raiders,Los Angeles Rams,45,17,Regular Season,1972
1972-10-30,Mon,Dallas Cowboys,Detroit Lions,28,24,Regular Season,1972
1972-11-05,Sun,Miami Dolphins,Buffalo Bills,30,16,Regular Season,1972
1972-11-05,Sun,Detroit Lions,Chicago Bears,14,0,Regular Season,1972
1972-11-05,Sun,Pittsburgh Steelers,Cincinnati Bengals,40,17,Regular Season,1972
1972-11-05,Sun,Cleveland Browns,Houston Oilers,20,0,Regular Season,1972
1972-11-05,Sun,Philadelphia Eagles,St. Louis Cardinals,6,6,Regular Season,1972
1972-11-05,Sun,New York Giants,Denver Broncos,29,17,Regular Season,1972
1972-11-05,Sun,Washington Redskins,New York Jets,35,17,Regular Season,1972
1972-11-05,Sun,Green Bay Packers,San Francisco 49ers,34,24,Regular Season,1972
1972-11-05,Sun,Minnesota Vikings,New Orleans Saints,37,6,Regular Season,1972
1972-11-05,Sun,Los Angeles Rams,Atlanta Falcons,20,7,Regular Season,1972
1972-11-05,Sun,Dallas Cowboys,San Diego Chargers,34,28,Regular Season,1972
1972-11-05,Sun,Kansas City Chiefs,Oakland Raiders,27,14,Regular Season,1972
1972-11-06,Mon,Baltimore Colts,New England Patriots,24,17,Regular Season,1972
1972-11-12,Sun,Atlanta Falcons,New Orleans Saints,36,20,Regular Season,1972
1972-11-12,Sun,New York Jets,Buffalo Bills,41,3,Regular Season,1972
1972-11-12,Sun,Oakland Raiders,Cincinnati Bengals,20,14,Regular Season,1972
1972-11-12,Sun,Pittsburgh Steelers,Kansas City Chiefs,16,7,Regular Season,1972
1972-11-12,Sun,Miami Dolphins,New England Patriots,52,0,Regular Season,1972
1972-11-12,Sun,Washington Redskins,New York Giants,27,13,Regular Season,1972
1972-11-12,Sun,Green Bay Packers,Chicago Bears,23,17,Regular Season,1972
1972-11-12,Sun,Dallas Cowboys,St. Louis Cardinals,33,24,Regular Season,1972
1972-11-12,Sun,Philadelphia Eagles,Houston Oilers,18,17,Regular Season,1972
1972-11-12,Sun,San Francisco 49ers,Baltimore Colts,24,21,Regular Season,1972
1972-11-12,Sun,Denver Broncos,Los Angeles Rams,16,10,Regular Season,1972
1972-11-12,Sun,Minnesota Vikings,Detroit Lions,16,14,Regular Season,1972
1972-11-13,Mon,Cleveland Browns,San Diego Chargers,21,17,Regular Season,1972
1972-11-19,Sun,Buffalo Bills,New England Patriots,27,24,Regular Season,1972
1972-11-19,Sun,Baltimore Colts,Cincinnati Bengals,20,19,Regular Season,1972
1972-11-19,Sun,Cleveland Browns,Pittsburgh Steelers,26,24,Regular Season,1972
1972-11-19,Sun,Dallas Cowboys,Philadelphia Eagles,28,7,Regular Season,1972
1972-11-19,Sun,Detroit Lions,New Orleans Saints,27,14,Regular Season,1972
1972-11-19,Sun,Miami Dolphins,New York Jets,28,24,Regular Season,1972
1972-11-19,Sun,San Francisco 49ers,Chicago Bears,34,21,Regular Season,1972
1972-11-19,Sun,New York Giants,St. Louis Cardinals,13,7,Regular Season,1972
1972-11-19,Sun,Oakland Raiders,Denver Broncos,37,20,Regular Season,1972
1972-11-19,Sun,Green Bay Packers,Houston Oilers,23,10,Regular Season,1972
1972-11-19,Sun,San Diego Chargers,Kansas City Chiefs,27,17,Regular Season,1972
1972-11-19,Sun,Minnesota Vikings,Los Angeles Rams,45,41,Regular Season,1972
1972-11-20,Mon,Washington Redskins,Atlanta Falcons,24,13,Regular Season,1972
1972-11-23,Thu,Detroit Lions,New York Jets,37,20,Regular Season,1972
1972-11-23,Thu,San Francisco 49ers,Dallas Cowboys,31,10,Regular Season,1972
1972-11-26,Sun,Atlanta Falcons,Denver Broncos,23,20,Regular Season,1972
1972-11-26,Sun,Cleveland Browns,Buffalo Bills,27,10,Regular Season,1972
1972-11-26,Sun,Washington Redskins,Green Bay Packers,21,16,Regular Season,1972
1972-11-26,Sun,Pittsburgh Steelers,Minnesota Vikings,23,10,Regular Season,1972
1972-11-26,Sun,New Orleans Saints,Los Angeles Rams,19,16,Regular Season,1972
1972-11-26,Sun,New York Giants,Philadelphia Eagles,62,10,Regular Season,1972
1972-11-26,Sun,Cincinnati Bengals,Chicago Bears,13,3,Regular Season,1972
1972-11-26,Sun,Baltimore Colts,New England Patriots,31,0,Regular Season,1972
1972-11-26,Sun,Oakland Raiders,Kansas City Chiefs,26,3,Regular Season,1972
1972-11-26,Sun,San Diego Chargers,Houston Oilers,34,20,Regular Season,1972
1972-11-27,Mon,Miami Dolphins,St. Louis Cardinals,31,10,Regular Season,1972
1972-12-03,Sun,Atlanta Falcons,Houston Oilers,20,10,Regular Season,1972
1972-12-03,Sun,Cincinnati Bengals,New York Giants,13,10,Regular Season,1972
1972-12-03,Sun,Pittsburgh Steelers,Cleveland Browns,30,0,Regular Season,1972
1972-12-03,Sun,Miami Dolphins,New England Patriots,37,21,Regular Season,1972
1972-12-03,Sun,New York Jets,New Orleans Saints,18,17,Regular Season,1972
1972-12-03,Sun,Washington Redskins,Philadelphia Eagles,23,7,Regular Season,1972
1972-12-03,Sun,Baltimore Colts,Buffalo Bills,35,7,Regular Season,1972
1972-12-03,Sun,Minnesota Vikings,Chicago Bears,23,10,Regular Season,1972
1972-12-03,Sun,Kansas City Chiefs,Denver Broncos,24,21,Regular Season,1972
1972-12-03,Sun,Green Bay Packers,Detroit Lions,33,7,Regular Season,1972
1972-12-03,Sun,Dallas Cowboys,St. Louis Cardinals,27,6,Regular Season,1972
1972-12-03,Sun,Oakland Raiders,San Diego Chargers,21,19,Regular Season,1972
1972-12-04,Mon,Los Angeles Rams,San Francisco 49ers,26,16,Regular Season,1972
1972-12-09,Sat,Cleveland Browns,Cincinnati Bengals,27,24,Regular Season,1972
1972-12-09,Sat,Dallas Cowboys,Washington Redskins,34,24,Regular Season,1972
1972-12-10,Sun,Detroit Lions,Buffalo Bills,21,21,Regular Season,1972
1972-12-10,Sun,Chicago Bears,Philadelphia Eagles,21,12,Regular Season,1972
1972-12-10,Sun,Miami Dolphins,New York Giants,23,13,Regular Season,1972
1972-12-10,Sun,New England Patriots,New Orleans Saints,17,10,Regular Season,1972
1972-12-10,Sun,St. Louis Cardinals,Los Angeles Rams,24,14,Regular Season,1972
1972-12-10,Sun,Denver Broncos,San Diego Chargers,38,13,Regular Season,1972
1972-12-10,Sun,Green Bay Packers,Minnesota Vikings,23,7,Regular Season,1972
1972-12-10,Sun,Pittsburgh Steelers,Houston Oilers,9,3,Regular Season,1972
1972-12-10,Sun,San Francisco 49ers,Atlanta Falcons,20,0,Regular Season,1972
1972-12-10,Sun,Kansas City Chiefs,Baltimore Colts,24,10,Regular Season,1972
1972-12-11,Mon,Oakland Raiders,New York Jets,24,16,Regular Season,1972
1972-12-16,Sat,Miami Dolphins,Baltimore Colts,16,0,Regular Season,1972
1972-12-16,Sat,San Francisco 49ers,Minnesota Vikings,20,17,Regular Season,1972
1972-12-17,Sun,Kansas City Chiefs,Atlanta Falcons,17,14,Regular Season,1972
1972-12-17,Sun,Buffalo Bills,Washington Redskins,24,17,Regular Season,1972
1972-12-17,Sun,Cleveland Browns,New York Jets,26,10,Regular Season,1972
1972-12-17,Sun,Cincinnati Bengals,Houston Oilers,61,17,Regular Season,1972
1972-12-17,Sun,St. Louis Cardinals,Philadelphia Eagles,24,23,Regular Season,1972
1972-12-17,Sun,Green Bay Packers,New Orleans Saints,30,20,Regular Season,1972
1972-12-17,Sun,Oakland Raiders,Chicago Bears,28,21,Regular Season,1972
1972-12-17,Sun,New York Giants,Dallas Cowboys,23,3,Regular Season,1972
1972-12-17,Sun,Denver Broncos,New England Patriots,45,21,Regular Season,1972
1972-12-17,Sun,Detroit Lions,Los Angeles Rams,34,17,Regular Season,1972
1972-12-17,Sun,Pittsburgh Steelers,San Diego Chargers,24,2,Regular Season,1972
Playoffs,,,,,,Playoff,1972
1972-12-23,Sat,Pittsburgh Steelers,Oakland Raiders,13,7,Playoff,1972
1972-12-23,Sat,Dallas Cowboys,San Francisco 49ers,30,28,Playoff,1972
1972-12-24,Sun,Washington Redskins,Green Bay Packers,16,3,Playoff,1972
1972-12-24,Sun,Miami Dolphins,Cleveland Browns,20,14,Playoff,1972
1972-12-31,Sun,Miami Dolphins,Pittsburgh Steelers,21,17,Playoff,1972
1972-12-31,Sun,Washington Redskins,Dallas Cowboys,26,3,Playoff,1972
1973-01-14,Sun,Miami Dolphins,Washington Redskins,14,7,Playoff,1972
