Date,DOW,WT,LT,WTS,LTS,Type,Season
1973-09-16,Sun,Buffalo Bills,New England Patriots,31,13,Regular Season,1973
1973-09-16,Sun,Cleveland Browns,Baltimore Colts,24,14,Regular Season,1973
1973-09-16,Sun,St. Louis Cardinals,Philadelphia Eagles,34,23,Regular Season,1973
1973-09-16,Sun,Miami Dolphins,San Francisco 49ers,21,13,Regular Season,1973
1973-09-16,Sun,New York Giants,Houston Oilers,34,14,Regular Season,1973
1973-09-16,Sun,Washington Redskins,San Diego Chargers,38,0,Regular Season,1973
1973-09-16,Sun,Atlanta Falcons,New Orleans Saints,62,7,Regular Season,1973
1973-09-16,Sun,Dallas Cowboys,Chicago Bears,20,17,Regular Season,1973
1973-09-16,Sun,Minnesota Vikings,Oakland Raiders,24,16,Regular Season,1973
1973-09-16,Sun,Denver Broncos,Cincinnati Bengals,28,10,Regular Season,1973
1973-09-16,Sun,Pittsburgh Steelers,Detroit Lions,24,10,Regular Season,1973
1973-09-16,Sun,Los Angeles Rams,Kansas City Chiefs,23,13,Regular Season,1973
1973-09-17,Mon,Green Bay Packers,New York Jets,23,7,Regular Season,1973
1973-09-23,Sun,Cincinnati Bengals,Houston Oilers,24,10,Regular Season,1973
1973-09-23,Sun,Pittsburgh Steelers,Cleveland Browns,33,6,Regular Season,1973
1973-09-23,Sun,Kansas City Chiefs,New England Patriots,10,7,Regular Season,1973
1973-09-23,Sun,Philadelphia Eagles,New York Giants,23,23,Regular Season,1973
1973-09-23,Sun,Minnesota Vikings,Chicago Bears,22,13,Regular Season,1973
1973-09-23,Sun,New York Jets,Baltimore Colts,34,10,Regular Season,1973
1973-09-23,Sun,St. Louis Cardinals,Washington Redskins,34,27,Regular Season,1973
1973-09-23,Sun,Green Bay Packers,Detroit Lions,13,13,Regular Season,1973
1973-09-23,Sun,Los Angeles Rams,Atlanta Falcons,31,0,Regular Season,1973
1973-09-23,Sun,San Diego Chargers,Buffalo Bills,34,7,Regular Season,1973
1973-09-23,Sun,San Francisco 49ers,Denver Broncos,36,34,Regular Season,1973
1973-09-23,Sun,Oakland Raiders,Miami Dolphins,12,7,Regular Season,1973
1973-09-24,Mon,Dallas Cowboys,New Orleans Saints,40,3,Regular Season,1973
1973-09-30,Sun,Buffalo Bills,New York Jets,9,7,Regular Season,1973
1973-09-30,Sun,Cleveland Browns,New York Giants,12,10,Regular Season,1973
1973-09-30,Sun,Miami Dolphins,New England Patriots,44,23,Regular Season,1973
1973-09-30,Sun,Washington Redskins,Philadelphia Eagles,28,7,Regular Season,1973
1973-09-30,Sun,Baltimore Colts,New Orleans Saints,14,10,Regular Season,1973
1973-09-30,Sun,Dallas Cowboys,St. Louis Cardinals,45,10,Regular Season,1973
1973-09-30,Sun,Minnesota Vikings,Green Bay Packers,11,3,Regular Season,1973
1973-09-30,Sun,Pittsburgh Steelers,Houston Oilers,36,7,Regular Season,1973
1973-09-30,Sun,Chicago Bears,Denver Broncos,33,14,Regular Season,1973
1973-09-30,Sun,Cincinnati Bengals,San Diego Chargers,20,13,Regular Season,1973
1973-09-30,Sun,Kansas City Chiefs,Oakland Raiders,16,3,Regular Season,1973
1973-09-30,Sun,Los Angeles Rams,San Francisco 49ers,40,20,Regular Season,1973
1973-10-01,Mon,Detroit Lions,Atlanta Falcons,31,6,Regular Season,1973
1973-10-07,Sun,San Francisco 49ers,Atlanta Falcons,13,9,Regular Season,1973
1973-10-07,Sun,Buffalo Bills,Philadelphia Eagles,27,26,Regular Season,1973
1973-10-07,Sun,Cleveland Browns,Cincinnati Bengals,17,10,Regular Season,1973
1973-10-07,Sun,New England Patriots,Baltimore Colts,24,16,Regular Season,1973
1973-10-07,Sun,Green Bay Packers,New York Giants,16,14,Regular Season,1973
1973-10-07,Sun,Miami Dolphins,New York Jets,31,3,Regular Season,1973
1973-10-07,Sun,Pittsburgh Steelers,San Diego Chargers,38,21,Regular Season,1973
1973-10-07,Sun,New Orleans Saints,Chicago Bears,21,16,Regular Season,1973
1973-10-07,Sun,Oakland Raiders,St. Louis Cardinals,17,10,Regular Season,1973
1973-10-07,Sun,Kansas City Chiefs,Denver Broncos,16,14,Regular Season,1973
1973-10-07,Sun,Los Angeles Rams,Houston Oilers,31,26,Regular Season,1973
1973-10-07,Sun,Minnesota Vikings,Detroit Lions,23,9,Regular Season,1973
1973-10-08,Mon,Washington Redskins,Dallas Cowboys,14,7,Regular Season,1973
1973-10-14,Sun,Atlanta Falcons,Chicago Bears,46,6,Regular Season,1973
1973-10-14,Sun,Buffalo Bills,Baltimore Colts,31,13,Regular Season,1973
1973-10-14,Sun,Cincinnati Bengals,Pittsburgh Steelers,19,7,Regular Season,1973
1973-10-14,Sun,New York Jets,New England Patriots,9,7,Regular Season,1973
1973-10-14,Sun,Washington Redskins,New York Giants,21,3,Regular Season,1973
1973-10-14,Sun,Philadelphia Eagles,St. Louis Cardinals,27,24,Regular Season,1973
1973-10-14,Sun,Denver Broncos,Houston Oilers,48,20,Regular Season,1973
1973-10-14,Sun,New Orleans Saints,Detroit Lions,20,13,Regular Season,1973
1973-10-14,Sun,Kansas City Chiefs,Green Bay Packers,10,10,Regular Season,1973
1973-10-14,Sun,Los Angeles Rams,Dallas Cowboys,37,31,Regular Season,1973
1973-10-14,Sun,Minnesota Vikings,San Francisco 49ers,17,13,Regular Season,1973
1973-10-14,Sun,Oakland Raiders,San Diego Chargers,27,17,Regular Season,1973
1973-10-15,Mon,Miami Dolphins,Cleveland Browns,17,9,Regular Season,1973
1973-10-21,Sun,Miami Dolphins,Buffalo Bills,27,6,Regular Season,1973
1973-10-21,Sun,Cleveland Browns,Houston Oilers,42,13,Regular Season,1973
1973-10-21,Sun,Baltimore Colts,Detroit Lions,29,27,Regular Season,1973
1973-10-21,Sun,Washington Redskins,St. Louis Cardinals,31,13,Regular Season,1973
1973-10-21,Sun,Pittsburgh Steelers,New York Jets,26,14,Regular Season,1973
1973-10-21,Sun,New England Patriots,Chicago Bears,13,10,Regular Season,1973
1973-10-21,Sun,Minnesota Vikings,Philadelphia Eagles,28,21,Regular Season,1973
1973-10-21,Sun,Atlanta Falcons,San Diego Chargers,41,0,Regular Season,1973
1973-10-21,Sun,Cincinnati Bengals,Kansas City Chiefs,14,6,Regular Season,1973
1973-10-21,Sun,Dallas Cowboys,New York Giants,45,28,Regular Season,1973
1973-10-21,Sun,Los Angeles Rams,Green Bay Packers,24,7,Regular Season,1973
1973-10-21,Sun,San Francisco 49ers,New Orleans Saints,40,0,Regular Season,1973
1973-10-22,Mon,Oakland Raiders,Denver Broncos,23,23,Regular Season,1973
1973-10-28,Sun,San Diego Chargers,Cleveland Browns,16,16,Regular Season,1973
1973-10-28,Sun,Philadelphia Eagles,Dallas Cowboys,30,16,Regular Season,1973
1973-10-28,Sun,Denver Broncos,New York Jets,40,28,Regular Season,1973
1973-10-28,Sun,Detroit Lions,Green Bay Packers,34,0,Regular Season,1973
1973-10-28,Sun,Miami Dolphins,New England Patriots,30,14,Regular Season,1973
1973-10-28,Sun,Chicago Bears,Houston Oilers,35,14,Regular Season,1973
1973-10-28,Sun,Oakland Raiders,Baltimore Colts,34,21,Regular Season,1973
1973-10-28,Sun,St. Louis Cardinals,New York Giants,35,27,Regular Season,1973
1973-10-28,Sun,Minnesota Vikings,Los Angeles Rams,10,9,Regular Season,1973
1973-10-28,Sun,New Orleans Saints,Washington Redskins,19,3,Regular Season,1973
1973-10-28,Sun,Atlanta Falcons,San Francisco 49ers,17,3,Regular Season,1973
1973-10-28,Sun,Pittsburgh Steelers,Cincinnati Bengals,20,13,Regular Season,1973
1973-10-29,Mon,Buffalo Bills,Kansas City Chiefs,23,14,Regular Season,1973
1973-11-04,Sun,Atlanta Falcons,Los Angeles Rams,15,13,Regular Season,1973
1973-11-04,Sun,Miami Dolphins,New York Jets,24,14,Regular Season,1973
1973-11-04,Sun,Philadelphia Eagles,New England Patriots,24,23,Regular Season,1973
1973-11-04,Sun,New Orleans Saints,Buffalo Bills,13,0,Regular Season,1973
1973-11-04,Sun,Chicago Bears,Green Bay Packers,31,17,Regular Season,1973
1973-11-04,Sun,Dallas Cowboys,Cincinnati Bengals,38,10,Regular Season,1973
1973-11-04,Sun,Minnesota Vikings,Cleveland Browns,26,3,Regular Season,1973
1973-11-04,Sun,Houston Oilers,Baltimore Colts,31,27,Regular Season,1973
1973-11-04,Sun,Denver Broncos,St. Louis Cardinals,17,17,Regular Season,1973
1973-11-04,Sun,Detroit Lions,San Francisco 49ers,30,20,Regular Season,1973
1973-11-04,Sun,Kansas City Chiefs,San Diego Chargers,19,0,Regular Season,1973
1973-11-04,Sun,Oakland Raiders,New York Giants,42,0,Regular Season,1973
1973-11-05,Mon,Pittsburgh Steelers,Washington Redskins,21,16,Regular Season,1973
1973-11-11,Sun,Atlanta Falcons,Philadelphia Eagles,44,27,Regular Season,1973
1973-11-11,Sun,Cincinnati Bengals,Buffalo Bills,16,13,Regular Season,1973
1973-11-11,Sun,Miami Dolphins,Baltimore Colts,44,0,Regular Season,1973
1973-11-11,Sun,Dallas Cowboys,New York Giants,23,10,Regular Season,1973
1973-11-11,Sun,New York Jets,New England Patriots,33,13,Regular Season,1973
1973-11-11,Sun,Washington Redskins,San Francisco 49ers,33,9,Regular Season,1973
1973-11-11,Sun,Cleveland Browns,Houston Oilers,23,13,Regular Season,1973
1973-11-11,Sun,Green Bay Packers,St. Louis Cardinals,25,21,Regular Season,1973
1973-11-11,Sun,Minnesota Vikings,Detroit Lions,28,7,Regular Season,1973
1973-11-11,Sun,Denver Broncos,San Diego Chargers,30,19,Regular Season,1973
1973-11-11,Sun,Los Angeles Rams,New Orleans Saints,29,7,Regular Season,1973
1973-11-11,Sun,Pittsburgh Steelers,Oakland Raiders,17,9,Regular Season,1973
1973-11-12,Mon,Kansas City Chiefs,Chicago Bears,19,7,Regular Season,1973
1973-11-18,Sun,Miami Dolphins,Buffalo Bills,17,0,Regular Season,1973
1973-11-18,Sun,Washington Redskins,Baltimore Colts,22,14,Regular Season,1973
1973-11-18,Sun,New York Giants,St. Louis Cardinals,24,13,Regular Season,1973
1973-11-18,Sun,Denver Broncos,Pittsburgh Steelers,23,13,Regular Season,1973
1973-11-18,Sun,New England Patriots,Green Bay Packers,33,24,Regular Season,1973
1973-11-18,Sun,Detroit Lions,Chicago Bears,30,7,Regular Season,1973
1973-11-18,Sun,Cincinnati Bengals,New York Jets,20,14,Regular Season,1973
1973-11-18,Sun,Dallas Cowboys,Philadelphia Eagles,31,10,Regular Season,1973
1973-11-18,Sun,Kansas City Chiefs,Houston Oilers,38,14,Regular Season,1973
1973-11-18,Sun,Cleveland Browns,Oakland Raiders,7,3,Regular Season,1973
1973-11-18,Sun,San Diego Chargers,New Orleans Saints,17,14,Regular Season,1973
1973-11-18,Sun,Los Angeles Rams,San Francisco 49ers,31,13,Regular Season,1973
1973-11-19,Mon,Atlanta Falcons,Minnesota Vikings,20,14,Regular Season,1973
1973-11-22,Thu,Washington Redskins,Detroit Lions,20,0,Regular Season,1973
1973-11-22,Thu,Miami Dolphins,Dallas Cowboys,14,7,Regular Season,1973
1973-11-25,Sun,Cincinnati Bengals,St. Louis Cardinals,42,24,Regular Season,1973
1973-11-25,Sun,Cleveland Browns,Pittsburgh Steelers,21,16,Regular Season,1973
1973-11-25,Sun,Philadelphia Eagles,New York Giants,20,16,Regular Season,1973
1973-11-25,Sun,Buffalo Bills,Baltimore Colts,24,17,Regular Season,1973
1973-11-25,Sun,Minnesota Vikings,Chicago Bears,31,13,Regular Season,1973
1973-11-25,Sun,Los Angeles Rams,New Orleans Saints,24,13,Regular Season,1973
1973-11-25,Sun,New England Patriots,Houston Oilers,32,0,Regular Season,1973
1973-11-25,Sun,Denver Broncos,Kansas City Chiefs,14,10,Regular Season,1973
1973-11-25,Sun,Atlanta Falcons,New York Jets,28,20,Regular Season,1973
1973-11-25,Sun,Oakland Raiders,San Diego Chargers,31,3,Regular Season,1973
1973-11-26,Mon,San Francisco 49ers,Green Bay Packers,20,6,Regular Season,1973
1973-12-02,Sun,Buffalo Bills,Atlanta Falcons,17,6,Regular Season,1973
1973-12-02,Sun,Cincinnati Bengals,Minnesota Vikings,27,0,Regular Season,1973
1973-12-02,Sun,New York Jets,Baltimore Colts,20,17,Regular Season,1973
1973-12-02,Sun,New England Patriots,San Diego Chargers,30,14,Regular Season,1973
1973-12-02,Sun,Washington Redskins,New York Giants,27,24,Regular Season,1973
1973-12-02,Sun,Los Angeles Rams,Chicago Bears,26,0,Regular Season,1973
1973-12-02,Sun,Detroit Lions,St. Louis Cardinals,20,16,Regular Season,1973
1973-12-02,Sun,Green Bay Packers,New Orleans Saints,30,10,Regular Season,1973
1973-12-02,Sun,Oakland Raiders,Houston Oilers,17,6,Regular Season,1973
1973-12-02,Sun,Kansas City Chiefs,Cleveland Browns,20,20,Regular Season,1973
1973-12-02,Sun,Dallas Cowboys,Denver Broncos,22,10,Regular Season,1973
1973-12-02,Sun,San Francisco 49ers,Philadelphia Eagles,38,28,Regular Season,1973
1973-12-03,Mon,Miami Dolphins,Pittsburgh Steelers,30,26,Regular Season,1973
1973-12-08,Sat,Minnesota Vikings,Green Bay Packers,31,7,Regular Season,1973
1973-12-08,Sat,Oakland Raiders,Kansas City Chiefs,37,7,Regular Season,1973
1973-12-09,Sun,St. Louis Cardinals,Atlanta Falcons,32,10,Regular Season,1973
1973-12-09,Sun,Buffalo Bills,New England Patriots,37,13,Regular Season,1973
1973-12-09,Sun,Detroit Lions,Chicago Bears,40,7,Regular Season,1973
1973-12-09,Sun,Cincinnati Bengals,Cleveland Browns,34,17,Regular Season,1973
1973-12-09,Sun,Philadelphia Eagles,New York Jets,24,23,Regular Season,1973
1973-12-09,Sun,Pittsburgh Steelers,Houston Oilers,33,7,Regular Season,1973
1973-12-09,Sun,Baltimore Colts,Miami Dolphins,16,3,Regular Season,1973
1973-12-09,Sun,New Orleans Saints,San Francisco 49ers,16,10,Regular Season,1973
1973-12-09,Sun,Dallas Cowboys,Washington Redskins,27,7,Regular Season,1973
1973-12-09,Sun,Denver Broncos,San Diego Chargers,42,28,Regular Season,1973
1973-12-10,Mon,Los Angeles Rams,New York Giants,40,6,Regular Season,1973
1973-12-15,Sat,Miami Dolphins,Detroit Lions,34,7,Regular Season,1973
1973-12-15,Sat,Pittsburgh Steelers,San Francisco 49ers,37,14,Regular Season,1973
1973-12-16,Sun,Atlanta Falcons,New Orleans Saints,14,10,Regular Season,1973
1973-12-16,Sun,Buffalo Bills,New York Jets,34,14,Regular Season,1973
1973-12-16,Sun,Minnesota Vikings,New York Giants,31,7,Regular Season,1973
1973-12-16,Sun,Washington Redskins,Philadelphia Eagles,38,20,Regular Season,1973
1973-12-16,Sun,Green Bay Packers,Chicago Bears,21,0,Regular Season,1973
1973-12-16,Sun,Cincinnati Bengals,Houston Oilers,27,24,Regular Season,1973
1973-12-16,Sun,Baltimore Colts,New England Patriots,18,13,Regular Season,1973
1973-12-16,Sun,Dallas Cowboys,St. Louis Cardinals,30,3,Regular Season,1973
1973-12-16,Sun,Kansas City Chiefs,San Diego Chargers,33,6,Regular Season,1973
1973-12-16,Sun,Los Angeles Rams,Cleveland Browns,30,17,Regular Season,1973
1973-12-16,Sun,Oakland Raiders,Denver Broncos,21,17,Regular Season,1973
Playoffs,,,,,,Playoff,1973
1973-12-22,Sat,Minnesota Vikings,Washington Redskins,27,20,Playoff,1973
1973-12-22,Sat,Oakland Raiders,Pittsburgh Steelers,33,14,Playoff,1973
1973-12-23,Sun,Miami Dolphins,Cincinnati Bengals,34,16,Playoff,1973
1973-12-23,Sun,Dallas Cowboys,Los Angeles Rams,27,16,Playoff,1973
1973-12-30,Sun,Minnesota Vikings,Dallas Cowboys,27,10,Playoff,1973
1973-12-30,Sun,Miami Dolphins,Oakland Raiders,27,10,Playoff,1973
1974-01-13,Sun,Miami Dolphins,Minnesota Vikings,24,7,Playoff,1973
