Date,DOW,WT,LT,WTS,LTS,Type,Season
1974-09-15,Sun,Cincinnati Bengals,Cleveland Browns,33,7,Regular Season,1974
1974-09-15,Sun,Pittsburgh Steelers,Baltimore Colts,30,0,Regular Season,1974
1974-09-15,Sun,New England Patriots,Miami Dolphins,34,24,Regular Season,1974
1974-09-15,Sun,Washington Redskins,New York Giants,13,10,Regular Season,1974
1974-09-15,Sun,Chicago Bears,Detroit Lions,17,9,Regular Season,1974
1974-09-15,Sun,St. Louis Cardinals,Philadelphia Eagles,7,3,Regular Season,1974
1974-09-15,Sun,Minnesota Vikings,Green Bay Packers,32,17,Regular Season,1974
1974-09-15,Sun,San Francisco 49ers,New Orleans Saints,17,13,Regular Season,1974
1974-09-15,Sun,Houston Oilers,San Diego Chargers,21,14,Regular Season,1974
1974-09-15,Sun,Dallas Cowboys,Atlanta Falcons,24,0,Regular Season,1974
1974-09-15,Sun,Los Angeles Rams,Denver Broncos,17,10,Regular Season,1974
1974-09-15,Sun,Kansas City Chiefs,New York Jets,24,16,Regular Season,1974
1974-09-16,Mon,Buffalo Bills,Oakland Raiders,21,20,Regular Season,1974
1974-09-22,Sun,San Francisco 49ers,Atlanta Falcons,16,10,Regular Season,1974
1974-09-22,Sun,Miami Dolphins,Buffalo Bills,24,16,Regular Season,1974
1974-09-22,Sun,San Diego Chargers,Cincinnati Bengals,20,17,Regular Season,1974
1974-09-22,Sun,Cleveland Browns,Houston Oilers,20,7,Regular Season,1974
1974-09-22,Sun,St. Louis Cardinals,Washington Redskins,17,10,Regular Season,1974
1974-09-22,Sun,Minnesota Vikings,Detroit Lions,7,6,Regular Season,1974
1974-09-22,Sun,New England Patriots,New York Giants,28,20,Regular Season,1974
1974-09-22,Sun,New York Jets,Chicago Bears,23,21,Regular Season,1974
1974-09-22,Sun,Green Bay Packers,Baltimore Colts,20,13,Regular Season,1974
1974-09-22,Sun,Pittsburgh Steelers,Denver Broncos,35,35,Regular Season,1974
1974-09-22,Sun,Oakland Raiders,Kansas City Chiefs,27,7,Regular Season,1974
1974-09-22,Sun,Los Angeles Rams,New Orleans Saints,24,0,Regular Season,1974
1974-09-23,Mon,Philadelphia Eagles,Dallas Cowboys,13,10,Regular Season,1974
1974-09-29,Sun,New Orleans Saints,Atlanta Falcons,14,13,Regular Season,1974
1974-09-29,Sun,Buffalo Bills,New York Jets,16,12,Regular Season,1974
1974-09-29,Sun,Philadelphia Eagles,Baltimore Colts,30,10,Regular Season,1974
1974-09-29,Sun,New England Patriots,Los Angeles Rams,20,14,Regular Season,1974
1974-09-29,Sun,Minnesota Vikings,Chicago Bears,11,7,Regular Season,1974
1974-09-29,Sun,St. Louis Cardinals,Cleveland Browns,29,7,Regular Season,1974
1974-09-29,Sun,New York Giants,Dallas Cowboys,14,6,Regular Season,1974
1974-09-29,Sun,Green Bay Packers,Detroit Lions,21,19,Regular Season,1974
1974-09-29,Sun,Kansas City Chiefs,Houston Oilers,17,7,Regular Season,1974
1974-09-29,Sun,Cincinnati Bengals,San Francisco 49ers,21,3,Regular Season,1974
1974-09-29,Sun,Miami Dolphins,San Diego Chargers,28,21,Regular Season,1974
1974-09-29,Sun,Oakland Raiders,Pittsburgh Steelers,17,0,Regular Season,1974
1974-09-30,Mon,Washington Redskins,Denver Broncos,30,3,Regular Season,1974
1974-10-06,Sun,Atlanta Falcons,New York Giants,14,7,Regular Season,1974
1974-10-06,Sun,Cincinnati Bengals,Washington Redskins,28,17,Regular Season,1974
1974-10-06,Sun,Oakland Raiders,Cleveland Browns,40,24,Regular Season,1974
1974-10-06,Sun,New England Patriots,Baltimore Colts,42,3,Regular Season,1974
1974-10-06,Sun,Buffalo Bills,Green Bay Packers,27,7,Regular Season,1974
1974-10-06,Sun,Chicago Bears,New Orleans Saints,24,10,Regular Season,1974
1974-10-06,Sun,Pittsburgh Steelers,Houston Oilers,13,7,Regular Season,1974
1974-10-06,Sun,St. Louis Cardinals,San Francisco 49ers,34,9,Regular Season,1974
1974-10-06,Sun,Minnesota Vikings,Dallas Cowboys,23,21,Regular Season,1974
1974-10-06,Sun,Denver Broncos,Kansas City Chiefs,17,14,Regular Season,1974
1974-10-06,Sun,Los Angeles Rams,Detroit Lions,16,13,Regular Season,1974
1974-10-06,Sun,Philadelphia Eagles,San Diego Chargers,13,7,Regular Season,1974
1974-10-07,Mon,Miami Dolphins,New York Jets,21,17,Regular Season,1974
1974-10-13,Sun,Atlanta Falcons,Chicago Bears,13,10,Regular Season,1974
1974-10-13,Sun,Cincinnati Bengals,Cleveland Browns,34,24,Regular Season,1974
1974-10-13,Sun,Washington Redskins,Miami Dolphins,20,17,Regular Season,1974
1974-10-13,Sun,New England Patriots,New York Jets,24,0,Regular Season,1974
1974-10-13,Sun,Philadelphia Eagles,New York Giants,35,7,Regular Season,1974
1974-10-13,Sun,Buffalo Bills,Baltimore Colts,27,14,Regular Season,1974
1974-10-13,Sun,St. Louis Cardinals,Dallas Cowboys,31,28,Regular Season,1974
1974-10-13,Sun,Pittsburgh Steelers,Kansas City Chiefs,34,24,Regular Season,1974
1974-10-13,Sun,Minnesota Vikings,Houston Oilers,51,10,Regular Season,1974
1974-10-13,Sun,Denver Broncos,New Orleans Saints,33,17,Regular Season,1974
1974-10-13,Sun,Green Bay Packers,Los Angeles Rams,17,6,Regular Season,1974
1974-10-13,Sun,Oakland Raiders,San Diego Chargers,14,10,Regular Season,1974
1974-10-14,Mon,Detroit Lions,San Francisco 49ers,17,13,Regular Season,1974
1974-10-20,Sun,New Orleans Saints,Atlanta Falcons,13,3,Regular Season,1974
1974-10-20,Sun,Buffalo Bills,New England Patriots,30,28,Regular Season,1974
1974-10-20,Sun,Pittsburgh Steelers,Cleveland Browns,20,16,Regular Season,1974
1974-10-20,Sun,Baltimore Colts,New York Jets,35,20,Regular Season,1974
1974-10-20,Sun,Dallas Cowboys,Philadelphia Eagles,31,24,Regular Season,1974
1974-10-20,Sun,Washington Redskins,New York Giants,24,3,Regular Season,1974
1974-10-20,Sun,St. Louis Cardinals,Houston Oilers,31,27,Regular Season,1974
1974-10-20,Sun,Detroit Lions,Minnesota Vikings,20,16,Regular Season,1974
1974-10-20,Sun,Oakland Raiders,Cincinnati Bengals,30,27,Regular Season,1974
1974-10-20,Sun,Denver Broncos,San Diego Chargers,27,7,Regular Season,1974
1974-10-20,Sun,Miami Dolphins,Kansas City Chiefs,9,3,Regular Season,1974
1974-10-20,Sun,Los Angeles Rams,San Francisco 49ers,37,14,Regular Season,1974
1974-10-21,Mon,Chicago Bears,Green Bay Packers,10,9,Regular Season,1974
1974-10-27,Sun,New Orleans Saints,Philadelphia Eagles,14,10,Regular Season,1974
1974-10-27,Sun,Buffalo Bills,Chicago Bears,16,6,Regular Season,1974
1974-10-27,Sun,Houston Oilers,Cincinnati Bengals,34,21,Regular Season,1974
1974-10-27,Sun,Cleveland Browns,Denver Broncos,23,21,Regular Season,1974
1974-10-27,Sun,Miami Dolphins,Baltimore Colts,17,7,Regular Season,1974
1974-10-27,Sun,Dallas Cowboys,New York Giants,21,7,Regular Season,1974
1974-10-27,Sun,Detroit Lions,Green Bay Packers,19,17,Regular Season,1974
1974-10-27,Sun,Los Angeles Rams,New York Jets,20,13,Regular Season,1974
1974-10-27,Sun,St. Louis Cardinals,Washington Redskins,23,20,Regular Season,1974
1974-10-27,Sun,New England Patriots,Minnesota Vikings,17,14,Regular Season,1974
1974-10-27,Sun,Kansas City Chiefs,San Diego Chargers,24,14,Regular Season,1974
1974-10-27,Sun,Oakland Raiders,San Francisco 49ers,35,24,Regular Season,1974
1974-10-28,Mon,Pittsburgh Steelers,Atlanta Falcons,24,17,Regular Season,1974
1974-11-03,Sun,Buffalo Bills,New England Patriots,29,28,Regular Season,1974
1974-11-03,Sun,Detroit Lions,New Orleans Saints,19,14,Regular Season,1974
1974-11-03,Sun,Houston Oilers,New York Jets,27,22,Regular Season,1974
1974-11-03,Sun,Pittsburgh Steelers,Philadelphia Eagles,27,0,Regular Season,1974
1974-11-03,Sun,Minnesota Vikings,Chicago Bears,17,0,Regular Season,1974
1974-11-03,Sun,Cincinnati Bengals,Baltimore Colts,24,14,Regular Season,1974
1974-11-03,Sun,Dallas Cowboys,St. Louis Cardinals,17,14,Regular Season,1974
1974-11-03,Sun,Washington Redskins,Green Bay Packers,17,6,Regular Season,1974
1974-11-03,Sun,Miami Dolphins,Atlanta Falcons,42,7,Regular Season,1974
1974-11-03,Sun,San Diego Chargers,Cleveland Browns,36,35,Regular Season,1974
1974-11-03,Sun,Oakland Raiders,Denver Broncos,28,17,Regular Season,1974
1974-11-03,Sun,New York Giants,Kansas City Chiefs,33,27,Regular Season,1974
1974-11-04,Mon,Los Angeles Rams,San Francisco 49ers,15,13,Regular Season,1974
1974-11-10,Sun,Houston Oilers,Buffalo Bills,21,9,Regular Season,1974
1974-11-10,Sun,Cleveland Browns,New England Patriots,21,14,Regular Season,1974
1974-11-10,Sun,San Diego Chargers,Kansas City Chiefs,14,7,Regular Season,1974
1974-11-10,Sun,New York Jets,New York Giants,26,20,Regular Season,1974
1974-11-10,Sun,Washington Redskins,Philadelphia Eagles,27,20,Regular Season,1974
1974-11-10,Sun,Green Bay Packers,Chicago Bears,20,3,Regular Season,1974
1974-11-10,Sun,Denver Broncos,Baltimore Colts,17,6,Regular Season,1974
1974-11-10,Sun,Dallas Cowboys,San Francisco 49ers,20,14,Regular Season,1974
1974-11-10,Sun,Miami Dolphins,New Orleans Saints,21,0,Regular Season,1974
1974-11-10,Sun,Los Angeles Rams,Atlanta Falcons,21,0,Regular Season,1974
1974-11-10,Sun,Cincinnati Bengals,Pittsburgh Steelers,17,10,Regular Season,1974
1974-11-10,Sun,Oakland Raiders,Detroit Lions,35,13,Regular Season,1974
1974-11-11,Mon,Minnesota Vikings,St. Louis Cardinals,28,24,Regular Season,1974
1974-11-17,Sun,Baltimore Colts,Atlanta Falcons,17,7,Regular Season,1974
1974-11-17,Sun,Miami Dolphins,Buffalo Bills,35,28,Regular Season,1974
1974-11-17,Sun,Pittsburgh Steelers,Cleveland Browns,26,16,Regular Season,1974
1974-11-17,Sun,St. Louis Cardinals,Philadelphia Eagles,13,3,Regular Season,1974
1974-11-17,Sun,Detroit Lions,New York Giants,20,19,Regular Season,1974
1974-11-17,Sun,New York Jets,New England Patriots,21,16,Regular Season,1974
1974-11-17,Sun,San Francisco 49ers,Chicago Bears,34,0,Regular Season,1974
1974-11-17,Sun,Houston Oilers,Cincinnati Bengals,20,3,Regular Season,1974
1974-11-17,Sun,Green Bay Packers,Minnesota Vikings,19,7,Regular Season,1974
1974-11-17,Sun,New Orleans Saints,Los Angeles Rams,20,7,Regular Season,1974
1974-11-17,Sun,Washington Redskins,Dallas Cowboys,28,21,Regular Season,1974
1974-11-17,Sun,Oakland Raiders,San Diego Chargers,17,10,Regular Season,1974
1974-11-18,Mon,Kansas City Chiefs,Denver Broncos,42,34,Regular Season,1974
1974-11-24,Sun,Buffalo Bills,Cleveland Browns,15,10,Regular Season,1974
1974-11-24,Sun,Detroit Lions,Chicago Bears,34,17,Regular Season,1974
1974-11-24,Sun,Cincinnati Bengals,Kansas City Chiefs,33,6,Regular Season,1974
1974-11-24,Sun,St. Louis Cardinals,New York Giants,23,21,Regular Season,1974
1974-11-24,Sun,New York Jets,Miami Dolphins,17,14,Regular Season,1974
1974-11-24,Sun,Washington Redskins,Philadelphia Eagles,26,7,Regular Season,1974
1974-11-24,Sun,New England Patriots,Baltimore Colts,27,17,Regular Season,1974
1974-11-24,Sun,Dallas Cowboys,Houston Oilers,10,0,Regular Season,1974
1974-11-24,Sun,Green Bay Packers,San Diego Chargers,34,0,Regular Season,1974
1974-11-24,Sun,San Francisco 49ers,Atlanta Falcons,27,0,Regular Season,1974
1974-11-24,Sun,Denver Broncos,Oakland Raiders,20,17,Regular Season,1974
1974-11-24,Sun,Los Angeles Rams,Minnesota Vikings,20,17,Regular Season,1974
1974-11-25,Mon,Pittsburgh Steelers,New Orleans Saints,28,7,Regular Season,1974
1974-11-28,Thu,Denver Broncos,Detroit Lions,31,27,Regular Season,1974
1974-11-28,Thu,Dallas Cowboys,Washington Redskins,24,23,Regular Season,1974
1974-12-01,Sun,Buffalo Bills,Baltimore Colts,6,0,Regular Season,1974
1974-12-01,Sun,Cleveland Browns,San Francisco 49ers,7,0,Regular Season,1974
1974-12-01,Sun,Philadelphia Eagles,Green Bay Packers,36,14,Regular Season,1974
1974-12-01,Sun,New York Jets,San Diego Chargers,27,14,Regular Season,1974
1974-12-01,Sun,Houston Oilers,Pittsburgh Steelers,13,10,Regular Season,1974
1974-12-01,Sun,Chicago Bears,New York Giants,16,13,Regular Season,1974
1974-12-01,Sun,Kansas City Chiefs,St. Louis Cardinals,17,13,Regular Season,1974
1974-12-01,Sun,Minnesota Vikings,New Orleans Saints,29,9,Regular Season,1974
1974-12-01,Sun,Los Angeles Rams,Atlanta Falcons,30,7,Regular Season,1974
1974-12-01,Sun,Oakland Raiders,New England Patriots,41,26,Regular Season,1974
1974-12-02,Mon,Miami Dolphins,Cincinnati Bengals,24,3,Regular Season,1974
1974-12-07,Sat,Minnesota Vikings,Atlanta Falcons,23,10,Regular Season,1974
1974-12-07,Sat,Dallas Cowboys,Cleveland Browns,41,17,Regular Season,1974
1974-12-08,Sun,New York Jets,Buffalo Bills,20,10,Regular Season,1974
1974-12-08,Sun,Detroit Lions,Cincinnati Bengals,23,19,Regular Season,1974
1974-12-08,Sun,New Orleans Saints,St. Louis Cardinals,14,0,Regular Season,1974
1974-12-08,Sun,Pittsburgh Steelers,New England Patriots,21,17,Regular Season,1974
1974-12-08,Sun,Philadelphia Eagles,New York Giants,20,7,Regular Season,1974
1974-12-08,Sun,Miami Dolphins,Baltimore Colts,17,16,Regular Season,1974
1974-12-08,Sun,San Diego Chargers,Chicago Bears,28,21,Regular Season,1974
1974-12-08,Sun,Denver Broncos,Houston Oilers,37,14,Regular Season,1974
1974-12-08,Sun,San Francisco 49ers,Green Bay Packers,7,6,Regular Season,1974
1974-12-08,Sun,Oakland Raiders,Kansas City Chiefs,7,6,Regular Season,1974
1974-12-09,Mon,Washington Redskins,Los Angeles Rams,23,17,Regular Season,1974
1974-12-14,Sat,Pittsburgh Steelers,Cincinnati Bengals,27,3,Regular Season,1974
1974-12-14,Sat,Minnesota Vikings,Kansas City Chiefs,35,15,Regular Season,1974
1974-12-14,Sat,Oakland Raiders,Dallas Cowboys,27,23,Regular Season,1974
1974-12-15,Sun,Atlanta Falcons,Green Bay Packers,10,3,Regular Season,1974
1974-12-15,Sun,Washington Redskins,Chicago Bears,42,0,Regular Season,1974
1974-12-15,Sun,Philadelphia Eagles,Detroit Lions,28,17,Regular Season,1974
1974-12-15,Sun,Miami Dolphins,New England Patriots,34,27,Regular Season,1974
1974-12-15,Sun,Houston Oilers,Cleveland Browns,28,24,Regular Season,1974
1974-12-15,Sun,New York Jets,Baltimore Colts,45,38,Regular Season,1974
1974-12-15,Sun,St. Louis Cardinals,New York Giants,26,14,Regular Season,1974
1974-12-15,Sun,Los Angeles Rams,Buffalo Bills,19,14,Regular Season,1974
1974-12-15,Sun,San Diego Chargers,Denver Broncos,17,0,Regular Season,1974
1974-12-15,Sun,San Francisco 49ers,New Orleans Saints,35,21,Regular Season,1974
Playoffs,,,,,,Playoff,1974
1974-12-21,Sat,Minnesota Vikings,St. Louis Cardinals,30,14,Playoff,1974
1974-12-21,Sat,Oakland Raiders,Miami Dolphins,28,26,Playoff,1974
1974-12-22,Sun,Pittsburgh Steelers,Buffalo Bills,32,14,Playoff,1974
1974-12-22,Sun,Los Angeles Rams,Washington Redskins,19,10,Playoff,1974
1974-12-29,Sun,Minnesota Vikings,Los Angeles Rams,14,10,Playoff,1974
1974-12-29,Sun,Pittsburgh Steelers,Oakland Raiders,24,13,Playoff,1974
1975-01-12,Sun,Pittsburgh Steelers,Minnesota Vikings,16,6,Playoff,1974
