Date,DOW,WT,LT,WTS,LTS,Type,Season
1975-09-21,Sun,Buffalo Bills,New York Jets,42,14,Regular Season,1975
1975-09-21,Sun,Cincinnati Bengals,Cleveland Browns,24,17,Regular Season,1975
1975-09-21,Sun,Washington Redskins,New Orleans Saints,41,3,Regular Season,1975
1975-09-21,Sun,Houston Oilers,New England Patriots,7,0,Regular Season,1975
1975-09-21,Sun,New York Giants,Philadelphia Eagles,23,14,Regular Season,1975
1975-09-21,Sun,St. Louis Cardinals,Atlanta Falcons,23,20,Regular Season,1975
1975-09-21,Sun,Baltimore Colts,Chicago Bears,35,7,Regular Season,1975
1975-09-21,Sun,Detroit Lions,Green Bay Packers,30,16,Regular Season,1975
1975-09-21,Sun,Minnesota Vikings,San Francisco 49ers,27,17,Regular Season,1975
1975-09-21,Sun,Dallas Cowboys,Los Angeles Rams,18,7,Regular Season,1975
1975-09-21,Sun,Denver Broncos,Kansas City Chiefs,37,33,Regular Season,1975
1975-09-21,Sun,Pittsburgh Steelers,San Diego Chargers,37,0,Regular Season,1975
1975-09-22,Mon,Oakland Raiders,Miami Dolphins,31,21,Regular Season,1975
1975-09-28,Sun,Detroit Lions,Atlanta Falcons,17,14,Regular Season,1975
1975-09-28,Sun,Minnesota Vikings,Cleveland Browns,42,10,Regular Season,1975
1975-09-28,Sun,Miami Dolphins,New England Patriots,22,14,Regular Season,1975
1975-09-28,Sun,Washington Redskins,New York Giants,49,13,Regular Season,1975
1975-09-28,Sun,Chicago Bears,Philadelphia Eagles,15,13,Regular Season,1975
1975-09-28,Sun,Cincinnati Bengals,New Orleans Saints,21,0,Regular Season,1975
1975-09-28,Sun,Oakland Raiders,Baltimore Colts,31,20,Regular Season,1975
1975-09-28,Sun,Dallas Cowboys,St. Louis Cardinals,37,31,Regular Season,1975
1975-09-28,Sun,New York Jets,Kansas City Chiefs,30,24,Regular Season,1975
1975-09-28,Sun,Houston Oilers,San Diego Chargers,33,17,Regular Season,1975
1975-09-28,Sun,Buffalo Bills,Pittsburgh Steelers,30,21,Regular Season,1975
1975-09-28,Sun,Los Angeles Rams,San Francisco 49ers,23,14,Regular Season,1975
1975-09-29,Mon,Denver Broncos,Green Bay Packers,23,13,Regular Season,1975
1975-10-05,Sun,Atlanta Falcons,New Orleans Saints,14,7,Regular Season,1975
1975-10-05,Sun,Buffalo Bills,Denver Broncos,38,14,Regular Season,1975
1975-10-05,Sun,Pittsburgh Steelers,Cleveland Browns,42,6,Regular Season,1975
1975-10-05,Sun,New York Jets,New England Patriots,36,7,Regular Season,1975
1975-10-05,Sun,Minnesota Vikings,Chicago Bears,28,3,Regular Season,1975
1975-10-05,Sun,Cincinnati Bengals,Houston Oilers,21,19,Regular Season,1975
1975-10-05,Sun,St. Louis Cardinals,New York Giants,26,14,Regular Season,1975
1975-10-05,Sun,Miami Dolphins,Green Bay Packers,31,7,Regular Season,1975
1975-10-05,Sun,San Francisco 49ers,Kansas City Chiefs,20,3,Regular Season,1975
1975-10-05,Sun,Los Angeles Rams,Baltimore Colts,24,13,Regular Season,1975
1975-10-05,Sun,Philadelphia Eagles,Washington Redskins,26,10,Regular Season,1975
1975-10-05,Sun,Oakland Raiders,San Diego Chargers,6,0,Regular Season,1975
1975-10-06,Mon,Dallas Cowboys,Detroit Lions,36,10,Regular Season,1975
1975-10-12,Sun,Detroit Lions,Chicago Bears,27,7,Regular Season,1975
1975-10-12,Sun,Cincinnati Bengals,New England Patriots,27,10,Regular Season,1975
1975-10-12,Sun,Houston Oilers,Cleveland Browns,40,10,Regular Season,1975
1975-10-12,Sun,Dallas Cowboys,New York Giants,13,7,Regular Season,1975
1975-10-12,Sun,Pittsburgh Steelers,Denver Broncos,20,9,Regular Season,1975
1975-10-12,Sun,Buffalo Bills,Baltimore Colts,38,31,Regular Season,1975
1975-10-12,Sun,New Orleans Saints,Green Bay Packers,20,19,Regular Season,1975
1975-10-12,Sun,Minnesota Vikings,New York Jets,29,21,Regular Season,1975
1975-10-12,Sun,Kansas City Chiefs,Oakland Raiders,42,10,Regular Season,1975
1975-10-12,Sun,Atlanta Falcons,San Francisco 49ers,17,3,Regular Season,1975
1975-10-12,Sun,Miami Dolphins,Philadelphia Eagles,24,16,Regular Season,1975
1975-10-12,Sun,Los Angeles Rams,San Diego Chargers,13,10,Regular Season,1975
1975-10-13,Mon,Washington Redskins,St. Louis Cardinals,27,17,Regular Season,1975
1975-10-19,Sun,Pittsburgh Steelers,Chicago Bears,34,3,Regular Season,1975
1975-10-19,Sun,New England Patriots,Baltimore Colts,21,10,Regular Season,1975
1975-10-19,Sun,Miami Dolphins,New York Jets,43,0,Regular Season,1975
1975-10-19,Sun,St. Louis Cardinals,Philadelphia Eagles,31,20,Regular Season,1975
1975-10-19,Sun,Green Bay Packers,Dallas Cowboys,19,17,Regular Season,1975
1975-10-19,Sun,Houston Oilers,Washington Redskins,13,10,Regular Season,1975
1975-10-19,Sun,Los Angeles Rams,Atlanta Falcons,22,7,Regular Season,1975
1975-10-19,Sun,Cincinnati Bengals,Oakland Raiders,14,10,Regular Season,1975
1975-10-19,Sun,Denver Broncos,Cleveland Browns,16,15,Regular Season,1975
1975-10-19,Sun,Minnesota Vikings,Detroit Lions,25,19,Regular Season,1975
1975-10-19,Sun,Kansas City Chiefs,San Diego Chargers,12,10,Regular Season,1975
1975-10-19,Sun,San Francisco 49ers,New Orleans Saints,35,21,Regular Season,1975
1975-10-20,Mon,New York Giants,Buffalo Bills,17,14,Regular Season,1975
1975-10-25,Sat,St. Louis Cardinals,New York Giants,20,13,Regular Season,1975
1975-10-26,Sun,Cincinnati Bengals,Atlanta Falcons,21,14,Regular Season,1975
1975-10-26,Sun,Washington Redskins,Cleveland Browns,23,7,Regular Season,1975
1975-10-26,Sun,Baltimore Colts,New York Jets,45,28,Regular Season,1975
1975-10-26,Sun,Dallas Cowboys,Philadelphia Eagles,20,17,Regular Season,1975
1975-10-26,Sun,New England Patriots,San Francisco 49ers,24,16,Regular Season,1975
1975-10-26,Sun,Kansas City Chiefs,Denver Broncos,26,13,Regular Season,1975
1975-10-26,Sun,Houston Oilers,Detroit Lions,24,8,Regular Season,1975
1975-10-26,Sun,Pittsburgh Steelers,Green Bay Packers,16,13,Regular Season,1975
1975-10-26,Sun,Miami Dolphins,Buffalo Bills,35,30,Regular Season,1975
1975-10-26,Sun,Los Angeles Rams,New Orleans Saints,38,14,Regular Season,1975
1975-10-26,Sun,Oakland Raiders,San Diego Chargers,25,0,Regular Season,1975
1975-10-27,Mon,Minnesota Vikings,Chicago Bears,13,9,Regular Season,1975
1975-11-01,Sat,New York Giants,San Diego Chargers,35,24,Regular Season,1975
1975-11-02,Sun,Buffalo Bills,New York Jets,24,23,Regular Season,1975
1975-11-02,Sun,Pittsburgh Steelers,Cincinnati Bengals,30,24,Regular Season,1975
1975-11-02,Sun,New Orleans Saints,Atlanta Falcons,23,7,Regular Season,1975
1975-11-02,Sun,Miami Dolphins,Chicago Bears,46,13,Regular Season,1975
1975-11-02,Sun,Baltimore Colts,Cleveland Browns,21,7,Regular Season,1975
1975-11-02,Sun,St. Louis Cardinals,New England Patriots,24,17,Regular Season,1975
1975-11-02,Sun,Minnesota Vikings,Green Bay Packers,28,17,Regular Season,1975
1975-11-02,Sun,Houston Oilers,Kansas City Chiefs,17,13,Regular Season,1975
1975-11-02,Sun,Washington Redskins,Dallas Cowboys,30,24,Regular Season,1975
1975-11-02,Sun,Oakland Raiders,Denver Broncos,42,17,Regular Season,1975
1975-11-02,Sun,Detroit Lions,San Francisco 49ers,28,17,Regular Season,1975
1975-11-03,Mon,Los Angeles Rams,Philadelphia Eagles,42,3,Regular Season,1975
1975-11-09,Sun,Baltimore Colts,Buffalo Bills,42,35,Regular Season,1975
1975-11-09,Sun,Detroit Lions,Cleveland Browns,21,10,Regular Season,1975
1975-11-09,Sun,St. Louis Cardinals,Philadelphia Eagles,24,23,Regular Season,1975
1975-11-09,Sun,Washington Redskins,New York Giants,21,13,Regular Season,1975
1975-11-09,Sun,Pittsburgh Steelers,Houston Oilers,24,17,Regular Season,1975
1975-11-09,Sun,Minnesota Vikings,Atlanta Falcons,38,0,Regular Season,1975
1975-11-09,Sun,Chicago Bears,Green Bay Packers,27,14,Regular Season,1975
1975-11-09,Sun,Cincinnati Bengals,Denver Broncos,17,16,Regular Season,1975
1975-11-09,Sun,Miami Dolphins,New York Jets,27,7,Regular Season,1975
1975-11-09,Sun,Oakland Raiders,New Orleans Saints,48,10,Regular Season,1975
1975-11-09,Sun,New England Patriots,San Diego Chargers,33,19,Regular Season,1975
1975-11-09,Sun,San Francisco 49ers,Los Angeles Rams,24,23,Regular Season,1975
1975-11-10,Mon,Kansas City Chiefs,Dallas Cowboys,34,31,Regular Season,1975
1975-11-16,Sun,Los Angeles Rams,Atlanta Falcons,16,7,Regular Season,1975
1975-11-16,Sun,Dallas Cowboys,New England Patriots,34,31,Regular Season,1975
1975-11-16,Sun,Detroit Lions,Green Bay Packers,13,10,Regular Season,1975
1975-11-16,Sun,Pittsburgh Steelers,Kansas City Chiefs,28,3,Regular Season,1975
1975-11-16,Sun,Philadelphia Eagles,New York Giants,13,10,Regular Season,1975
1975-11-16,Sun,Baltimore Colts,New York Jets,52,19,Regular Season,1975
1975-11-16,Sun,Houston Oilers,Miami Dolphins,20,19,Regular Season,1975
1975-11-16,Sun,Minnesota Vikings,New Orleans Saints,20,7,Regular Season,1975
1975-11-16,Sun,San Francisco 49ers,Chicago Bears,31,3,Regular Season,1975
1975-11-16,Sun,Oakland Raiders,Cleveland Browns,38,17,Regular Season,1975
1975-11-16,Sun,St. Louis Cardinals,Washington Redskins,20,17,Regular Season,1975
1975-11-16,Sun,Denver Broncos,San Diego Chargers,27,17,Regular Season,1975
1975-11-17,Mon,Cincinnati Bengals,Buffalo Bills,33,24,Regular Season,1975
1975-11-23,Sun,Atlanta Falcons,Denver Broncos,35,21,Regular Season,1975
1975-11-23,Sun,Buffalo Bills,New England Patriots,45,31,Regular Season,1975
1975-11-23,Sun,Cleveland Browns,Cincinnati Bengals,35,23,Regular Season,1975
1975-11-23,Sun,Baltimore Colts,Miami Dolphins,33,17,Regular Season,1975
1975-11-23,Sun,St. Louis Cardinals,New York Jets,37,6,Regular Season,1975
1975-11-23,Sun,Dallas Cowboys,Philadelphia Eagles,27,17,Regular Season,1975
1975-11-23,Sun,Kansas City Chiefs,Detroit Lions,24,21,Regular Season,1975
1975-11-23,Sun,Green Bay Packers,New York Giants,40,14,Regular Season,1975
1975-11-23,Sun,Minnesota Vikings,San Diego Chargers,28,13,Regular Season,1975
1975-11-23,Sun,San Francisco 49ers,New Orleans Saints,16,6,Regular Season,1975
1975-11-23,Sun,Los Angeles Rams,Chicago Bears,38,10,Regular Season,1975
1975-11-23,Sun,Oakland Raiders,Washington Redskins,26,23,Regular Season,1975
1975-11-24,Mon,Pittsburgh Steelers,Houston Oilers,32,9,Regular Season,1975
1975-11-27,Thu,Los Angeles Rams,Detroit Lions,20,0,Regular Season,1975
1975-11-27,Thu,Buffalo Bills,St. Louis Cardinals,32,14,Regular Season,1975
1975-11-30,Sun,Cincinnati Bengals,Houston Oilers,23,19,Regular Season,1975
1975-11-30,Sun,Cleveland Browns,New Orleans Saints,17,16,Regular Season,1975
1975-11-30,Sun,Pittsburgh Steelers,New York Jets,20,7,Regular Season,1975
1975-11-30,Sun,Philadelphia Eagles,San Francisco 49ers,27,17,Regular Season,1975
1975-11-30,Sun,Green Bay Packers,Chicago Bears,28,7,Regular Season,1975
1975-11-30,Sun,Baltimore Colts,Kansas City Chiefs,28,14,Regular Season,1975
1975-11-30,Sun,Dallas Cowboys,New York Giants,14,3,Regular Season,1975
1975-11-30,Sun,Oakland Raiders,Atlanta Falcons,37,34,Regular Season,1975
1975-11-30,Sun,Denver Broncos,San Diego Chargers,13,10,Regular Season,1975
1975-11-30,Sun,Washington Redskins,Minnesota Vikings,31,30,Regular Season,1975
1975-12-01,Mon,Miami Dolphins,New England Patriots,20,7,Regular Season,1975
1975-12-07,Sun,Washington Redskins,Atlanta Falcons,30,27,Regular Season,1975
1975-12-07,Sun,Cincinnati Bengals,Philadelphia Eagles,31,0,Regular Season,1975
1975-12-07,Sun,Pittsburgh Steelers,Cleveland Browns,31,17,Regular Season,1975
1975-12-07,Sun,Baltimore Colts,New York Giants,21,0,Regular Season,1975
1975-12-07,Sun,New York Jets,New England Patriots,30,28,Regular Season,1975
1975-12-07,Sun,Chicago Bears,Detroit Lions,25,21,Regular Season,1975
1975-12-07,Sun,St. Louis Cardinals,Dallas Cowboys,31,17,Regular Season,1975
1975-12-07,Sun,Minnesota Vikings,Green Bay Packers,24,3,Regular Season,1975
1975-12-07,Sun,San Diego Chargers,Kansas City Chiefs,28,20,Regular Season,1975
1975-12-07,Sun,Los Angeles Rams,New Orleans Saints,14,7,Regular Season,1975
1975-12-07,Sun,Miami Dolphins,Buffalo Bills,31,21,Regular Season,1975
1975-12-07,Sun,Houston Oilers,San Francisco 49ers,27,13,Regular Season,1975
1975-12-08,Mon,Oakland Raiders,Denver Broncos,17,10,Regular Season,1975
1975-12-13,Sat,Pittsburgh Steelers,Cincinnati Bengals,35,14,Regular Season,1975
1975-12-13,Sat,Dallas Cowboys,Washington Redskins,31,10,Regular Season,1975
1975-12-14,Sun,Atlanta Falcons,San Francisco 49ers,31,9,Regular Season,1975
1975-12-14,Sun,Buffalo Bills,New England Patriots,34,14,Regular Season,1975
1975-12-14,Sun,Cleveland Browns,Kansas City Chiefs,40,14,Regular Season,1975
1975-12-14,Sun,New York Giants,New Orleans Saints,28,14,Regular Season,1975
1975-12-14,Sun,St. Louis Cardinals,Chicago Bears,34,20,Regular Season,1975
1975-12-14,Sun,Baltimore Colts,Miami Dolphins,10,7,Regular Season,1975
1975-12-14,Sun,Denver Broncos,Philadelphia Eagles,25,10,Regular Season,1975
1975-12-14,Sun,Detroit Lions,Minnesota Vikings,17,10,Regular Season,1975
1975-12-14,Sun,Los Angeles Rams,Green Bay Packers,22,5,Regular Season,1975
1975-12-14,Sun,Houston Oilers,Oakland Raiders,27,26,Regular Season,1975
1975-12-15,Mon,San Diego Chargers,New York Jets,24,16,Regular Season,1975
1975-12-20,Sat,Minnesota Vikings,Buffalo Bills,35,13,Regular Season,1975
1975-12-20,Sat,Miami Dolphins,Denver Broncos,14,13,Regular Season,1975
1975-12-20,Sat,Los Angeles Rams,Pittsburgh Steelers,10,3,Regular Season,1975
1975-12-21,Sun,Cincinnati Bengals,San Diego Chargers,47,17,Regular Season,1975
1975-12-21,Sun,St. Louis Cardinals,Detroit Lions,24,13,Regular Season,1975
1975-12-21,Sun,Dallas Cowboys,New York Jets,31,21,Regular Season,1975
1975-12-21,Sun,Philadelphia Eagles,Washington Redskins,26,3,Regular Season,1975
1975-12-21,Sun,Green Bay Packers,Atlanta Falcons,22,13,Regular Season,1975
1975-12-21,Sun,Chicago Bears,New Orleans Saints,42,17,Regular Season,1975
1975-12-21,Sun,Houston Oilers,Cleveland Browns,21,10,Regular Season,1975
1975-12-21,Sun,Baltimore Colts,New England Patriots,34,21,Regular Season,1975
1975-12-21,Sun,Oakland Raiders,Kansas City Chiefs,28,20,Regular Season,1975
1975-12-21,Sun,New York Giants,San Francisco 49ers,26,23,Regular Season,1975
Playoffs,,,,,,Playoff,1975
1975-12-27,Sat,Pittsburgh Steelers,Baltimore Colts,28,10,Playoff,1975
1975-12-27,Sat,Los Angeles Rams,St. Louis Cardinals,35,23,Playoff,1975
1975-12-28,Sun,Dallas Cowboys,Minnesota Vikings,17,14,Playoff,1975
1975-12-28,Sun,Oakland Raiders,Cincinnati Bengals,31,28,Playoff,1975
1976-01-04,Sun,Pittsburgh Steelers,Oakland Raiders,16,10,Playoff,1975
1976-01-04,Sun,Dallas Cowboys,Los Angeles Rams,37,7,Playoff,1975
1976-01-18,Sun,Pittsburgh Steelers,Dallas Cowboys,21,17,Playoff,1975
