Date,DOW,WT,LT,WTS,LTS,Type,Season
1976-09-12,Sun,Los Angeles Rams,Atlanta Falcons,30,14,Regular Season,1976
1976-09-12,Sun,Cleveland Browns,New York Jets,38,17,Regular Season,1976
1976-09-12,Sun,Baltimore Colts,New England Patriots,27,13,Regular Season,1976
1976-09-12,Sun,Washington Redskins,New York Giants,19,17,Regular Season,1976
1976-09-12,Sun,Chicago Bears,Detroit Lions,10,3,Regular Season,1976
1976-09-12,Sun,Cincinnati Bengals,Denver Broncos,17,7,Regular Season,1976
1976-09-12,Sun,Dallas Cowboys,Philadelphia Eagles,27,7,Regular Season,1976
1976-09-12,Sun,San Francisco 49ers,Green Bay Packers,26,14,Regular Season,1976
1976-09-12,Sun,San Diego Chargers,Kansas City Chiefs,30,16,Regular Season,1976
1976-09-12,Sun,Minnesota Vikings,New Orleans Saints,40,9,Regular Season,1976
1976-09-12,Sun,Houston Oilers,Tampa Bay Buccaneers,20,0,Regular Season,1976
1976-09-12,Sun,St. Louis Cardinals,Seattle Seahawks,30,24,Regular Season,1976
1976-09-12,Sun,Oakland Raiders,Pittsburgh Steelers,31,28,Regular Season,1976
1976-09-13,Mon,Miami Dolphins,Buffalo Bills,30,21,Regular Season,1976
1976-09-19,Sun,Detroit Lions,Atlanta Falcons,24,10,Regular Season,1976
1976-09-19,Sun,Houston Oilers,Buffalo Bills,13,3,Regular Season,1976
1976-09-19,Sun,Pittsburgh Steelers,Cleveland Browns,31,14,Regular Season,1976
1976-09-19,Sun,New England Patriots,Miami Dolphins,30,14,Regular Season,1976
1976-09-19,Sun,Philadelphia Eagles,New York Giants,20,7,Regular Season,1976
1976-09-19,Sun,San Diego Chargers,Tampa Bay Buccaneers,23,0,Regular Season,1976
1976-09-19,Sun,Washington Redskins,Seattle Seahawks,31,7,Regular Season,1976
1976-09-19,Sun,Baltimore Colts,Cincinnati Bengals,28,27,Regular Season,1976
1976-09-19,Sun,St. Louis Cardinals,Green Bay Packers,29,0,Regular Season,1976
1976-09-19,Sun,Dallas Cowboys,New Orleans Saints,24,6,Regular Season,1976
1976-09-19,Sun,Chicago Bears,San Francisco 49ers,19,12,Regular Season,1976
1976-09-19,Sun,Denver Broncos,New York Jets,46,3,Regular Season,1976
1976-09-19,Sun,Los Angeles Rams,Minnesota Vikings,10,10,Regular Season,1976
1976-09-20,Mon,Oakland Raiders,Kansas City Chiefs,24,21,Regular Season,1976
1976-09-26,Sun,Buffalo Bills,Tampa Bay Buccaneers,14,9,Regular Season,1976
1976-09-26,Sun,Cincinnati Bengals,Green Bay Packers,28,7,Regular Season,1976
1976-09-26,Sun,Miami Dolphins,New York Jets,16,0,Regular Season,1976
1976-09-26,Sun,New England Patriots,Pittsburgh Steelers,30,27,Regular Season,1976
1976-09-26,Sun,Atlanta Falcons,Chicago Bears,10,0,Regular Season,1976
1976-09-26,Sun,Minnesota Vikings,Detroit Lions,10,9,Regular Season,1976
1976-09-26,Sun,New Orleans Saints,Kansas City Chiefs,27,17,Regular Season,1976
1976-09-26,Sun,Oakland Raiders,Houston Oilers,14,13,Regular Season,1976
1976-09-26,Sun,Denver Broncos,Cleveland Browns,44,13,Regular Season,1976
1976-09-26,Sun,Dallas Cowboys,Baltimore Colts,30,27,Regular Season,1976
1976-09-26,Sun,San Diego Chargers,St. Louis Cardinals,43,24,Regular Season,1976
1976-09-26,Sun,Los Angeles Rams,New York Giants,24,10,Regular Season,1976
1976-09-26,Sun,San Francisco 49ers,Seattle Seahawks,37,21,Regular Season,1976
1976-09-27,Mon,Washington Redskins,Philadelphia Eagles,20,17,Regular Season,1976
1976-10-03,Sun,Philadelphia Eagles,Atlanta Falcons,14,13,Regular Season,1976
1976-10-03,Sun,Buffalo Bills,Kansas City Chiefs,50,17,Regular Season,1976
1976-10-03,Sun,Cincinnati Bengals,Cleveland Browns,45,24,Regular Season,1976
1976-10-03,Sun,New England Patriots,Oakland Raiders,48,17,Regular Season,1976
1976-10-03,Sun,Chicago Bears,Washington Redskins,33,7,Regular Season,1976
1976-10-03,Sun,Baltimore Colts,Tampa Bay Buccaneers,42,17,Regular Season,1976
1976-10-03,Sun,St. Louis Cardinals,New York Giants,27,21,Regular Season,1976
1976-10-03,Sun,Green Bay Packers,Detroit Lions,24,14,Regular Season,1976
1976-10-03,Sun,Houston Oilers,New Orleans Saints,31,26,Regular Season,1976
1976-10-03,Sun,Dallas Cowboys,Seattle Seahawks,28,13,Regular Season,1976
1976-10-03,Sun,Denver Broncos,San Diego Chargers,26,0,Regular Season,1976
1976-10-03,Sun,Los Angeles Rams,Miami Dolphins,31,28,Regular Season,1976
1976-10-03,Sun,San Francisco 49ers,New York Jets,17,6,Regular Season,1976
1976-10-04,Mon,Minnesota Vikings,Pittsburgh Steelers,17,6,Regular Season,1976
1976-10-10,Sun,New York Jets,Buffalo Bills,17,14,Regular Season,1976
1976-10-10,Sun,Cincinnati Bengals,Tampa Bay Buccaneers,21,0,Regular Season,1976
1976-10-10,Sun,Cleveland Browns,Pittsburgh Steelers,18,16,Regular Season,1976
1976-10-10,Sun,Dallas Cowboys,New York Giants,24,14,Regular Season,1976
1976-10-10,Sun,Detroit Lions,New England Patriots,30,10,Regular Season,1976
1976-10-10,Sun,Kansas City Chiefs,Washington Redskins,33,30,Regular Season,1976
1976-10-10,Sun,New Orleans Saints,Atlanta Falcons,30,0,Regular Season,1976
1976-10-10,Sun,Minnesota Vikings,Chicago Bears,20,19,Regular Season,1976
1976-10-10,Sun,St. Louis Cardinals,Philadelphia Eagles,33,14,Regular Season,1976
1976-10-10,Sun,Houston Oilers,Denver Broncos,17,3,Regular Season,1976
1976-10-10,Sun,Green Bay Packers,Seattle Seahawks,27,20,Regular Season,1976
1976-10-10,Sun,Baltimore Colts,Miami Dolphins,28,14,Regular Season,1976
1976-10-10,Sun,Oakland Raiders,San Diego Chargers,27,17,Regular Season,1976
1976-10-11,Mon,San Francisco 49ers,Los Angeles Rams,16,0,Regular Season,1976
1976-10-17,Sun,Cleveland Browns,Atlanta Falcons,20,17,Regular Season,1976
1976-10-17,Sun,Baltimore Colts,Buffalo Bills,31,13,Regular Season,1976
1976-10-17,Sun,Pittsburgh Steelers,Cincinnati Bengals,23,6,Regular Season,1976
1976-10-17,Sun,Washington Redskins,Detroit Lions,20,7,Regular Season,1976
1976-10-17,Sun,Kansas City Chiefs,Miami Dolphins,20,17,Regular Season,1976
1976-10-17,Sun,Seattle Seahawks,Tampa Bay Buccaneers,13,10,Regular Season,1976
1976-10-17,Sun,Green Bay Packers,Philadelphia Eagles,28,13,Regular Season,1976
1976-10-17,Sun,Minnesota Vikings,New York Giants,24,7,Regular Season,1976
1976-10-17,Sun,Los Angeles Rams,Chicago Bears,20,12,Regular Season,1976
1976-10-17,Sun,St. Louis Cardinals,Dallas Cowboys,21,17,Regular Season,1976
1976-10-17,Sun,Oakland Raiders,Denver Broncos,17,10,Regular Season,1976
1976-10-17,Sun,San Francisco 49ers,New Orleans Saints,33,3,Regular Season,1976
1976-10-17,Sun,San Diego Chargers,Houston Oilers,30,27,Regular Season,1976
1976-10-18,Mon,New England Patriots,New York Jets,41,7,Regular Season,1976
1976-10-23,Sat,San Francisco 49ers,Atlanta Falcons,15,0,Regular Season,1976
1976-10-24,Sun,New England Patriots,Buffalo Bills,26,22,Regular Season,1976
1976-10-24,Sun,Cleveland Browns,San Diego Chargers,21,17,Regular Season,1976
1976-10-24,Sun,Baltimore Colts,New York Jets,20,0,Regular Season,1976
1976-10-24,Sun,Minnesota Vikings,Philadelphia Eagles,31,12,Regular Season,1976
1976-10-24,Sun,Pittsburgh Steelers,New York Giants,27,0,Regular Season,1976
1976-10-24,Sun,Dallas Cowboys,Chicago Bears,31,21,Regular Season,1976
1976-10-24,Sun,Denver Broncos,Kansas City Chiefs,35,26,Regular Season,1976
1976-10-24,Sun,Los Angeles Rams,New Orleans Saints,16,10,Regular Season,1976
1976-10-24,Sun,Cincinnati Bengals,Houston Oilers,27,7,Regular Season,1976
1976-10-24,Sun,Detroit Lions,Seattle Seahawks,41,14,Regular Season,1976
1976-10-24,Sun,Oakland Raiders,Green Bay Packers,18,14,Regular Season,1976
1976-10-24,Sun,Miami Dolphins,Tampa Bay Buccaneers,23,20,Regular Season,1976
1976-10-25,Mon,Washington Redskins,St. Louis Cardinals,20,10,Regular Season,1976
1976-10-31,Sun,Atlanta Falcons,New Orleans Saints,23,20,Regular Season,1976
1976-10-31,Sun,New York Jets,Buffalo Bills,19,14,Regular Season,1976
1976-10-31,Sun,Chicago Bears,Minnesota Vikings,14,13,Regular Season,1976
1976-10-31,Sun,Cincinnati Bengals,Cleveland Browns,21,6,Regular Season,1976
1976-10-31,Sun,Detroit Lions,Green Bay Packers,27,6,Regular Season,1976
1976-10-31,Sun,Kansas City Chiefs,Tampa Bay Buccaneers,28,19,Regular Season,1976
1976-10-31,Sun,Miami Dolphins,New England Patriots,10,3,Regular Season,1976
1976-10-31,Sun,Philadelphia Eagles,New York Giants,10,0,Regular Season,1976
1976-10-31,Sun,Pittsburgh Steelers,San Diego Chargers,23,0,Regular Season,1976
1976-10-31,Sun,St. Louis Cardinals,San Francisco 49ers,23,20,Regular Season,1976
1976-10-31,Sun,Dallas Cowboys,Washington Redskins,20,7,Regular Season,1976
1976-10-31,Sun,Oakland Raiders,Denver Broncos,19,6,Regular Season,1976
1976-10-31,Sun,Los Angeles Rams,Seattle Seahawks,45,6,Regular Season,1976
1976-11-01,Mon,Baltimore Colts,Houston Oilers,38,14,Regular Season,1976
1976-11-07,Sun,New England Patriots,Buffalo Bills,20,10,Regular Season,1976
1976-11-07,Sun,St. Louis Cardinals,Philadelphia Eagles,17,14,Regular Season,1976
1976-11-07,Sun,Miami Dolphins,New York Jets,27,7,Regular Season,1976
1976-11-07,Sun,Oakland Raiders,Chicago Bears,28,27,Regular Season,1976
1976-11-07,Sun,Cleveland Browns,Houston Oilers,21,7,Regular Season,1976
1976-11-07,Sun,Dallas Cowboys,New York Giants,9,3,Regular Season,1976
1976-11-07,Sun,Green Bay Packers,New Orleans Saints,32,27,Regular Season,1976
1976-11-07,Sun,Pittsburgh Steelers,Kansas City Chiefs,45,0,Regular Season,1976
1976-11-07,Sun,Seattle Seahawks,Atlanta Falcons,30,13,Regular Season,1976
1976-11-07,Sun,Baltimore Colts,San Diego Chargers,37,21,Regular Season,1976
1976-11-07,Sun,Denver Broncos,Tampa Bay Buccaneers,48,13,Regular Season,1976
1976-11-07,Sun,Minnesota Vikings,Detroit Lions,31,23,Regular Season,1976
1976-11-07,Sun,Washington Redskins,San Francisco 49ers,24,21,Regular Season,1976
1976-11-08,Mon,Cincinnati Bengals,Los Angeles Rams,20,12,Regular Season,1976
1976-11-14,Sun,Atlanta Falcons,San Francisco 49ers,21,16,Regular Season,1976
1976-11-14,Sun,Cincinnati Bengals,Houston Oilers,31,27,Regular Season,1976
1976-11-14,Sun,Cleveland Browns,Philadelphia Eagles,24,3,Regular Season,1976
1976-11-14,Sun,New York Giants,Washington Redskins,12,9,Regular Season,1976
1976-11-14,Sun,New York Jets,Tampa Bay Buccaneers,34,0,Regular Season,1976
1976-11-14,Sun,Chicago Bears,Green Bay Packers,24,13,Regular Season,1976
1976-11-14,Sun,New England Patriots,Baltimore Colts,21,14,Regular Season,1976
1976-11-14,Sun,New Orleans Saints,Detroit Lions,17,16,Regular Season,1976
1976-11-14,Sun,Minnesota Vikings,Seattle Seahawks,27,21,Regular Season,1976
1976-11-14,Sun,St. Louis Cardinals,Los Angeles Rams,30,28,Regular Season,1976
1976-11-14,Sun,Denver Broncos,San Diego Chargers,17,0,Regular Season,1976
1976-11-14,Sun,Oakland Raiders,Kansas City Chiefs,21,10,Regular Season,1976
1976-11-14,Sun,Pittsburgh Steelers,Miami Dolphins,14,3,Regular Season,1976
1976-11-15,Mon,Dallas Cowboys,Buffalo Bills,17,10,Regular Season,1976
1976-11-21,Sun,Atlanta Falcons,Dallas Cowboys,17,10,Regular Season,1976
1976-11-21,Sun,San Diego Chargers,Buffalo Bills,34,13,Regular Season,1976
1976-11-21,Sun,Cleveland Browns,Tampa Bay Buccaneers,24,7,Regular Season,1976
1976-11-21,Sun,New England Patriots,New York Jets,38,24,Regular Season,1976
1976-11-21,Sun,Pittsburgh Steelers,Houston Oilers,32,16,Regular Season,1976
1976-11-21,Sun,Oakland Raiders,Philadelphia Eagles,26,7,Regular Season,1976
1976-11-21,Sun,Detroit Lions,Chicago Bears,14,10,Regular Season,1976
1976-11-21,Sun,Cincinnati Bengals,Kansas City Chiefs,27,24,Regular Season,1976
1976-11-21,Sun,Minnesota Vikings,Green Bay Packers,17,10,Regular Season,1976
1976-11-21,Sun,Washington Redskins,St. Louis Cardinals,16,10,Regular Season,1976
1976-11-21,Sun,Denver Broncos,New York Giants,14,13,Regular Season,1976
1976-11-21,Sun,New Orleans Saints,Seattle Seahawks,51,27,Regular Season,1976
1976-11-21,Sun,Los Angeles Rams,San Francisco 49ers,23,3,Regular Season,1976
1976-11-22,Mon,Baltimore Colts,Miami Dolphins,17,16,Regular Season,1976
1976-11-25,Thu,Detroit Lions,Buffalo Bills,27,14,Regular Season,1976
1976-11-25,Thu,Dallas Cowboys,St. Louis Cardinals,19,14,Regular Season,1976
1976-11-28,Sun,Cleveland Browns,Miami Dolphins,17,13,Regular Season,1976
1976-11-28,Sun,New England Patriots,Denver Broncos,38,14,Regular Season,1976
1976-11-28,Sun,New York Giants,Seattle Seahawks,28,16,Regular Season,1976
1976-11-28,Sun,Washington Redskins,Philadelphia Eagles,24,0,Regular Season,1976
1976-11-28,Sun,Houston Oilers,Atlanta Falcons,20,14,Regular Season,1976
1976-11-28,Sun,Chicago Bears,Green Bay Packers,16,10,Regular Season,1976
1976-11-28,Sun,Baltimore Colts,New York Jets,33,16,Regular Season,1976
1976-11-28,Sun,Pittsburgh Steelers,Cincinnati Bengals,7,3,Regular Season,1976
1976-11-28,Sun,Kansas City Chiefs,San Diego Chargers,23,20,Regular Season,1976
1976-11-28,Sun,Los Angeles Rams,New Orleans Saints,33,14,Regular Season,1976
1976-11-28,Sun,Oakland Raiders,Tampa Bay Buccaneers,49,16,Regular Season,1976
1976-11-29,Mon,San Francisco 49ers,Minnesota Vikings,20,16,Regular Season,1976
1976-12-04,Sat,St. Louis Cardinals,Baltimore Colts,24,17,Regular Season,1976
1976-12-04,Sat,Los Angeles Rams,Atlanta Falcons,59,0,Regular Season,1976
1976-12-05,Sun,Cleveland Browns,Houston Oilers,13,10,Regular Season,1976
1976-12-05,Sun,Dallas Cowboys,Philadelphia Eagles,26,7,Regular Season,1976
1976-12-05,Sun,New York Giants,Detroit Lions,24,10,Regular Season,1976
1976-12-05,Sun,New England Patriots,New Orleans Saints,27,6,Regular Season,1976
1976-12-05,Sun,Washington Redskins,New York Jets,37,16,Regular Season,1976
1976-12-05,Sun,Pittsburgh Steelers,Tampa Bay Buccaneers,42,0,Regular Season,1976
1976-12-05,Sun,Minnesota Vikings,Green Bay Packers,20,9,Regular Season,1976
1976-12-05,Sun,Miami Dolphins,Buffalo Bills,45,27,Regular Season,1976
1976-12-05,Sun,Chicago Bears,Seattle Seahawks,34,7,Regular Season,1976
1976-12-05,Sun,Denver Broncos,Kansas City Chiefs,17,16,Regular Season,1976
1976-12-05,Sun,San Diego Chargers,San Francisco 49ers,13,7,Regular Season,1976
1976-12-06,Mon,Oakland Raiders,Cincinnati Bengals,35,20,Regular Season,1976
1976-12-11,Sat,Minnesota Vikings,Miami Dolphins,29,7,Regular Season,1976
1976-12-11,Sat,Pittsburgh Steelers,Houston Oilers,21,0,Regular Season,1976
1976-12-11,Sat,Los Angeles Rams,Detroit Lions,20,17,Regular Season,1976
1976-12-12,Sun,Green Bay Packers,Atlanta Falcons,24,20,Regular Season,1976
1976-12-12,Sun,Cincinnati Bengals,New York Jets,42,3,Regular Season,1976
1976-12-12,Sun,St. Louis Cardinals,New York Giants,17,14,Regular Season,1976
1976-12-12,Sun,New England Patriots,Tampa Bay Buccaneers,31,14,Regular Season,1976
1976-12-12,Sun,Philadelphia Eagles,Seattle Seahawks,27,10,Regular Season,1976
1976-12-12,Sun,Baltimore Colts,Buffalo Bills,58,20,Regular Season,1976
1976-12-12,Sun,Denver Broncos,Chicago Bears,28,14,Regular Season,1976
1976-12-12,Sun,Kansas City Chiefs,Cleveland Browns,39,14,Regular Season,1976
1976-12-12,Sun,San Francisco 49ers,New Orleans Saints,27,7,Regular Season,1976
1976-12-12,Sun,Washington Redskins,Dallas Cowboys,27,14,Regular Season,1976
1976-12-12,Sun,Oakland Raiders,San Diego Chargers,24,0,Regular Season,1976
Playoffs,,,,,,Playoff,1976
1976-12-18,Sat,Minnesota Vikings,Washington Redskins,35,20,Playoff,1976
1976-12-18,Sat,Oakland Raiders,New England Patriots,24,21,Playoff,1976
1976-12-19,Sun,Pittsburgh Steelers,Baltimore Colts,40,14,Playoff,1976
1976-12-19,Sun,Los Angeles Rams,Dallas Cowboys,14,12,Playoff,1976
1976-12-26,Sun,Minnesota Vikings,Los Angeles Rams,24,13,Playoff,1976
1976-12-26,Sun,Oakland Raiders,Pittsburgh Steelers,24,7,Playoff,1976
1977-01-09,Sun,Oakland Raiders,Minnesota Vikings,32,14,Playoff,1976
