Date,DOW,WT,LT,WTS,LTS,Type,Season
1977-09-18,Sun,Atlanta Falcons,Los Angeles Rams,17,6,Regular Season,1977
1977-09-18,Sun,Miami Dolphins,Buffalo Bills,13,0,Regular Season,1977
1977-09-18,Sun,Cleveland Browns,Cincinnati Bengals,13,3,Regular Season,1977
1977-09-18,Sun,New England Patriots,Kansas City Chiefs,21,17,Regular Season,1977
1977-09-18,Sun,New York Giants,Washington Redskins,20,17,Regular Season,1977
1977-09-18,Sun,Philadelphia Eagles,Tampa Bay Buccaneers,13,3,Regular Season,1977
1977-09-18,Sun,Chicago Bears,Detroit Lions,30,20,Regular Season,1977
1977-09-18,Sun,Dallas Cowboys,Minnesota Vikings,16,10,Regular Season,1977
1977-09-18,Sun,Green Bay Packers,New Orleans Saints,24,20,Regular Season,1977
1977-09-18,Sun,Baltimore Colts,Seattle Seahawks,29,14,Regular Season,1977
1977-09-18,Sun,Denver Broncos,St. Louis Cardinals,7,0,Regular Season,1977
1977-09-18,Sun,Houston Oilers,New York Jets,20,0,Regular Season,1977
1977-09-18,Sun,Oakland Raiders,San Diego Chargers,24,0,Regular Season,1977
1977-09-19,Mon,Pittsburgh Steelers,San Francisco 49ers,27,0,Regular Season,1977
1977-09-24,Sat,Minnesota Vikings,Tampa Bay Buccaneers,9,3,Regular Season,1977
1977-09-25,Sun,Washington Redskins,Atlanta Falcons,10,6,Regular Season,1977
1977-09-25,Sun,Cincinnati Bengals,Seattle Seahawks,42,20,Regular Season,1977
1977-09-25,Sun,Baltimore Colts,New York Jets,20,12,Regular Season,1977
1977-09-25,Sun,Oakland Raiders,Pittsburgh Steelers,16,7,Regular Season,1977
1977-09-25,Sun,St. Louis Cardinals,Chicago Bears,16,13,Regular Season,1977
1977-09-25,Sun,Dallas Cowboys,New York Giants,41,21,Regular Season,1977
1977-09-25,Sun,Detroit Lions,New Orleans Saints,23,19,Regular Season,1977
1977-09-25,Sun,Houston Oilers,Green Bay Packers,16,10,Regular Season,1977
1977-09-25,Sun,San Diego Chargers,Kansas City Chiefs,23,7,Regular Season,1977
1977-09-25,Sun,Denver Broncos,Buffalo Bills,26,6,Regular Season,1977
1977-09-25,Sun,Miami Dolphins,San Francisco 49ers,19,15,Regular Season,1977
1977-09-25,Sun,Los Angeles Rams,Philadelphia Eagles,20,0,Regular Season,1977
1977-09-26,Mon,Cleveland Browns,New England Patriots,30,27,Regular Season,1977
1977-10-02,Sun,Atlanta Falcons,New York Giants,17,3,Regular Season,1977
1977-10-02,Sun,Pittsburgh Steelers,Cleveland Browns,28,14,Regular Season,1977
1977-10-02,Sun,Dallas Cowboys,Tampa Bay Buccaneers,23,7,Regular Season,1977
1977-10-02,Sun,New York Jets,New England Patriots,30,27,Regular Season,1977
1977-10-02,Sun,Baltimore Colts,Buffalo Bills,17,14,Regular Season,1977
1977-10-02,Sun,New Orleans Saints,Chicago Bears,42,24,Regular Season,1977
1977-10-02,Sun,Detroit Lions,Philadelphia Eagles,17,13,Regular Season,1977
1977-10-02,Sun,Minnesota Vikings,Green Bay Packers,19,7,Regular Season,1977
1977-10-02,Sun,San Diego Chargers,Cincinnati Bengals,24,3,Regular Season,1977
1977-10-02,Sun,Washington Redskins,St. Louis Cardinals,24,14,Regular Season,1977
1977-10-02,Sun,Denver Broncos,Seattle Seahawks,24,13,Regular Season,1977
1977-10-02,Sun,Miami Dolphins,Houston Oilers,27,7,Regular Season,1977
1977-10-02,Sun,Los Angeles Rams,San Francisco 49ers,34,14,Regular Season,1977
1977-10-03,Mon,Oakland Raiders,Kansas City Chiefs,37,28,Regular Season,1977
1977-10-09,Sun,New York Jets,Buffalo Bills,24,19,Regular Season,1977
1977-10-09,Sun,Oakland Raiders,Cleveland Browns,26,10,Regular Season,1977
1977-10-09,Sun,New England Patriots,Seattle Seahawks,31,0,Regular Season,1977
1977-10-09,Sun,Philadelphia Eagles,New York Giants,28,10,Regular Season,1977
1977-10-09,Sun,Cincinnati Bengals,Green Bay Packers,17,7,Regular Season,1977
1977-10-09,Sun,Baltimore Colts,Miami Dolphins,45,28,Regular Season,1977
1977-10-09,Sun,Dallas Cowboys,St. Louis Cardinals,30,24,Regular Season,1977
1977-10-09,Sun,Minnesota Vikings,Detroit Lions,14,7,Regular Season,1977
1977-10-09,Sun,San Diego Chargers,New Orleans Saints,14,0,Regular Season,1977
1977-10-09,Sun,Houston Oilers,Pittsburgh Steelers,27,10,Regular Season,1977
1977-10-09,Sun,Atlanta Falcons,San Francisco 49ers,7,0,Regular Season,1977
1977-10-09,Sun,Denver Broncos,Kansas City Chiefs,23,7,Regular Season,1977
1977-10-09,Sun,Washington Redskins,Tampa Bay Buccaneers,10,0,Regular Season,1977
1977-10-10,Mon,Chicago Bears,Los Angeles Rams,24,23,Regular Season,1977
1977-10-16,Sun,Buffalo Bills,Atlanta Falcons,3,0,Regular Season,1977
1977-10-16,Sun,Baltimore Colts,Kansas City Chiefs,17,6,Regular Season,1977
1977-10-16,Sun,St. Louis Cardinals,Philadelphia Eagles,21,17,Regular Season,1977
1977-10-16,Sun,New York Giants,San Francisco 49ers,20,17,Regular Season,1977
1977-10-16,Sun,Minnesota Vikings,Chicago Bears,22,16,Regular Season,1977
1977-10-16,Sun,Cleveland Browns,Houston Oilers,24,23,Regular Season,1977
1977-10-16,Sun,Detroit Lions,Green Bay Packers,10,6,Regular Season,1977
1977-10-16,Sun,Dallas Cowboys,Washington Redskins,34,16,Regular Season,1977
1977-10-16,Sun,Denver Broncos,Oakland Raiders,30,7,Regular Season,1977
1977-10-16,Sun,Miami Dolphins,New York Jets,21,17,Regular Season,1977
1977-10-16,Sun,Los Angeles Rams,New Orleans Saints,14,7,Regular Season,1977
1977-10-16,Sun,New England Patriots,San Diego Chargers,24,20,Regular Season,1977
1977-10-16,Sun,Seattle Seahawks,Tampa Bay Buccaneers,30,23,Regular Season,1977
1977-10-17,Mon,Pittsburgh Steelers,Cincinnati Bengals,20,14,Regular Season,1977
1977-10-23,Sun,Atlanta Falcons,Chicago Bears,16,10,Regular Season,1977
1977-10-23,Sun,Cleveland Browns,Buffalo Bills,27,16,Regular Season,1977
1977-10-23,Sun,Denver Broncos,Cincinnati Bengals,24,13,Regular Season,1977
1977-10-23,Sun,Dallas Cowboys,Philadelphia Eagles,16,10,Regular Season,1977
1977-10-23,Sun,Green Bay Packers,Tampa Bay Buccaneers,13,0,Regular Season,1977
1977-10-23,Sun,Miami Dolphins,Seattle Seahawks,31,13,Regular Season,1977
1977-10-23,Sun,New York Giants,Washington Redskins,17,6,Regular Season,1977
1977-10-23,Sun,Oakland Raiders,New York Jets,28,27,Regular Season,1977
1977-10-23,Sun,Pittsburgh Steelers,Houston Oilers,27,10,Regular Season,1977
1977-10-23,Sun,St. Louis Cardinals,New Orleans Saints,49,31,Regular Season,1977
1977-10-23,Sun,New England Patriots,Baltimore Colts,17,3,Regular Season,1977
1977-10-23,Sun,San Francisco 49ers,Detroit Lions,28,7,Regular Season,1977
1977-10-23,Sun,Kansas City Chiefs,San Diego Chargers,21,16,Regular Season,1977
1977-10-24,Mon,Los Angeles Rams,Minnesota Vikings,35,3,Regular Season,1977
1977-10-30,Sun,Minnesota Vikings,Atlanta Falcons,14,7,Regular Season,1977
1977-10-30,Sun,Cincinnati Bengals,Houston Oilers,13,10,Regular Season,1977
1977-10-30,Sun,Cleveland Browns,Kansas City Chiefs,44,7,Regular Season,1977
1977-10-30,Sun,San Diego Chargers,Miami Dolphins,14,13,Regular Season,1977
1977-10-30,Sun,New England Patriots,New York Jets,24,13,Regular Season,1977
1977-10-30,Sun,Washington Redskins,Philadelphia Eagles,23,17,Regular Season,1977
1977-10-30,Sun,Chicago Bears,Green Bay Packers,26,0,Regular Season,1977
1977-10-30,Sun,Dallas Cowboys,Detroit Lions,37,0,Regular Season,1977
1977-10-30,Sun,New Orleans Saints,Los Angeles Rams,27,26,Regular Season,1977
1977-10-30,Sun,Seattle Seahawks,Buffalo Bills,56,17,Regular Season,1977
1977-10-30,Sun,Baltimore Colts,Pittsburgh Steelers,31,21,Regular Season,1977
1977-10-30,Sun,Oakland Raiders,Denver Broncos,24,14,Regular Season,1977
1977-10-30,Sun,San Francisco 49ers,Tampa Bay Buccaneers,20,10,Regular Season,1977
1977-10-31,Mon,St. Louis Cardinals,New York Giants,28,0,Regular Season,1977
1977-11-06,Sun,San Francisco 49ers,Atlanta Falcons,10,3,Regular Season,1977
1977-11-06,Sun,Buffalo Bills,New England Patriots,24,14,Regular Season,1977
1977-11-06,Sun,Cincinnati Bengals,Cleveland Browns,10,7,Regular Season,1977
1977-11-06,Sun,Dallas Cowboys,New York Giants,24,10,Regular Season,1977
1977-11-06,Sun,Miami Dolphins,New York Jets,14,10,Regular Season,1977
1977-11-06,Sun,Philadelphia Eagles,New Orleans Saints,28,7,Regular Season,1977
1977-11-06,Sun,Houston Oilers,Chicago Bears,47,0,Regular Season,1977
1977-11-06,Sun,Kansas City Chiefs,Green Bay Packers,20,10,Regular Season,1977
1977-11-06,Sun,St. Louis Cardinals,Minnesota Vikings,27,7,Regular Season,1977
1977-11-06,Sun,Denver Broncos,Pittsburgh Steelers,21,7,Regular Season,1977
1977-11-06,Sun,Detroit Lions,San Diego Chargers,20,0,Regular Season,1977
1977-11-06,Sun,Oakland Raiders,Seattle Seahawks,44,7,Regular Season,1977
1977-11-06,Sun,Los Angeles Rams,Tampa Bay Buccaneers,31,0,Regular Season,1977
1977-11-07,Mon,Baltimore Colts,Washington Redskins,10,3,Regular Season,1977
1977-11-13,Sun,Atlanta Falcons,Detroit Lions,17,6,Regular Season,1977
1977-11-13,Sun,Baltimore Colts,Buffalo Bills,31,13,Regular Season,1977
1977-11-13,Sun,Pittsburgh Steelers,Cleveland Browns,35,31,Regular Season,1977
1977-11-13,Sun,Miami Dolphins,New England Patriots,17,5,Regular Season,1977
1977-11-13,Sun,New York Giants,Tampa Bay Buccaneers,10,0,Regular Season,1977
1977-11-13,Sun,Seattle Seahawks,New York Jets,17,0,Regular Season,1977
1977-11-13,Sun,Washington Redskins,Philadelphia Eagles,17,14,Regular Season,1977
1977-11-13,Sun,Chicago Bears,Kansas City Chiefs,28,27,Regular Season,1977
1977-11-13,Sun,Los Angeles Rams,Green Bay Packers,24,6,Regular Season,1977
1977-11-13,Sun,San Francisco 49ers,New Orleans Saints,10,7,Regular Season,1977
1977-11-13,Sun,Minnesota Vikings,Cincinnati Bengals,42,10,Regular Season,1977
1977-11-13,Sun,Denver Broncos,San Diego Chargers,17,14,Regular Season,1977
1977-11-13,Sun,Oakland Raiders,Houston Oilers,34,29,Regular Season,1977
1977-11-14,Mon,St. Louis Cardinals,Dallas Cowboys,24,17,Regular Season,1977
1977-11-20,Sun,New England Patriots,Buffalo Bills,20,7,Regular Season,1977
1977-11-20,Sun,Chicago Bears,Minnesota Vikings,10,7,Regular Season,1977
1977-11-20,Sun,Cincinnati Bengals,Miami Dolphins,23,17,Regular Season,1977
1977-11-20,Sun,Cleveland Browns,New York Giants,21,7,Regular Season,1977
1977-11-20,Sun,New Orleans Saints,Atlanta Falcons,21,20,Regular Season,1977
1977-11-20,Sun,Baltimore Colts,New York Jets,33,12,Regular Season,1977
1977-11-20,Sun,St. Louis Cardinals,Philadelphia Eagles,21,16,Regular Season,1977
1977-11-20,Sun,Denver Broncos,Kansas City Chiefs,14,7,Regular Season,1977
1977-11-20,Sun,Detroit Lions,Tampa Bay Buccaneers,16,7,Regular Season,1977
1977-11-20,Sun,Pittsburgh Steelers,Dallas Cowboys,28,13,Regular Season,1977
1977-11-20,Sun,Houston Oilers,Seattle Seahawks,22,10,Regular Season,1977
1977-11-20,Sun,San Diego Chargers,Oakland Raiders,12,7,Regular Season,1977
1977-11-20,Sun,Los Angeles Rams,San Francisco 49ers,23,10,Regular Season,1977
1977-11-21,Mon,Washington Redskins,Green Bay Packers,10,9,Regular Season,1977
1977-11-24,Thu,Chicago Bears,Detroit Lions,31,14,Regular Season,1977
1977-11-24,Thu,Miami Dolphins,St. Louis Cardinals,55,14,Regular Season,1977
1977-11-27,Sun,Atlanta Falcons,Tampa Bay Buccaneers,17,0,Regular Season,1977
1977-11-27,Sun,Cincinnati Bengals,New York Giants,30,13,Regular Season,1977
1977-11-27,Sun,Los Angeles Rams,Cleveland Browns,9,0,Regular Season,1977
1977-11-27,Sun,New England Patriots,Philadelphia Eagles,14,6,Regular Season,1977
1977-11-27,Sun,Pittsburgh Steelers,New York Jets,23,20,Regular Season,1977
1977-11-27,Sun,Minnesota Vikings,Green Bay Packers,13,6,Regular Season,1977
1977-11-27,Sun,Houston Oilers,Kansas City Chiefs,34,20,Regular Season,1977
1977-11-27,Sun,Denver Broncos,Baltimore Colts,27,13,Regular Season,1977
1977-11-27,Sun,Dallas Cowboys,Washington Redskins,14,7,Regular Season,1977
1977-11-27,Sun,San Francisco 49ers,New Orleans Saints,20,17,Regular Season,1977
1977-11-27,Sun,San Diego Chargers,Seattle Seahawks,30,28,Regular Season,1977
1977-11-28,Mon,Oakland Raiders,Buffalo Bills,34,13,Regular Season,1977
1977-12-04,Sun,New England Patriots,Atlanta Falcons,16,10,Regular Season,1977
1977-12-04,Sun,Washington Redskins,Buffalo Bills,10,0,Regular Season,1977
1977-12-04,Sun,Chicago Bears,Tampa Bay Buccaneers,10,0,Regular Season,1977
1977-12-04,Sun,New York Giants,St. Louis Cardinals,27,7,Regular Season,1977
1977-12-04,Sun,Denver Broncos,Houston Oilers,24,14,Regular Season,1977
1977-12-04,Sun,Pittsburgh Steelers,Seattle Seahawks,30,20,Regular Season,1977
1977-12-04,Sun,Cincinnati Bengals,Kansas City Chiefs,27,7,Regular Season,1977
1977-12-04,Sun,Dallas Cowboys,Philadelphia Eagles,24,14,Regular Season,1977
1977-12-04,Sun,Green Bay Packers,Detroit Lions,10,9,Regular Season,1977
1977-12-04,Sun,Minnesota Vikings,San Francisco 49ers,28,27,Regular Season,1977
1977-12-04,Sun,San Diego Chargers,Cleveland Browns,37,14,Regular Season,1977
1977-12-04,Sun,New York Jets,New Orleans Saints,16,13,Regular Season,1977
1977-12-04,Sun,Los Angeles Rams,Oakland Raiders,20,14,Regular Season,1977
1977-12-05,Mon,Miami Dolphins,Baltimore Colts,17,6,Regular Season,1977
1977-12-10,Sat,Cincinnati Bengals,Pittsburgh Steelers,17,10,Regular Season,1977
1977-12-10,Sat,Washington Redskins,St. Louis Cardinals,26,20,Regular Season,1977
1977-12-11,Sun,Buffalo Bills,New York Jets,14,10,Regular Season,1977
1977-12-11,Sun,Houston Oilers,Cleveland Browns,19,15,Regular Season,1977
1977-12-11,Sun,New England Patriots,Miami Dolphins,14,10,Regular Season,1977
1977-12-11,Sun,Philadelphia Eagles,New York Giants,17,14,Regular Season,1977
1977-12-11,Sun,Chicago Bears,Green Bay Packers,21,10,Regular Season,1977
1977-12-11,Sun,Detroit Lions,Baltimore Colts,13,10,Regular Season,1977
1977-12-11,Sun,Seattle Seahawks,Kansas City Chiefs,34,31,Regular Season,1977
1977-12-11,Sun,Tampa Bay Buccaneers,New Orleans Saints,33,14,Regular Season,1977
1977-12-11,Sun,Los Angeles Rams,Atlanta Falcons,23,7,Regular Season,1977
1977-12-11,Sun,Denver Broncos,San Diego Chargers,17,9,Regular Season,1977
1977-12-11,Sun,Oakland Raiders,Minnesota Vikings,35,13,Regular Season,1977
1977-12-12,Mon,Dallas Cowboys,San Francisco 49ers,42,35,Regular Season,1977
1977-12-17,Sat,Washington Redskins,Los Angeles Rams,17,14,Regular Season,1977
1977-12-17,Sat,Miami Dolphins,Buffalo Bills,31,14,Regular Season,1977
1977-12-17,Sat,Minnesota Vikings,Detroit Lions,30,21,Regular Season,1977
1977-12-18,Sun,Atlanta Falcons,New Orleans Saints,35,7,Regular Season,1977
1977-12-18,Sun,Chicago Bears,New York Giants,12,9,Regular Season,1977
1977-12-18,Sun,Tampa Bay Buccaneers,St. Louis Cardinals,17,7,Regular Season,1977
1977-12-18,Sun,Philadelphia Eagles,New York Jets,27,0,Regular Season,1977
1977-12-18,Sun,Houston Oilers,Cincinnati Bengals,21,16,Regular Season,1977
1977-12-18,Sun,Dallas Cowboys,Denver Broncos,14,6,Regular Season,1977
1977-12-18,Sun,Green Bay Packers,San Francisco 49ers,16,14,Regular Season,1977
1977-12-18,Sun,Seattle Seahawks,Cleveland Browns,20,19,Regular Season,1977
1977-12-18,Sun,Baltimore Colts,New England Patriots,30,24,Regular Season,1977
1977-12-18,Sun,Oakland Raiders,Kansas City Chiefs,21,20,Regular Season,1977
1977-12-18,Sun,Pittsburgh Steelers,San Diego Chargers,10,9,Regular Season,1977
Playoffs,,,,,,Playoff,1977
1977-12-24,Sat,Oakland Raiders,Baltimore Colts,37,31,Playoff,1977
1977-12-24,Sat,Denver Broncos,Pittsburgh Steelers,34,21,Playoff,1977
1977-12-26,Mon,Dallas Cowboys,Chicago Bears,37,7,Playoff,1977
1977-12-26,Mon,Minnesota Vikings,Los Angeles Rams,14,7,Playoff,1977
1978-01-01,Sun,Denver Broncos,Oakland Raiders,20,17,Playoff,1977
1978-01-01,Sun,Dallas Cowboys,Minnesota Vikings,23,6,Playoff,1977
1978-01-15,Sun,Dallas Cowboys,Denver Broncos,27,10,Playoff,1977
