Date,DOW,WT,LT,WTS,LTS,Type,Season
1978-09-02,Sat,New York Giants,Tampa Bay Buccaneers,19,13,Regular Season,1978
1978-09-03,Sun,Atlanta Falcons,Houston Oilers,20,14,Regular Season,1978
1978-09-03,Sun,Pittsburgh Steelers,Buffalo Bills,28,17,Regular Season,1978
1978-09-03,Sun,Kansas City Chiefs,Cincinnati Bengals,24,23,Regular Season,1978
1978-09-03,Sun,Cleveland Browns,San Francisco 49ers,24,7,Regular Season,1978
1978-09-03,Sun,Green Bay Packers,Detroit Lions,13,7,Regular Season,1978
1978-09-03,Sun,New York Jets,Miami Dolphins,33,20,Regular Season,1978
1978-09-03,Sun,New Orleans Saints,Minnesota Vikings,31,24,Regular Season,1978
1978-09-03,Sun,Washington Redskins,New England Patriots,16,14,Regular Season,1978
1978-09-03,Sun,Los Angeles Rams,Philadelphia Eagles,16,14,Regular Season,1978
1978-09-03,Sun,Chicago Bears,St. Louis Cardinals,17,10,Regular Season,1978
1978-09-03,Sun,Denver Broncos,Oakland Raiders,14,6,Regular Season,1978
1978-09-03,Sun,San Diego Chargers,Seattle Seahawks,24,20,Regular Season,1978
1978-09-04,Mon,Dallas Cowboys,Baltimore Colts,38,0,Regular Season,1978
1978-09-09,Sat,Detroit Lions,Tampa Bay Buccaneers,15,7,Regular Season,1978
1978-09-10,Sun,Dallas Cowboys,New York Giants,34,24,Regular Season,1978
1978-09-10,Sun,Green Bay Packers,New Orleans Saints,28,17,Regular Season,1978
1978-09-10,Sun,Washington Redskins,Philadelphia Eagles,35,30,Regular Season,1978
1978-09-10,Sun,Pittsburgh Steelers,Seattle Seahawks,21,10,Regular Season,1978
1978-09-10,Sun,Cleveland Browns,Cincinnati Bengals,13,10,Regular Season,1978
1978-09-10,Sun,New England Patriots,St. Louis Cardinals,16,6,Regular Season,1978
1978-09-10,Sun,Houston Oilers,Kansas City Chiefs,20,17,Regular Season,1978
1978-09-10,Sun,Los Angeles Rams,Atlanta Falcons,10,0,Regular Season,1978
1978-09-10,Sun,New York Jets,Buffalo Bills,21,20,Regular Season,1978
1978-09-10,Sun,Chicago Bears,San Francisco 49ers,16,13,Regular Season,1978
1978-09-10,Sun,Miami Dolphins,Baltimore Colts,42,0,Regular Season,1978
1978-09-10,Sun,Oakland Raiders,San Diego Chargers,21,20,Regular Season,1978
1978-09-11,Mon,Minnesota Vikings,Denver Broncos,12,9,Regular Season,1978
1978-09-17,Sun,Cleveland Browns,Atlanta Falcons,24,16,Regular Season,1978
1978-09-17,Sun,Chicago Bears,Detroit Lions,19,0,Regular Season,1978
1978-09-17,Sun,Pittsburgh Steelers,Cincinnati Bengals,28,3,Regular Season,1978
1978-09-17,Sun,New York Giants,Kansas City Chiefs,26,10,Regular Season,1978
1978-09-17,Sun,Seattle Seahawks,New York Jets,24,17,Regular Season,1978
1978-09-17,Sun,Washington Redskins,St. Louis Cardinals,28,10,Regular Season,1978
1978-09-17,Sun,Oakland Raiders,Green Bay Packers,28,3,Regular Season,1978
1978-09-17,Sun,Tampa Bay Buccaneers,Minnesota Vikings,16,10,Regular Season,1978
1978-09-17,Sun,Philadelphia Eagles,New Orleans Saints,24,17,Regular Season,1978
1978-09-17,Sun,Houston Oilers,San Francisco 49ers,20,19,Regular Season,1978
1978-09-17,Sun,Miami Dolphins,Buffalo Bills,31,24,Regular Season,1978
1978-09-17,Sun,Los Angeles Rams,Dallas Cowboys,27,14,Regular Season,1978
1978-09-17,Sun,Denver Broncos,San Diego Chargers,27,14,Regular Season,1978
1978-09-18,Mon,Baltimore Colts,New England Patriots,34,27,Regular Season,1978
1978-09-24,Sun,Buffalo Bills,Baltimore Colts,24,17,Regular Season,1978
1978-09-24,Sun,New Orleans Saints,Cincinnati Bengals,20,18,Regular Season,1978
1978-09-24,Sun,Pittsburgh Steelers,Cleveland Browns,15,9,Regular Season,1978
1978-09-24,Sun,Philadelphia Eagles,Miami Dolphins,17,3,Regular Season,1978
1978-09-24,Sun,Washington Redskins,New York Jets,23,3,Regular Season,1978
1978-09-24,Sun,Los Angeles Rams,Houston Oilers,10,6,Regular Season,1978
1978-09-24,Sun,Denver Broncos,Kansas City Chiefs,23,17,Regular Season,1978
1978-09-24,Sun,Tampa Bay Buccaneers,Atlanta Falcons,14,9,Regular Season,1978
1978-09-24,Sun,Dallas Cowboys,St. Louis Cardinals,21,12,Regular Season,1978
1978-09-24,Sun,Seattle Seahawks,Detroit Lions,28,16,Regular Season,1978
1978-09-24,Sun,Green Bay Packers,San Diego Chargers,24,3,Regular Season,1978
1978-09-24,Sun,New York Giants,San Francisco 49ers,27,10,Regular Season,1978
1978-09-24,Sun,New England Patriots,Oakland Raiders,21,14,Regular Season,1978
1978-09-25,Mon,Minnesota Vikings,Chicago Bears,24,20,Regular Season,1978
1978-10-01,Sun,Atlanta Falcons,New York Giants,23,20,Regular Season,1978
1978-10-01,Sun,Buffalo Bills,Kansas City Chiefs,28,13,Regular Season,1978
1978-10-01,Sun,Houston Oilers,Cleveland Browns,16,13,Regular Season,1978
1978-10-01,Sun,Miami Dolphins,St. Louis Cardinals,24,10,Regular Season,1978
1978-10-01,Sun,Minnesota Vikings,Tampa Bay Buccaneers,24,7,Regular Season,1978
1978-10-01,Sun,New England Patriots,San Diego Chargers,28,23,Regular Season,1978
1978-10-01,Sun,Pittsburgh Steelers,New York Jets,28,17,Regular Season,1978
1978-10-01,Sun,Philadelphia Eagles,Baltimore Colts,17,14,Regular Season,1978
1978-10-01,Sun,Green Bay Packers,Detroit Lions,35,14,Regular Season,1978
1978-10-01,Sun,Los Angeles Rams,New Orleans Saints,26,20,Regular Season,1978
1978-10-01,Sun,Oakland Raiders,Chicago Bears,25,19,Regular Season,1978
1978-10-01,Sun,San Francisco 49ers,Cincinnati Bengals,28,12,Regular Season,1978
1978-10-01,Sun,Denver Broncos,Seattle Seahawks,28,7,Regular Season,1978
1978-10-02,Mon,Washington Redskins,Dallas Cowboys,9,5,Regular Season,1978
1978-10-08,Sun,Pittsburgh Steelers,Atlanta Falcons,31,7,Regular Season,1978
1978-10-08,Sun,New York Jets,Buffalo Bills,45,14,Regular Season,1978
1978-10-08,Sun,Washington Redskins,Detroit Lions,21,19,Regular Season,1978
1978-10-08,Sun,New England Patriots,Philadelphia Eagles,24,14,Regular Season,1978
1978-10-08,Sun,Green Bay Packers,Chicago Bears,24,14,Regular Season,1978
1978-10-08,Sun,Cleveland Browns,New Orleans Saints,24,16,Regular Season,1978
1978-10-08,Sun,Baltimore Colts,St. Louis Cardinals,30,17,Regular Season,1978
1978-10-08,Sun,Dallas Cowboys,New York Giants,24,3,Regular Season,1978
1978-10-08,Sun,Tampa Bay Buccaneers,Kansas City Chiefs,30,13,Regular Season,1978
1978-10-08,Sun,San Diego Chargers,Denver Broncos,23,0,Regular Season,1978
1978-10-08,Sun,Seattle Seahawks,Minnesota Vikings,29,28,Regular Season,1978
1978-10-08,Sun,Oakland Raiders,Houston Oilers,21,17,Regular Season,1978
1978-10-08,Sun,Los Angeles Rams,San Francisco 49ers,27,10,Regular Season,1978
1978-10-09,Mon,Miami Dolphins,Cincinnati Bengals,21,0,Regular Season,1978
1978-10-15,Sun,Atlanta Falcons,Detroit Lions,14,0,Regular Season,1978
1978-10-15,Sun,New England Patriots,Cincinnati Bengals,10,3,Regular Season,1978
1978-10-15,Sun,Pittsburgh Steelers,Cleveland Browns,34,14,Regular Season,1978
1978-10-15,Sun,Green Bay Packers,Seattle Seahawks,45,28,Regular Season,1978
1978-10-15,Sun,New York Giants,Tampa Bay Buccaneers,17,14,Regular Season,1978
1978-10-15,Sun,Philadelphia Eagles,Washington Redskins,17,10,Regular Season,1978
1978-10-15,Sun,Houston Oilers,Buffalo Bills,17,10,Regular Season,1978
1978-10-15,Sun,New York Jets,Baltimore Colts,33,10,Regular Season,1978
1978-10-15,Sun,Dallas Cowboys,St. Louis Cardinals,24,21,Regular Season,1978
1978-10-15,Sun,Oakland Raiders,Kansas City Chiefs,28,6,Regular Season,1978
1978-10-15,Sun,Miami Dolphins,San Diego Chargers,28,21,Regular Season,1978
1978-10-15,Sun,Los Angeles Rams,Minnesota Vikings,34,17,Regular Season,1978
1978-10-15,Sun,New Orleans Saints,San Francisco 49ers,14,7,Regular Season,1978
1978-10-16,Mon,Denver Broncos,Chicago Bears,16,7,Regular Season,1978
1978-10-22,Sun,Buffalo Bills,Cincinnati Bengals,5,0,Regular Season,1978
1978-10-22,Sun,Tampa Bay Buccaneers,Chicago Bears,33,19,Regular Season,1978
1978-10-22,Sun,New York Jets,St. Louis Cardinals,23,10,Regular Season,1978
1978-10-22,Sun,New York Giants,Washington Redskins,17,6,Regular Season,1978
1978-10-22,Sun,Kansas City Chiefs,Cleveland Browns,17,3,Regular Season,1978
1978-10-22,Sun,Dallas Cowboys,Philadelphia Eagles,14,7,Regular Season,1978
1978-10-22,Sun,Detroit Lions,San Diego Chargers,31,14,Regular Season,1978
1978-10-22,Sun,Minnesota Vikings,Green Bay Packers,21,7,Regular Season,1978
1978-10-22,Sun,Atlanta Falcons,San Francisco 49ers,20,17,Regular Season,1978
1978-10-22,Sun,Baltimore Colts,Denver Broncos,7,6,Regular Season,1978
1978-10-22,Sun,New England Patriots,Miami Dolphins,33,24,Regular Season,1978
1978-10-22,Sun,New Orleans Saints,Los Angeles Rams,10,3,Regular Season,1978
1978-10-22,Sun,Seattle Seahawks,Oakland Raiders,27,7,Regular Season,1978
1978-10-23,Mon,Houston Oilers,Pittsburgh Steelers,24,17,Regular Season,1978
1978-10-26,Thu,Minnesota Vikings,Dallas Cowboys,21,10,Regular Season,1978
1978-10-29,Sun,Cleveland Browns,Buffalo Bills,41,20,Regular Season,1978
1978-10-29,Sun,Cincinnati Bengals,Houston Oilers,28,13,Regular Season,1978
1978-10-29,Sun,St. Louis Cardinals,Philadelphia Eagles,16,10,Regular Season,1978
1978-10-29,Sun,Pittsburgh Steelers,Kansas City Chiefs,27,24,Regular Season,1978
1978-10-29,Sun,New England Patriots,New York Jets,55,21,Regular Season,1978
1978-10-29,Sun,Washington Redskins,San Francisco 49ers,38,20,Regular Season,1978
1978-10-29,Sun,Detroit Lions,Chicago Bears,21,17,Regular Season,1978
1978-10-29,Sun,Green Bay Packers,Tampa Bay Buccaneers,9,7,Regular Season,1978
1978-10-29,Sun,New Orleans Saints,New York Giants,28,17,Regular Season,1978
1978-10-29,Sun,Miami Dolphins,Baltimore Colts,26,8,Regular Season,1978
1978-10-29,Sun,Denver Broncos,Seattle Seahawks,20,17,Regular Season,1978
1978-10-29,Sun,San Diego Chargers,Oakland Raiders,27,23,Regular Season,1978
1978-10-30,Mon,Atlanta Falcons,Los Angeles Rams,15,7,Regular Season,1978
1978-11-05,Sun,Atlanta Falcons,San Francisco 49ers,21,10,Regular Season,1978
1978-11-05,Sun,New England Patriots,Buffalo Bills,14,10,Regular Season,1978
1978-11-05,Sun,Seattle Seahawks,Chicago Bears,31,29,Regular Season,1978
1978-11-05,Sun,St. Louis Cardinals,New York Giants,20,10,Regular Season,1978
1978-11-05,Sun,Minnesota Vikings,Detroit Lions,17,7,Regular Season,1978
1978-11-05,Sun,Philadelphia Eagles,Green Bay Packers,10,3,Regular Season,1978
1978-11-05,Sun,Pittsburgh Steelers,New Orleans Saints,20,14,Regular Season,1978
1978-11-05,Sun,Houston Oilers,Cleveland Browns,14,10,Regular Season,1978
1978-11-05,Sun,Oakland Raiders,Kansas City Chiefs,20,10,Regular Season,1978
1978-11-05,Sun,San Diego Chargers,Cincinnati Bengals,22,13,Regular Season,1978
1978-11-05,Sun,Miami Dolphins,Dallas Cowboys,23,16,Regular Season,1978
1978-11-05,Sun,New York Jets,Denver Broncos,31,28,Regular Season,1978
1978-11-05,Sun,Los Angeles Rams,Tampa Bay Buccaneers,26,23,Regular Season,1978
1978-11-06,Mon,Baltimore Colts,Washington Redskins,21,17,Regular Season,1978
1978-11-12,Sun,Miami Dolphins,Buffalo Bills,25,24,Regular Season,1978
1978-11-12,Sun,Denver Broncos,Cleveland Browns,19,7,Regular Season,1978
1978-11-12,Sun,Houston Oilers,New England Patriots,26,23,Regular Season,1978
1978-11-12,Sun,Washington Redskins,New York Giants,16,13,Regular Season,1978
1978-11-12,Sun,Philadelphia Eagles,New York Jets,17,9,Regular Season,1978
1978-11-12,Sun,Atlanta Falcons,New Orleans Saints,20,17,Regular Season,1978
1978-11-12,Sun,Detroit Lions,Tampa Bay Buccaneers,34,23,Regular Season,1978
1978-11-12,Sun,Minnesota Vikings,Chicago Bears,17,14,Regular Season,1978
1978-11-12,Sun,Baltimore Colts,Seattle Seahawks,17,14,Regular Season,1978
1978-11-12,Sun,St. Louis Cardinals,San Francisco 49ers,16,10,Regular Season,1978
1978-11-12,Sun,Dallas Cowboys,Green Bay Packers,42,14,Regular Season,1978
1978-11-12,Sun,San Diego Chargers,Kansas City Chiefs,29,23,Regular Season,1978
1978-11-12,Sun,Los Angeles Rams,Pittsburgh Steelers,10,7,Regular Season,1978
1978-11-13,Mon,Oakland Raiders,Cincinnati Bengals,34,21,Regular Season,1978
1978-11-19,Sun,Tampa Bay Buccaneers,Buffalo Bills,31,10,Regular Season,1978
1978-11-19,Sun,St. Louis Cardinals,Washington Redskins,27,17,Regular Season,1978
1978-11-19,Sun,San Diego Chargers,Minnesota Vikings,13,7,Regular Season,1978
1978-11-19,Sun,New England Patriots,New York Jets,19,17,Regular Season,1978
1978-11-19,Sun,Philadelphia Eagles,New York Giants,19,17,Regular Season,1978
1978-11-19,Sun,Chicago Bears,Atlanta Falcons,13,7,Regular Season,1978
1978-11-19,Sun,Cleveland Browns,Baltimore Colts,45,24,Regular Season,1978
1978-11-19,Sun,Dallas Cowboys,New Orleans Saints,27,7,Regular Season,1978
1978-11-19,Sun,Seattle Seahawks,Kansas City Chiefs,13,10,Regular Season,1978
1978-11-19,Sun,Pittsburgh Steelers,Cincinnati Bengals,7,6,Regular Season,1978
1978-11-19,Sun,Denver Broncos,Green Bay Packers,16,3,Regular Season,1978
1978-11-19,Sun,Oakland Raiders,Detroit Lions,29,17,Regular Season,1978
1978-11-19,Sun,Los Angeles Rams,San Francisco 49ers,31,28,Regular Season,1978
1978-11-20,Mon,Houston Oilers,Miami Dolphins,35,30,Regular Season,1978
1978-11-23,Thu,Detroit Lions,Denver Broncos,17,14,Regular Season,1978
1978-11-23,Thu,Dallas Cowboys,Washington Redskins,37,10,Regular Season,1978
1978-11-26,Sun,Atlanta Falcons,New Orleans Saints,20,17,Regular Season,1978
1978-11-26,Sun,Buffalo Bills,New York Giants,41,17,Regular Season,1978
1978-11-26,Sun,Cleveland Browns,Los Angeles Rams,30,19,Regular Season,1978
1978-11-26,Sun,New York Jets,Miami Dolphins,24,13,Regular Season,1978
1978-11-26,Sun,Chicago Bears,Tampa Bay Buccaneers,14,3,Regular Season,1978
1978-11-26,Sun,Houston Oilers,Cincinnati Bengals,17,10,Regular Season,1978
1978-11-26,Sun,Philadelphia Eagles,St. Louis Cardinals,14,10,Regular Season,1978
1978-11-26,Sun,Minnesota Vikings,Green Bay Packers,10,10,Regular Season,1978
1978-11-26,Sun,Kansas City Chiefs,San Diego Chargers,23,0,Regular Season,1978
1978-11-26,Sun,New England Patriots,Baltimore Colts,35,14,Regular Season,1978
1978-11-26,Sun,Seattle Seahawks,Oakland Raiders,17,16,Regular Season,1978
1978-11-27,Mon,Pittsburgh Steelers,San Francisco 49ers,24,7,Regular Season,1978
1978-12-03,Sun,Cincinnati Bengals,Atlanta Falcons,37,7,Regular Season,1978
1978-12-03,Sun,New York Jets,Baltimore Colts,24,16,Regular Season,1978
1978-12-03,Sun,Green Bay Packers,Tampa Bay Buccaneers,17,7,Regular Season,1978
1978-12-03,Sun,Miami Dolphins,Washington Redskins,16,0,Regular Season,1978
1978-12-03,Sun,Los Angeles Rams,New York Giants,20,17,Regular Season,1978
1978-12-03,Sun,Kansas City Chiefs,Buffalo Bills,14,10,Regular Season,1978
1978-12-03,Sun,St. Louis Cardinals,Detroit Lions,21,14,Regular Season,1978
1978-12-03,Sun,Minnesota Vikings,Philadelphia Eagles,28,27,Regular Season,1978
1978-12-03,Sun,New Orleans Saints,San Francisco 49ers,24,13,Regular Season,1978
1978-12-03,Sun,Seattle Seahawks,Cleveland Browns,47,24,Regular Season,1978
1978-12-03,Sun,Dallas Cowboys,New England Patriots,17,10,Regular Season,1978
1978-12-03,Sun,Pittsburgh Steelers,Houston Oilers,13,3,Regular Season,1978
1978-12-03,Sun,Denver Broncos,Oakland Raiders,21,6,Regular Season,1978
1978-12-04,Mon,San Diego Chargers,Chicago Bears,40,7,Regular Season,1978
1978-12-09,Sat,Pittsburgh Steelers,Baltimore Colts,35,13,Regular Season,1978
1978-12-09,Sat,Detroit Lions,Minnesota Vikings,45,14,Regular Season,1978
1978-12-10,Sun,Atlanta Falcons,Washington Redskins,20,17,Regular Season,1978
1978-12-10,Sun,New England Patriots,Buffalo Bills,26,24,Regular Season,1978
1978-12-10,Sun,Cleveland Browns,New York Jets,37,34,Regular Season,1978
1978-12-10,Sun,New York Giants,St. Louis Cardinals,17,0,Regular Season,1978
1978-12-10,Sun,Dallas Cowboys,Philadelphia Eagles,31,13,Regular Season,1978
1978-12-10,Sun,Chicago Bears,Green Bay Packers,14,0,Regular Season,1978
1978-12-10,Sun,Houston Oilers,New Orleans Saints,17,12,Regular Season,1978
1978-12-10,Sun,Denver Broncos,Kansas City Chiefs,24,3,Regular Season,1978
1978-12-10,Sun,Miami Dolphins,Oakland Raiders,23,6,Regular Season,1978
1978-12-10,Sun,San Diego Chargers,Seattle Seahawks,37,10,Regular Season,1978
1978-12-10,Sun,San Francisco 49ers,Tampa Bay Buccaneers,6,3,Regular Season,1978
1978-12-11,Mon,Cincinnati Bengals,Los Angeles Rams,20,19,Regular Season,1978
1978-12-16,Sat,Chicago Bears,Washington Redskins,14,10,Regular Season,1978
1978-12-16,Sat,Pittsburgh Steelers,Denver Broncos,21,17,Regular Season,1978
1978-12-17,Sun,Cincinnati Bengals,Cleveland Browns,48,16,Regular Season,1978
1978-12-17,Sun,Dallas Cowboys,New York Jets,30,7,Regular Season,1978
1978-12-17,Sun,Detroit Lions,San Francisco 49ers,33,14,Regular Season,1978
1978-12-17,Sun,New Orleans Saints,Tampa Bay Buccaneers,17,10,Regular Season,1978
1978-12-17,Sun,Philadelphia Eagles,New York Giants,20,3,Regular Season,1978
1978-12-17,Sun,St. Louis Cardinals,Atlanta Falcons,42,21,Regular Season,1978
1978-12-17,Sun,Buffalo Bills,Baltimore Colts,21,14,Regular Season,1978
1978-12-17,Sun,Los Angeles Rams,Green Bay Packers,31,14,Regular Season,1978
1978-12-17,Sun,Seattle Seahawks,Kansas City Chiefs,23,19,Regular Season,1978
1978-12-17,Sun,Oakland Raiders,Minnesota Vikings,27,20,Regular Season,1978
1978-12-17,Sun,San Diego Chargers,Houston Oilers,45,24,Regular Season,1978
1978-12-18,Mon,Miami Dolphins,New England Patriots,23,3,Regular Season,1978
Playoffs,,,,,,Playoff,1978
1978-12-24,Sun,Atlanta Falcons,Philadelphia Eagles,14,13,Playoff,1978
1978-12-24,Sun,Houston Oilers,Miami Dolphins,17,9,Playoff,1978
1978-12-30,Sat,Pittsburgh Steelers,Denver Broncos,33,10,Playoff,1978
1978-12-30,Sat,Dallas Cowboys,Atlanta Falcons,27,20,Playoff,1978
1978-12-31,Sun,Houston Oilers,New England Patriots,31,14,Playoff,1978
1978-12-31,Sun,Los Angeles Rams,Minnesota Vikings,34,10,Playoff,1978
1979-01-07,Sun,Pittsburgh Steelers,Houston Oilers,34,5,Playoff,1978
1979-01-07,Sun,Dallas Cowboys,Los Angeles Rams,28,0,Playoff,1978
1979-01-21,Sun,Pittsburgh Steelers,Dallas Cowboys,35,31,Playoff,1978
