Date,DOW,WT,LT,WTS,LTS,Type,Season
1979-09-01,Sat,Tampa Bay Buccaneers,Detroit Lions,31,16,Regular Season,1979
1979-09-02,Sun,Miami Dolphins,Buffalo Bills,9,7,Regular Season,1979
1979-09-02,Sun,Minnesota Vikings,San Francisco 49ers,28,22,Regular Season,1979
1979-09-02,Sun,Philadelphia Eagles,New York Giants,23,17,Regular Season,1979
1979-09-02,Sun,Houston Oilers,Washington Redskins,29,27,Regular Season,1979
1979-09-02,Sun,Atlanta Falcons,New Orleans Saints,40,34,Regular Season,1979
1979-09-02,Sun,Chicago Bears,Green Bay Packers,6,3,Regular Season,1979
1979-09-02,Sun,Dallas Cowboys,St. Louis Cardinals,22,21,Regular Season,1979
1979-09-02,Sun,Denver Broncos,Cincinnati Bengals,10,0,Regular Season,1979
1979-09-02,Sun,Cleveland Browns,New York Jets,25,22,Regular Season,1979
1979-09-02,Sun,Kansas City Chiefs,Baltimore Colts,14,0,Regular Season,1979
1979-09-02,Sun,Oakland Raiders,Los Angeles Rams,24,17,Regular Season,1979
1979-09-02,Sun,San Diego Chargers,Seattle Seahawks,33,16,Regular Season,1979
1979-09-03,Mon,Pittsburgh Steelers,New England Patriots,16,13,Regular Season,1979
1979-09-06,Thu,Los Angeles Rams,Denver Broncos,13,9,Regular Season,1979
1979-09-09,Sun,Buffalo Bills,Cincinnati Bengals,51,24,Regular Season,1979
1979-09-09,Sun,Chicago Bears,Minnesota Vikings,26,7,Regular Season,1979
1979-09-09,Sun,St. Louis Cardinals,New York Giants,27,14,Regular Season,1979
1979-09-09,Sun,Green Bay Packers,New Orleans Saints,28,19,Regular Season,1979
1979-09-09,Sun,Pittsburgh Steelers,Houston Oilers,38,7,Regular Season,1979
1979-09-09,Sun,Tampa Bay Buccaneers,Baltimore Colts,29,26,Regular Season,1979
1979-09-09,Sun,Washington Redskins,Detroit Lions,27,24,Regular Season,1979
1979-09-09,Sun,Cleveland Browns,Kansas City Chiefs,27,24,Regular Season,1979
1979-09-09,Sun,Dallas Cowboys,San Francisco 49ers,21,13,Regular Season,1979
1979-09-09,Sun,Miami Dolphins,Seattle Seahawks,19,10,Regular Season,1979
1979-09-09,Sun,New England Patriots,New York Jets,56,3,Regular Season,1979
1979-09-09,Sun,San Diego Chargers,Oakland Raiders,30,10,Regular Season,1979
1979-09-10,Mon,Atlanta Falcons,Philadelphia Eagles,14,10,Regular Season,1979
1979-09-16,Sun,Denver Broncos,Atlanta Falcons,20,17,Regular Season,1979
1979-09-16,Sun,New England Patriots,Cincinnati Bengals,20,14,Regular Season,1979
1979-09-16,Sun,Cleveland Browns,Baltimore Colts,13,10,Regular Season,1979
1979-09-16,Sun,New York Jets,Detroit Lions,31,10,Regular Season,1979
1979-09-16,Sun,Philadelphia Eagles,New Orleans Saints,26,14,Regular Season,1979
1979-09-16,Sun,Tampa Bay Buccaneers,Green Bay Packers,21,10,Regular Season,1979
1979-09-16,Sun,Houston Oilers,Kansas City Chiefs,20,6,Regular Season,1979
1979-09-16,Sun,Miami Dolphins,Minnesota Vikings,27,12,Regular Season,1979
1979-09-16,Sun,San Diego Chargers,Buffalo Bills,27,19,Regular Season,1979
1979-09-16,Sun,Dallas Cowboys,Chicago Bears,24,20,Regular Season,1979
1979-09-16,Sun,Pittsburgh Steelers,St. Louis Cardinals,24,21,Regular Season,1979
1979-09-16,Sun,Seattle Seahawks,Oakland Raiders,27,10,Regular Season,1979
1979-09-16,Sun,Los Angeles Rams,San Francisco 49ers,27,24,Regular Season,1979
1979-09-17,Mon,Washington Redskins,New York Giants,27,0,Regular Season,1979
1979-09-23,Sun,Detroit Lions,Atlanta Falcons,24,23,Regular Season,1979
1979-09-23,Sun,Buffalo Bills,New York Jets,46,31,Regular Season,1979
1979-09-23,Sun,Houston Oilers,Cincinnati Bengals,30,27,Regular Season,1979
1979-09-23,Sun,Pittsburgh Steelers,Baltimore Colts,17,13,Regular Season,1979
1979-09-23,Sun,Minnesota Vikings,Green Bay Packers,27,21,Regular Season,1979
1979-09-23,Sun,New England Patriots,San Diego Chargers,27,21,Regular Season,1979
1979-09-23,Sun,Washington Redskins,St. Louis Cardinals,17,7,Regular Season,1979
1979-09-23,Sun,Kansas City Chiefs,Oakland Raiders,35,7,Regular Season,1979
1979-09-23,Sun,Miami Dolphins,Chicago Bears,31,16,Regular Season,1979
1979-09-23,Sun,Denver Broncos,Seattle Seahawks,37,34,Regular Season,1979
1979-09-23,Sun,New Orleans Saints,San Francisco 49ers,30,21,Regular Season,1979
1979-09-23,Sun,Philadelphia Eagles,New York Giants,17,13,Regular Season,1979
1979-09-23,Sun,Tampa Bay Buccaneers,Los Angeles Rams,21,6,Regular Season,1979
1979-09-24,Mon,Cleveland Browns,Dallas Cowboys,26,7,Regular Season,1979
1979-09-30,Sun,Washington Redskins,Atlanta Falcons,16,7,Regular Season,1979
1979-09-30,Sun,Minnesota Vikings,Detroit Lions,13,10,Regular Season,1979
1979-09-30,Sun,New York Jets,Miami Dolphins,33,27,Regular Season,1979
1979-09-30,Sun,New Orleans Saints,New York Giants,24,14,Regular Season,1979
1979-09-30,Sun,Philadelphia Eagles,Pittsburgh Steelers,17,14,Regular Season,1979
1979-09-30,Sun,Buffalo Bills,Baltimore Colts,31,13,Regular Season,1979
1979-09-30,Sun,Tampa Bay Buccaneers,Chicago Bears,17,13,Regular Season,1979
1979-09-30,Sun,Houston Oilers,Cleveland Browns,31,10,Regular Season,1979
1979-09-30,Sun,Dallas Cowboys,Cincinnati Bengals,38,13,Regular Season,1979
1979-09-30,Sun,Los Angeles Rams,St. Louis Cardinals,21,0,Regular Season,1979
1979-09-30,Sun,Oakland Raiders,Denver Broncos,27,3,Regular Season,1979
1979-09-30,Sun,Kansas City Chiefs,Seattle Seahawks,24,6,Regular Season,1979
1979-09-30,Sun,San Diego Chargers,San Francisco 49ers,31,9,Regular Season,1979
1979-10-01,Mon,Green Bay Packers,New England Patriots,27,14,Regular Season,1979
1979-10-07,Sun,Atlanta Falcons,Green Bay Packers,25,7,Regular Season,1979
1979-10-07,Sun,Chicago Bears,Buffalo Bills,7,0,Regular Season,1979
1979-10-07,Sun,Kansas City Chiefs,Cincinnati Bengals,10,7,Regular Season,1979
1979-10-07,Sun,New England Patriots,Detroit Lions,24,17,Regular Season,1979
1979-10-07,Sun,New York Giants,Tampa Bay Buccaneers,17,14,Regular Season,1979
1979-10-07,Sun,Philadelphia Eagles,Washington Redskins,28,17,Regular Season,1979
1979-10-07,Sun,St. Louis Cardinals,Houston Oilers,24,17,Regular Season,1979
1979-10-07,Sun,Pittsburgh Steelers,Cleveland Browns,51,35,Regular Season,1979
1979-10-07,Sun,Baltimore Colts,New York Jets,10,8,Regular Season,1979
1979-10-07,Sun,Dallas Cowboys,Minnesota Vikings,36,20,Regular Season,1979
1979-10-07,Sun,Denver Broncos,San Diego Chargers,7,0,Regular Season,1979
1979-10-07,Sun,Los Angeles Rams,New Orleans Saints,35,17,Regular Season,1979
1979-10-07,Sun,Seattle Seahawks,San Francisco 49ers,35,24,Regular Season,1979
1979-10-08,Mon,Oakland Raiders,Miami Dolphins,13,3,Regular Season,1979
1979-10-14,Sun,Miami Dolphins,Buffalo Bills,17,7,Regular Season,1979
1979-10-14,Sun,Cincinnati Bengals,Pittsburgh Steelers,34,10,Regular Season,1979
1979-10-14,Sun,Washington Redskins,Cleveland Browns,13,9,Regular Season,1979
1979-10-14,Sun,Philadelphia Eagles,St. Louis Cardinals,24,20,Regular Season,1979
1979-10-14,Sun,New Orleans Saints,Tampa Bay Buccaneers,42,14,Regular Season,1979
1979-10-14,Sun,New York Giants,San Francisco 49ers,32,16,Regular Season,1979
1979-10-14,Sun,New England Patriots,Chicago Bears,27,7,Regular Season,1979
1979-10-14,Sun,Houston Oilers,Baltimore Colts,28,16,Regular Season,1979
1979-10-14,Sun,Oakland Raiders,Atlanta Falcons,50,19,Regular Season,1979
1979-10-14,Sun,Denver Broncos,Kansas City Chiefs,24,10,Regular Season,1979
1979-10-14,Sun,Green Bay Packers,Detroit Lions,24,16,Regular Season,1979
1979-10-14,Sun,San Diego Chargers,Seattle Seahawks,20,10,Regular Season,1979
1979-10-14,Sun,Dallas Cowboys,Los Angeles Rams,30,6,Regular Season,1979
1979-10-15,Mon,New York Jets,Minnesota Vikings,14,7,Regular Season,1979
1979-10-21,Sun,Baltimore Colts,Buffalo Bills,14,13,Regular Season,1979
1979-10-21,Sun,Cleveland Browns,Cincinnati Bengals,28,27,Regular Season,1979
1979-10-21,Sun,Tampa Bay Buccaneers,Green Bay Packers,21,3,Regular Season,1979
1979-10-21,Sun,New England Patriots,Miami Dolphins,28,13,Regular Season,1979
1979-10-21,Sun,New York Jets,Oakland Raiders,28,19,Regular Season,1979
1979-10-21,Sun,Washington Redskins,Philadelphia Eagles,17,7,Regular Season,1979
1979-10-21,Sun,Minnesota Vikings,Chicago Bears,30,27,Regular Season,1979
1979-10-21,Sun,Dallas Cowboys,St. Louis Cardinals,22,13,Regular Season,1979
1979-10-21,Sun,New Orleans Saints,Detroit Lions,17,7,Regular Season,1979
1979-10-21,Sun,San Francisco 49ers,Atlanta Falcons,20,15,Regular Season,1979
1979-10-21,Sun,New York Giants,Kansas City Chiefs,21,17,Regular Season,1979
1979-10-21,Sun,Seattle Seahawks,Houston Oilers,34,14,Regular Season,1979
1979-10-21,Sun,San Diego Chargers,Los Angeles Rams,40,16,Regular Season,1979
1979-10-22,Mon,Pittsburgh Steelers,Denver Broncos,42,7,Regular Season,1979
1979-10-25,Thu,Oakland Raiders,San Diego Chargers,45,22,Regular Season,1979
1979-10-28,Sun,Buffalo Bills,Detroit Lions,20,17,Regular Season,1979
1979-10-28,Sun,Pittsburgh Steelers,Dallas Cowboys,14,3,Regular Season,1979
1979-10-28,Sun,New Orleans Saints,Washington Redskins,14,10,Regular Season,1979
1979-10-28,Sun,Houston Oilers,New York Jets,27,24,Regular Season,1979
1979-10-28,Sun,Cleveland Browns,St. Louis Cardinals,38,20,Regular Season,1979
1979-10-28,Sun,Baltimore Colts,New England Patriots,31,26,Regular Season,1979
1979-10-28,Sun,Tampa Bay Buccaneers,Minnesota Vikings,12,10,Regular Season,1979
1979-10-28,Sun,Chicago Bears,San Francisco 49ers,28,27,Regular Season,1979
1979-10-28,Sun,Cincinnati Bengals,Philadelphia Eagles,37,13,Regular Season,1979
1979-10-28,Sun,Denver Broncos,Kansas City Chiefs,20,3,Regular Season,1979
1979-10-28,Sun,Miami Dolphins,Green Bay Packers,27,7,Regular Season,1979
1979-10-28,Sun,New York Giants,Los Angeles Rams,20,14,Regular Season,1979
1979-10-29,Mon,Seattle Seahawks,Atlanta Falcons,31,28,Regular Season,1979
1979-11-04,Sun,Atlanta Falcons,Tampa Bay Buccaneers,17,14,Regular Season,1979
1979-11-04,Sun,New England Patriots,Buffalo Bills,26,6,Regular Season,1979
1979-11-04,Sun,Cleveland Browns,Philadelphia Eagles,24,19,Regular Season,1979
1979-11-04,Sun,Dallas Cowboys,New York Giants,16,14,Regular Season,1979
1979-11-04,Sun,Pittsburgh Steelers,Washington Redskins,38,7,Regular Season,1979
1979-11-04,Sun,Baltimore Colts,Cincinnati Bengals,38,28,Regular Season,1979
1979-11-04,Sun,St. Louis Cardinals,Minnesota Vikings,37,7,Regular Season,1979
1979-11-04,Sun,San Diego Chargers,Kansas City Chiefs,20,14,Regular Season,1979
1979-11-04,Sun,Chicago Bears,Detroit Lions,35,7,Regular Season,1979
1979-11-04,Sun,Denver Broncos,New Orleans Saints,10,3,Regular Season,1979
1979-11-04,Sun,New York Jets,Green Bay Packers,27,22,Regular Season,1979
1979-11-04,Sun,Oakland Raiders,San Francisco 49ers,23,10,Regular Season,1979
1979-11-04,Sun,Los Angeles Rams,Seattle Seahawks,24,0,Regular Season,1979
1979-11-05,Mon,Houston Oilers,Miami Dolphins,9,6,Regular Season,1979
1979-11-11,Sun,Buffalo Bills,New York Jets,14,12,Regular Season,1979
1979-11-11,Sun,San Diego Chargers,Cincinnati Bengals,26,24,Regular Season,1979
1979-11-11,Sun,Seattle Seahawks,Cleveland Browns,29,24,Regular Season,1979
1979-11-11,Sun,Miami Dolphins,Baltimore Colts,19,0,Regular Season,1979
1979-11-11,Sun,Washington Redskins,St. Louis Cardinals,30,28,Regular Season,1979
1979-11-11,Sun,Tampa Bay Buccaneers,Detroit Lions,16,14,Regular Season,1979
1979-11-11,Sun,Pittsburgh Steelers,Kansas City Chiefs,30,3,Regular Season,1979
1979-11-11,Sun,Houston Oilers,Oakland Raiders,31,17,Regular Season,1979
1979-11-11,Sun,Chicago Bears,Los Angeles Rams,27,23,Regular Season,1979
1979-11-11,Sun,Green Bay Packers,Minnesota Vikings,19,7,Regular Season,1979
1979-11-11,Sun,New Orleans Saints,San Francisco 49ers,31,20,Regular Season,1979
1979-11-11,Sun,New York Giants,Atlanta Falcons,24,3,Regular Season,1979
1979-11-11,Sun,Denver Broncos,New England Patriots,45,10,Regular Season,1979
1979-11-12,Mon,Philadelphia Eagles,Dallas Cowboys,31,21,Regular Season,1979
1979-11-18,Sun,Buffalo Bills,Green Bay Packers,19,12,Regular Season,1979
1979-11-18,Sun,Chicago Bears,New York Jets,23,13,Regular Season,1979
1979-11-18,Sun,Cleveland Browns,Miami Dolphins,30,24,Regular Season,1979
1979-11-18,Sun,New England Patriots,Baltimore Colts,50,21,Regular Season,1979
1979-11-18,Sun,Philadelphia Eagles,St. Louis Cardinals,16,13,Regular Season,1979
1979-11-18,Sun,Washington Redskins,Dallas Cowboys,34,20,Regular Season,1979
1979-11-18,Sun,Minnesota Vikings,Detroit Lions,14,7,Regular Season,1979
1979-11-18,Sun,Houston Oilers,Cincinnati Bengals,42,21,Regular Season,1979
1979-11-18,Sun,Denver Broncos,San Francisco 49ers,38,28,Regular Season,1979
1979-11-18,Sun,Kansas City Chiefs,Oakland Raiders,24,21,Regular Season,1979
1979-11-18,Sun,Seattle Seahawks,New Orleans Saints,38,24,Regular Season,1979
1979-11-18,Sun,Tampa Bay Buccaneers,New York Giants,31,3,Regular Season,1979
1979-11-18,Sun,San Diego Chargers,Pittsburgh Steelers,35,7,Regular Season,1979
1979-11-19,Mon,Los Angeles Rams,Atlanta Falcons,20,14,Regular Season,1979
1979-11-22,Thu,Detroit Lions,Chicago Bears,20,0,Regular Season,1979
1979-11-22,Thu,Houston Oilers,Dallas Cowboys,30,24,Regular Season,1979
1979-11-25,Sun,New Orleans Saints,Atlanta Falcons,37,6,Regular Season,1979
1979-11-25,Sun,Buffalo Bills,New England Patriots,16,13,Regular Season,1979
1979-11-25,Sun,Cincinnati Bengals,St. Louis Cardinals,34,28,Regular Season,1979
1979-11-25,Sun,Pittsburgh Steelers,Cleveland Browns,33,30,Regular Season,1979
1979-11-25,Sun,Minnesota Vikings,Tampa Bay Buccaneers,23,22,Regular Season,1979
1979-11-25,Sun,New York Giants,Washington Redskins,14,6,Regular Season,1979
1979-11-25,Sun,Philadelphia Eagles,Green Bay Packers,21,10,Regular Season,1979
1979-11-25,Sun,Miami Dolphins,Baltimore Colts,28,24,Regular Season,1979
1979-11-25,Sun,Oakland Raiders,Denver Broncos,14,10,Regular Season,1979
1979-11-25,Sun,San Diego Chargers,Kansas City Chiefs,28,7,Regular Season,1979
1979-11-25,Sun,Los Angeles Rams,San Francisco 49ers,26,20,Regular Season,1979
1979-11-26,Mon,Seattle Seahawks,New York Jets,30,7,Regular Season,1979
1979-11-29,Thu,Miami Dolphins,New England Patriots,39,24,Regular Season,1979
1979-12-02,Sun,Denver Broncos,Buffalo Bills,19,16,Regular Season,1979
1979-12-02,Sun,Chicago Bears,Tampa Bay Buccaneers,14,0,Regular Season,1979
1979-12-02,Sun,Pittsburgh Steelers,Cincinnati Bengals,37,17,Regular Season,1979
1979-12-02,Sun,Cleveland Browns,Houston Oilers,14,7,Regular Season,1979
1979-12-02,Sun,New York Jets,Baltimore Colts,30,17,Regular Season,1979
1979-12-02,Sun,Philadelphia Eagles,Detroit Lions,44,7,Regular Season,1979
1979-12-02,Sun,Washington Redskins,Green Bay Packers,38,21,Regular Season,1979
1979-12-02,Sun,St. Louis Cardinals,San Francisco 49ers,13,10,Regular Season,1979
1979-12-02,Sun,Kansas City Chiefs,Seattle Seahawks,37,21,Regular Season,1979
1979-12-02,Sun,Atlanta Falcons,San Diego Chargers,28,26,Regular Season,1979
1979-12-02,Sun,Dallas Cowboys,New York Giants,28,7,Regular Season,1979
1979-12-02,Sun,Los Angeles Rams,Minnesota Vikings,27,21,Regular Season,1979
1979-12-03,Mon,Oakland Raiders,New Orleans Saints,42,35,Regular Season,1979
1979-12-08,Sat,Dallas Cowboys,Philadelphia Eagles,24,17,Regular Season,1979
1979-12-08,Sat,Seattle Seahawks,Denver Broncos,28,23,Regular Season,1979
1979-12-09,Sun,Los Angeles Rams,Atlanta Falcons,34,13,Regular Season,1979
1979-12-09,Sun,Chicago Bears,Green Bay Packers,15,14,Regular Season,1979
1979-12-09,Sun,Washington Redskins,Cincinnati Bengals,28,14,Regular Season,1979
1979-12-09,Sun,St. Louis Cardinals,New York Giants,29,20,Regular Season,1979
1979-12-09,Sun,Miami Dolphins,Detroit Lions,28,10,Regular Season,1979
1979-12-09,Sun,Minnesota Vikings,Buffalo Bills,10,3,Regular Season,1979
1979-12-09,Sun,Kansas City Chiefs,Baltimore Colts,10,7,Regular Season,1979
1979-12-09,Sun,Oakland Raiders,Cleveland Browns,19,14,Regular Season,1979
1979-12-09,Sun,San Diego Chargers,New Orleans Saints,35,0,Regular Season,1979
1979-12-09,Sun,New York Jets,New England Patriots,27,26,Regular Season,1979
1979-12-09,Sun,San Francisco 49ers,Tampa Bay Buccaneers,23,7,Regular Season,1979
1979-12-10,Mon,Houston Oilers,Pittsburgh Steelers,20,17,Regular Season,1979
1979-12-15,Sat,New York Jets,Miami Dolphins,27,24,Regular Season,1979
1979-12-15,Sat,Green Bay Packers,Detroit Lions,18,13,Regular Season,1979
1979-12-16,Sun,Atlanta Falcons,San Francisco 49ers,31,21,Regular Season,1979
1979-12-16,Sun,Pittsburgh Steelers,Buffalo Bills,28,0,Regular Season,1979
1979-12-16,Sun,Cincinnati Bengals,Cleveland Browns,16,12,Regular Season,1979
1979-12-16,Sun,Baltimore Colts,New York Giants,31,7,Regular Season,1979
1979-12-16,Sun,Tampa Bay Buccaneers,Kansas City Chiefs,3,0,Regular Season,1979
1979-12-16,Sun,New England Patriots,Minnesota Vikings,27,23,Regular Season,1979
1979-12-16,Sun,Chicago Bears,St. Louis Cardinals,42,6,Regular Season,1979
1979-12-16,Sun,Dallas Cowboys,Washington Redskins,35,34,Regular Season,1979
1979-12-16,Sun,New Orleans Saints,Los Angeles Rams,29,14,Regular Season,1979
1979-12-16,Sun,Philadelphia Eagles,Houston Oilers,26,20,Regular Season,1979
1979-12-16,Sun,Seattle Seahawks,Oakland Raiders,29,24,Regular Season,1979
1979-12-17,Mon,San Diego Chargers,Denver Broncos,17,7,Regular Season,1979
Playoffs,,,,,,Playoff,1979
1979-12-23,Sun,Philadelphia Eagles,Chicago Bears,27,17,Playoff,1979
1979-12-23,Sun,Houston Oilers,Denver Broncos,13,7,Playoff,1979
1979-12-29,Sat,Tampa Bay Buccaneers,Philadelphia Eagles,24,17,Playoff,1979
1979-12-29,Sat,Houston Oilers,San Diego Chargers,17,14,Playoff,1979
1979-12-30,Sun,Pittsburgh Steelers,Miami Dolphins,34,14,Playoff,1979
1979-12-30,Sun,Los Angeles Rams,Dallas Cowboys,21,19,Playoff,1979
1980-01-06,Sun,Pittsburgh Steelers,Houston Oilers,27,13,Playoff,1979
1980-01-06,Sun,Los Angeles Rams,Tampa Bay Buccaneers,9,0,Playoff,1979
1980-01-20,Sun,Pittsburgh Steelers,Los Angeles Rams,31,19,Playoff,1979
