Date,DOW,WT,LT,WTS,LTS,Type,Season
1980-09-07,Sun,Minnesota Vikings,Atlanta Falcons,24,23,Regular Season,1980
1980-09-07,Sun,Buffalo Bills,Miami Dolphins,17,7,Regular Season,1980
1980-09-07,Sun,Green Bay Packers,Chicago Bears,12,6,Regular Season,1980
1980-09-07,Sun,Tampa Bay Buccaneers,Cincinnati Bengals,17,12,Regular Season,1980
1980-09-07,Sun,New England Patriots,Cleveland Browns,34,17,Regular Season,1980
1980-09-07,Sun,New York Giants,St. Louis Cardinals,41,35,Regular Season,1980
1980-09-07,Sun,San Francisco 49ers,New Orleans Saints,26,23,Regular Season,1980
1980-09-07,Sun,Pittsburgh Steelers,Houston Oilers,31,17,Regular Season,1980
1980-09-07,Sun,Baltimore Colts,New York Jets,17,14,Regular Season,1980
1980-09-07,Sun,Philadelphia Eagles,Denver Broncos,27,6,Regular Season,1980
1980-09-07,Sun,Detroit Lions,Los Angeles Rams,41,20,Regular Season,1980
1980-09-07,Sun,Oakland Raiders,Kansas City Chiefs,27,14,Regular Season,1980
1980-09-07,Sun,San Diego Chargers,Seattle Seahawks,34,13,Regular Season,1980
1980-09-08,Mon,Dallas Cowboys,Washington Redskins,17,3,Regular Season,1980
1980-09-11,Thu,Tampa Bay Buccaneers,Los Angeles Rams,10,9,Regular Season,1980
1980-09-14,Sun,Atlanta Falcons,New England Patriots,37,21,Regular Season,1980
1980-09-14,Sun,Buffalo Bills,New York Jets,20,10,Regular Season,1980
1980-09-14,Sun,Philadelphia Eagles,Minnesota Vikings,42,7,Regular Season,1980
1980-09-14,Sun,Chicago Bears,New Orleans Saints,22,3,Regular Season,1980
1980-09-14,Sun,Pittsburgh Steelers,Baltimore Colts,20,17,Regular Season,1980
1980-09-14,Sun,Detroit Lions,Green Bay Packers,29,7,Regular Season,1980
1980-09-14,Sun,Seattle Seahawks,Kansas City Chiefs,17,16,Regular Season,1980
1980-09-14,Sun,Miami Dolphins,Cincinnati Bengals,17,16,Regular Season,1980
1980-09-14,Sun,San Francisco 49ers,St. Louis Cardinals,24,21,Regular Season,1980
1980-09-14,Sun,Denver Broncos,Dallas Cowboys,41,20,Regular Season,1980
1980-09-14,Sun,Washington Redskins,New York Giants,23,21,Regular Season,1980
1980-09-14,Sun,San Diego Chargers,Oakland Raiders,30,24,Regular Season,1980
1980-09-15,Mon,Houston Oilers,Cleveland Browns,16,7,Regular Season,1980
1980-09-21,Sun,Miami Dolphins,Atlanta Falcons,20,17,Regular Season,1980
1980-09-21,Sun,Minnesota Vikings,Chicago Bears,34,14,Regular Season,1980
1980-09-21,Sun,Cincinnati Bengals,Pittsburgh Steelers,30,28,Regular Season,1980
1980-09-21,Sun,Cleveland Browns,Kansas City Chiefs,20,13,Regular Season,1980
1980-09-21,Sun,Detroit Lions,St. Louis Cardinals,20,7,Regular Season,1980
1980-09-21,Sun,San Francisco 49ers,New York Jets,37,27,Regular Season,1980
1980-09-21,Sun,Buffalo Bills,New Orleans Saints,35,26,Regular Season,1980
1980-09-21,Sun,Houston Oilers,Baltimore Colts,21,16,Regular Season,1980
1980-09-21,Sun,Dallas Cowboys,Tampa Bay Buccaneers,28,17,Regular Season,1980
1980-09-21,Sun,San Diego Chargers,Denver Broncos,30,13,Regular Season,1980
1980-09-21,Sun,Los Angeles Rams,Green Bay Packers,51,21,Regular Season,1980
1980-09-21,Sun,New England Patriots,Seattle Seahawks,37,31,Regular Season,1980
1980-09-21,Sun,Oakland Raiders,Washington Redskins,24,21,Regular Season,1980
1980-09-22,Mon,Philadelphia Eagles,New York Giants,35,3,Regular Season,1980
1980-09-28,Sun,Buffalo Bills,Oakland Raiders,24,7,Regular Season,1980
1980-09-28,Sun,Pittsburgh Steelers,Chicago Bears,38,3,Regular Season,1980
1980-09-28,Sun,Houston Oilers,Cincinnati Bengals,13,10,Regular Season,1980
1980-09-28,Sun,Cleveland Browns,Tampa Bay Buccaneers,34,27,Regular Season,1980
1980-09-28,Sun,Dallas Cowboys,Green Bay Packers,28,7,Regular Season,1980
1980-09-28,Sun,Detroit Lions,Minnesota Vikings,27,7,Regular Season,1980
1980-09-28,Sun,Miami Dolphins,New Orleans Saints,21,16,Regular Season,1980
1980-09-28,Sun,Los Angeles Rams,New York Giants,28,7,Regular Season,1980
1980-09-28,Sun,St. Louis Cardinals,Philadelphia Eagles,24,14,Regular Season,1980
1980-09-28,Sun,Atlanta Falcons,San Francisco 49ers,20,17,Regular Season,1980
1980-09-28,Sun,Baltimore Colts,New York Jets,35,21,Regular Season,1980
1980-09-28,Sun,San Diego Chargers,Kansas City Chiefs,24,7,Regular Season,1980
1980-09-28,Sun,Seattle Seahawks,Washington Redskins,14,0,Regular Season,1980
1980-09-29,Mon,New England Patriots,Denver Broncos,23,14,Regular Season,1980
1980-10-05,Sun,Atlanta Falcons,Detroit Lions,43,28,Regular Season,1980
1980-10-05,Sun,Green Bay Packers,Cincinnati Bengals,14,9,Regular Season,1980
1980-10-05,Sun,Denver Broncos,Cleveland Browns,19,16,Regular Season,1980
1980-10-05,Sun,Baltimore Colts,Miami Dolphins,30,17,Regular Season,1980
1980-10-05,Sun,St. Louis Cardinals,New Orleans Saints,40,7,Regular Season,1980
1980-10-05,Sun,Pittsburgh Steelers,Minnesota Vikings,23,17,Regular Season,1980
1980-10-05,Sun,New England Patriots,New York Jets,21,11,Regular Season,1980
1980-10-05,Sun,Seattle Seahawks,Houston Oilers,26,7,Regular Season,1980
1980-10-05,Sun,Philadelphia Eagles,Washington Redskins,24,14,Regular Season,1980
1980-10-05,Sun,Buffalo Bills,San Diego Chargers,26,24,Regular Season,1980
1980-10-05,Sun,Dallas Cowboys,New York Giants,24,3,Regular Season,1980
1980-10-05,Sun,Kansas City Chiefs,Oakland Raiders,31,17,Regular Season,1980
1980-10-05,Sun,Los Angeles Rams,San Francisco 49ers,48,26,Regular Season,1980
1980-10-06,Mon,Chicago Bears,Tampa Bay Buccaneers,23,0,Regular Season,1980
1980-10-12,Sun,Baltimore Colts,Buffalo Bills,17,12,Regular Season,1980
1980-10-12,Sun,Cincinnati Bengals,Pittsburgh Steelers,17,16,Regular Season,1980
1980-10-12,Sun,Tampa Bay Buccaneers,Green Bay Packers,14,14,Regular Season,1980
1980-10-12,Sun,New England Patriots,Miami Dolphins,34,0,Regular Season,1980
1980-10-12,Sun,Philadelphia Eagles,New York Giants,31,16,Regular Season,1980
1980-10-12,Sun,Minnesota Vikings,Chicago Bears,13,7,Regular Season,1980
1980-10-12,Sun,Los Angeles Rams,St. Louis Cardinals,21,13,Regular Season,1980
1980-10-12,Sun,Dallas Cowboys,San Francisco 49ers,59,14,Regular Season,1980
1980-10-12,Sun,New York Jets,Atlanta Falcons,14,7,Regular Season,1980
1980-10-12,Sun,Cleveland Browns,Seattle Seahawks,27,3,Regular Season,1980
1980-10-12,Sun,Detroit Lions,New Orleans Saints,24,13,Regular Season,1980
1980-10-12,Sun,Kansas City Chiefs,Houston Oilers,21,20,Regular Season,1980
1980-10-12,Sun,Oakland Raiders,San Diego Chargers,38,24,Regular Season,1980
1980-10-13,Mon,Denver Broncos,Washington Redskins,20,17,Regular Season,1980
1980-10-19,Sun,Miami Dolphins,Buffalo Bills,17,14,Regular Season,1980
1980-10-19,Sun,Cincinnati Bengals,Minnesota Vikings,14,0,Regular Season,1980
1980-10-19,Sun,Cleveland Browns,Green Bay Packers,26,21,Regular Season,1980
1980-10-19,Sun,Washington Redskins,St. Louis Cardinals,23,0,Regular Season,1980
1980-10-19,Sun,Philadelphia Eagles,Dallas Cowboys,17,10,Regular Season,1980
1980-10-19,Sun,Seattle Seahawks,New York Jets,27,17,Regular Season,1980
1980-10-19,Sun,Atlanta Falcons,New Orleans Saints,41,14,Regular Season,1980
1980-10-19,Sun,Chicago Bears,Detroit Lions,24,7,Regular Season,1980
1980-10-19,Sun,New England Patriots,Baltimore Colts,37,21,Regular Season,1980
1980-10-19,Sun,Kansas City Chiefs,Denver Broncos,23,17,Regular Season,1980
1980-10-19,Sun,San Diego Chargers,New York Giants,44,7,Regular Season,1980
1980-10-19,Sun,Houston Oilers,Tampa Bay Buccaneers,20,14,Regular Season,1980
1980-10-19,Sun,Los Angeles Rams,San Francisco 49ers,31,17,Regular Season,1980
1980-10-20,Mon,Oakland Raiders,Pittsburgh Steelers,45,34,Regular Season,1980
1980-10-26,Sun,Atlanta Falcons,Los Angeles Rams,13,10,Regular Season,1980
1980-10-26,Sun,Buffalo Bills,New England Patriots,31,13,Regular Season,1980
1980-10-26,Sun,Cleveland Browns,Pittsburgh Steelers,27,26,Regular Season,1980
1980-10-26,Sun,Denver Broncos,New York Giants,14,9,Regular Season,1980
1980-10-26,Sun,Green Bay Packers,Minnesota Vikings,16,3,Regular Season,1980
1980-10-26,Sun,Washington Redskins,New Orleans Saints,22,14,Regular Season,1980
1980-10-26,Sun,St. Louis Cardinals,Baltimore Colts,17,10,Regular Season,1980
1980-10-26,Sun,Kansas City Chiefs,Detroit Lions,20,17,Regular Season,1980
1980-10-26,Sun,Philadelphia Eagles,Chicago Bears,17,14,Regular Season,1980
1980-10-26,Sun,Houston Oilers,Cincinnati Bengals,23,3,Regular Season,1980
1980-10-26,Sun,Oakland Raiders,Seattle Seahawks,33,14,Regular Season,1980
1980-10-26,Sun,Tampa Bay Buccaneers,San Francisco 49ers,24,23,Regular Season,1980
1980-10-26,Sun,Dallas Cowboys,San Diego Chargers,42,31,Regular Season,1980
1980-10-27,Mon,New York Jets,Miami Dolphins,17,14,Regular Season,1980
1980-11-02,Sun,Atlanta Falcons,Buffalo Bills,30,14,Regular Season,1980
1980-11-02,Sun,San Diego Chargers,Cincinnati Bengals,31,14,Regular Season,1980
1980-11-02,Sun,Baltimore Colts,Kansas City Chiefs,31,24,Regular Season,1980
1980-11-02,Sun,Detroit Lions,San Francisco 49ers,17,13,Regular Season,1980
1980-11-02,Sun,Pittsburgh Steelers,Green Bay Packers,22,20,Regular Season,1980
1980-11-02,Sun,Tampa Bay Buccaneers,New York Giants,30,13,Regular Season,1980
1980-11-02,Sun,Dallas Cowboys,St. Louis Cardinals,27,24,Regular Season,1980
1980-11-02,Sun,Houston Oilers,Denver Broncos,20,16,Regular Season,1980
1980-11-02,Sun,Oakland Raiders,Miami Dolphins,16,10,Regular Season,1980
1980-11-02,Sun,Minnesota Vikings,Washington Redskins,39,14,Regular Season,1980
1980-11-02,Sun,Los Angeles Rams,New Orleans Saints,45,31,Regular Season,1980
1980-11-02,Sun,New England Patriots,New York Jets,34,21,Regular Season,1980
1980-11-02,Sun,Philadelphia Eagles,Seattle Seahawks,27,20,Regular Season,1980
1980-11-03,Mon,Cleveland Browns,Chicago Bears,27,21,Regular Season,1980
1980-11-09,Sun,Chicago Bears,Washington Redskins,35,21,Regular Season,1980
1980-11-09,Sun,New York Giants,Dallas Cowboys,38,35,Regular Season,1980
1980-11-09,Sun,Pittsburgh Steelers,Tampa Bay Buccaneers,24,21,Regular Season,1980
1980-11-09,Sun,Atlanta Falcons,St. Louis Cardinals,33,27,Regular Season,1980
1980-11-09,Sun,Cleveland Browns,Baltimore Colts,28,27,Regular Season,1980
1980-11-09,Sun,Minnesota Vikings,Detroit Lions,34,0,Regular Season,1980
1980-11-09,Sun,Green Bay Packers,San Francisco 49ers,23,16,Regular Season,1980
1980-11-09,Sun,Buffalo Bills,New York Jets,31,24,Regular Season,1980
1980-11-09,Sun,Oakland Raiders,Cincinnati Bengals,28,17,Regular Season,1980
1980-11-09,Sun,Denver Broncos,San Diego Chargers,20,13,Regular Season,1980
1980-11-09,Sun,Kansas City Chiefs,Seattle Seahawks,31,30,Regular Season,1980
1980-11-09,Sun,Miami Dolphins,Los Angeles Rams,35,14,Regular Season,1980
1980-11-09,Sun,Philadelphia Eagles,New Orleans Saints,34,21,Regular Season,1980
1980-11-10,Mon,Houston Oilers,New England Patriots,38,34,Regular Season,1980
1980-11-16,Sun,Atlanta Falcons,New Orleans Saints,31,13,Regular Season,1980
1980-11-16,Sun,Buffalo Bills,Cincinnati Bengals,14,0,Regular Season,1980
1980-11-16,Sun,Pittsburgh Steelers,Cleveland Browns,16,13,Regular Season,1980
1980-11-16,Sun,Baltimore Colts,Detroit Lions,10,9,Regular Season,1980
1980-11-16,Sun,New York Giants,Green Bay Packers,27,21,Regular Season,1980
1980-11-16,Sun,Los Angeles Rams,New England Patriots,17,14,Regular Season,1980
1980-11-16,Sun,Philadelphia Eagles,Washington Redskins,24,0,Regular Season,1980
1980-11-16,Sun,Dallas Cowboys,St. Louis Cardinals,31,21,Regular Season,1980
1980-11-16,Sun,Minnesota Vikings,Tampa Bay Buccaneers,38,30,Regular Season,1980
1980-11-16,Sun,Houston Oilers,Chicago Bears,10,6,Regular Season,1980
1980-11-16,Sun,Denver Broncos,New York Jets,31,24,Regular Season,1980
1980-11-16,Sun,San Diego Chargers,Kansas City Chiefs,20,7,Regular Season,1980
1980-11-16,Sun,Miami Dolphins,San Francisco 49ers,17,13,Regular Season,1980
1980-11-17,Mon,Oakland Raiders,Seattle Seahawks,19,17,Regular Season,1980
1980-11-20,Thu,San Diego Chargers,Miami Dolphins,27,24,Regular Season,1980
1980-11-23,Sun,Atlanta Falcons,Chicago Bears,28,17,Regular Season,1980
1980-11-23,Sun,Buffalo Bills,Pittsburgh Steelers,28,13,Regular Season,1980
1980-11-23,Sun,Cleveland Browns,Cincinnati Bengals,31,7,Regular Season,1980
1980-11-23,Sun,New England Patriots,Baltimore Colts,47,21,Regular Season,1980
1980-11-23,Sun,Detroit Lions,Tampa Bay Buccaneers,24,10,Regular Season,1980
1980-11-23,Sun,New York Jets,Houston Oilers,31,28,Regular Season,1980
1980-11-23,Sun,Philadelphia Eagles,Oakland Raiders,10,7,Regular Season,1980
1980-11-23,Sun,Kansas City Chiefs,St. Louis Cardinals,21,13,Regular Season,1980
1980-11-23,Sun,Green Bay Packers,Minnesota Vikings,25,13,Regular Season,1980
1980-11-23,Sun,Dallas Cowboys,Washington Redskins,14,10,Regular Season,1980
1980-11-23,Sun,Denver Broncos,Seattle Seahawks,36,20,Regular Season,1980
1980-11-23,Sun,San Francisco 49ers,New York Giants,12,0,Regular Season,1980
1980-11-24,Mon,Los Angeles Rams,New Orleans Saints,27,7,Regular Season,1980
1980-11-27,Thu,Chicago Bears,Detroit Lions,23,17,Regular Season,1980
1980-11-27,Thu,Dallas Cowboys,Seattle Seahawks,51,7,Regular Season,1980
1980-11-30,Sun,Atlanta Falcons,Washington Redskins,10,6,Regular Season,1980
1980-11-30,Sun,St. Louis Cardinals,New York Giants,23,7,Regular Season,1980
1980-11-30,Sun,Pittsburgh Steelers,Miami Dolphins,23,10,Regular Season,1980
1980-11-30,Sun,Baltimore Colts,Buffalo Bills,28,24,Regular Season,1980
1980-11-30,Sun,Cincinnati Bengals,Kansas City Chiefs,20,6,Regular Season,1980
1980-11-30,Sun,Tampa Bay Buccaneers,Green Bay Packers,20,17,Regular Season,1980
1980-11-30,Sun,Minnesota Vikings,New Orleans Saints,23,20,Regular Season,1980
1980-11-30,Sun,Cleveland Browns,Houston Oilers,17,14,Regular Season,1980
1980-11-30,Sun,San Francisco 49ers,New England Patriots,21,17,Regular Season,1980
1980-11-30,Sun,Los Angeles Rams,New York Jets,38,13,Regular Season,1980
1980-11-30,Sun,San Diego Chargers,Philadelphia Eagles,22,21,Regular Season,1980
1980-12-01,Mon,Oakland Raiders,Denver Broncos,9,3,Regular Season,1980
1980-12-04,Thu,Houston Oilers,Pittsburgh Steelers,6,0,Regular Season,1980
1980-12-07,Sun,Atlanta Falcons,Philadelphia Eagles,20,17,Regular Season,1980
1980-12-07,Sun,Buffalo Bills,Los Angeles Rams,10,7,Regular Season,1980
1980-12-07,Sun,Cincinnati Bengals,Baltimore Colts,34,33,Regular Season,1980
1980-12-07,Sun,Cleveland Browns,New York Jets,17,14,Regular Season,1980
1980-12-07,Sun,Minnesota Vikings,Tampa Bay Buccaneers,21,10,Regular Season,1980
1980-12-07,Sun,Washington Redskins,San Diego Chargers,40,17,Regular Season,1980
1980-12-07,Sun,Chicago Bears,Green Bay Packers,61,7,Regular Season,1980
1980-12-07,Sun,St. Louis Cardinals,Detroit Lions,24,23,Regular Season,1980
1980-12-07,Sun,Dallas Cowboys,Oakland Raiders,19,13,Regular Season,1980
1980-12-07,Sun,Kansas City Chiefs,Denver Broncos,31,14,Regular Season,1980
1980-12-07,Sun,San Francisco 49ers,New Orleans Saints,38,35,Regular Season,1980
1980-12-07,Sun,New York Giants,Seattle Seahawks,27,21,Regular Season,1980
1980-12-08,Mon,Miami Dolphins,New England Patriots,16,13,Regular Season,1980
1980-12-13,Sat,Washington Redskins,New York Giants,16,13,Regular Season,1980
1980-12-13,Sat,San Diego Chargers,Seattle Seahawks,21,14,Regular Season,1980
1980-12-14,Sun,Atlanta Falcons,San Francisco 49ers,35,10,Regular Season,1980
1980-12-14,Sun,New England Patriots,Buffalo Bills,24,2,Regular Season,1980
1980-12-14,Sun,Minnesota Vikings,Cleveland Browns,28,23,Regular Season,1980
1980-12-14,Sun,Philadelphia Eagles,St. Louis Cardinals,17,3,Regular Season,1980
1980-12-14,Sun,Houston Oilers,Green Bay Packers,22,3,Regular Season,1980
1980-12-14,Sun,Pittsburgh Steelers,Kansas City Chiefs,21,16,Regular Season,1980
1980-12-14,Sun,New Orleans Saints,New York Jets,21,20,Regular Season,1980
1980-12-14,Sun,Cincinnati Bengals,Chicago Bears,17,14,Regular Season,1980
1980-12-14,Sun,Miami Dolphins,Baltimore Colts,24,14,Regular Season,1980
1980-12-14,Sun,Oakland Raiders,Denver Broncos,24,21,Regular Season,1980
1980-12-14,Sun,Detroit Lions,Tampa Bay Buccaneers,27,14,Regular Season,1980
1980-12-15,Mon,Los Angeles Rams,Dallas Cowboys,38,14,Regular Season,1980
1980-12-20,Sat,New York Jets,Miami Dolphins,24,17,Regular Season,1980
1980-12-20,Sat,Chicago Bears,Tampa Bay Buccaneers,14,13,Regular Season,1980
1980-12-21,Sun,Cleveland Browns,Cincinnati Bengals,27,24,Regular Season,1980
1980-12-21,Sun,Washington Redskins,St. Louis Cardinals,31,7,Regular Season,1980
1980-12-21,Sun,Detroit Lions,Green Bay Packers,24,3,Regular Season,1980
1980-12-21,Sun,Houston Oilers,Minnesota Vikings,20,16,Regular Season,1980
1980-12-21,Sun,New England Patriots,New Orleans Saints,38,27,Regular Season,1980
1980-12-21,Sun,Oakland Raiders,New York Giants,33,17,Regular Season,1980
1980-12-21,Sun,Kansas City Chiefs,Baltimore Colts,38,28,Regular Season,1980
1980-12-21,Sun,Los Angeles Rams,Atlanta Falcons,20,17,Regular Season,1980
1980-12-21,Sun,Buffalo Bills,San Francisco 49ers,18,13,Regular Season,1980
1980-12-21,Sun,Dallas Cowboys,Philadelphia Eagles,35,27,Regular Season,1980
1980-12-21,Sun,Denver Broncos,Seattle Seahawks,25,17,Regular Season,1980
1980-12-22,Mon,San Diego Chargers,Pittsburgh Steelers,26,17,Regular Season,1980
Playoffs,,,,,,Playoff,1980
1980-12-28,Sun,Dallas Cowboys,Los Angeles Rams,34,13,Playoff,1980
1980-12-28,Sun,Oakland Raiders,Houston Oilers,27,7,Playoff,1980
1981-01-03,Sat,Philadelphia Eagles,Minnesota Vikings,31,16,Playoff,1980
1981-01-03,Sat,San Diego Chargers,Buffalo Bills,20,14,Playoff,1980
1981-01-04,Sun,Oakland Raiders,Cleveland Browns,14,12,Playoff,1980
1981-01-04,Sun,Dallas Cowboys,Atlanta Falcons,30,27,Playoff,1980
1981-01-11,Sun,Philadelphia Eagles,Dallas Cowboys,20,7,Playoff,1980
1981-01-11,Sun,Oakland Raiders,San Diego Chargers,34,27,Playoff,1980
1981-01-25,Sun,Oakland Raiders,Philadelphia Eagles,27,10,Playoff,1980
