Date,DOW,WT,LT,WTS,LTS,Type,Season
1981-09-05,Sat,Tampa Bay Buccaneers,Minnesota Vikings,21,13,Regular Season,1981
1981-09-06,Sun,Atlanta Falcons,New Orleans Saints,27,0,Regular Season,1981
1981-09-06,Sun,Cincinnati Bengals,Seattle Seahawks,27,21,Regular Season,1981
1981-09-06,Sun,Baltimore Colts,New England Patriots,29,28,Regular Season,1981
1981-09-06,Sun,Miami Dolphins,St. Louis Cardinals,20,7,Regular Season,1981
1981-09-06,Sun,Dallas Cowboys,Washington Redskins,26,10,Regular Season,1981
1981-09-06,Sun,Detroit Lions,San Francisco 49ers,24,17,Regular Season,1981
1981-09-06,Sun,Kansas City Chiefs,Pittsburgh Steelers,37,33,Regular Season,1981
1981-09-06,Sun,Philadelphia Eagles,New York Giants,24,10,Regular Season,1981
1981-09-06,Sun,Green Bay Packers,Chicago Bears,16,9,Regular Season,1981
1981-09-06,Sun,Buffalo Bills,New York Jets,31,0,Regular Season,1981
1981-09-06,Sun,Denver Broncos,Oakland Raiders,9,7,Regular Season,1981
1981-09-06,Sun,Houston Oilers,Los Angeles Rams,27,20,Regular Season,1981
1981-09-07,Mon,San Diego Chargers,Cleveland Browns,44,14,Regular Season,1981
1981-09-10,Thu,Miami Dolphins,Pittsburgh Steelers,30,10,Regular Season,1981
1981-09-13,Sun,Atlanta Falcons,Green Bay Packers,31,17,Regular Season,1981
1981-09-13,Sun,Houston Oilers,Cleveland Browns,9,3,Regular Season,1981
1981-09-13,Sun,Kansas City Chiefs,Tampa Bay Buccaneers,19,10,Regular Season,1981
1981-09-13,Sun,New Orleans Saints,Los Angeles Rams,23,17,Regular Season,1981
1981-09-13,Sun,New York Giants,Washington Redskins,17,7,Regular Season,1981
1981-09-13,Sun,Buffalo Bills,Baltimore Colts,35,3,Regular Season,1981
1981-09-13,Sun,San Francisco 49ers,Chicago Bears,28,17,Regular Season,1981
1981-09-13,Sun,Cincinnati Bengals,New York Jets,31,30,Regular Season,1981
1981-09-13,Sun,Dallas Cowboys,St. Louis Cardinals,30,17,Regular Season,1981
1981-09-13,Sun,Seattle Seahawks,Denver Broncos,13,10,Regular Season,1981
1981-09-13,Sun,San Diego Chargers,Detroit Lions,28,23,Regular Season,1981
1981-09-13,Sun,Philadelphia Eagles,New England Patriots,13,3,Regular Season,1981
1981-09-14,Mon,Oakland Raiders,Minnesota Vikings,36,10,Regular Season,1981
1981-09-17,Thu,Philadelphia Eagles,Buffalo Bills,20,14,Regular Season,1981
1981-09-20,Sun,Atlanta Falcons,San Francisco 49ers,34,17,Regular Season,1981
1981-09-20,Sun,Cleveland Browns,Cincinnati Bengals,20,17,Regular Season,1981
1981-09-20,Sun,St. Louis Cardinals,Washington Redskins,40,30,Regular Season,1981
1981-09-20,Sun,Minnesota Vikings,Detroit Lions,26,24,Regular Season,1981
1981-09-20,Sun,Miami Dolphins,Houston Oilers,16,10,Regular Season,1981
1981-09-20,Sun,Pittsburgh Steelers,New York Jets,38,10,Regular Season,1981
1981-09-20,Sun,Chicago Bears,Tampa Bay Buccaneers,28,17,Regular Season,1981
1981-09-20,Sun,San Diego Chargers,Kansas City Chiefs,42,31,Regular Season,1981
1981-09-20,Sun,Denver Broncos,Baltimore Colts,28,10,Regular Season,1981
1981-09-20,Sun,Los Angeles Rams,Green Bay Packers,35,23,Regular Season,1981
1981-09-20,Sun,New York Giants,New Orleans Saints,20,7,Regular Season,1981
1981-09-20,Sun,Oakland Raiders,Seattle Seahawks,20,10,Regular Season,1981
1981-09-21,Mon,Dallas Cowboys,New England Patriots,35,21,Regular Season,1981
1981-09-27,Sun,Cleveland Browns,Atlanta Falcons,28,17,Regular Season,1981
1981-09-27,Sun,Cincinnati Bengals,Buffalo Bills,27,24,Regular Season,1981
1981-09-27,Sun,Detroit Lions,Oakland Raiders,16,0,Regular Season,1981
1981-09-27,Sun,Pittsburgh Steelers,New England Patriots,27,21,Regular Season,1981
1981-09-27,Sun,New York Jets,Houston Oilers,33,17,Regular Season,1981
1981-09-27,Sun,Philadelphia Eagles,Washington Redskins,36,13,Regular Season,1981
1981-09-27,Sun,Miami Dolphins,Baltimore Colts,31,28,Regular Season,1981
1981-09-27,Sun,Minnesota Vikings,Green Bay Packers,30,13,Regular Season,1981
1981-09-27,Sun,Tampa Bay Buccaneers,St. Louis Cardinals,20,10,Regular Season,1981
1981-09-27,Sun,Dallas Cowboys,New York Giants,18,10,Regular Season,1981
1981-09-27,Sun,Denver Broncos,San Diego Chargers,42,24,Regular Season,1981
1981-09-27,Sun,Kansas City Chiefs,Seattle Seahawks,20,14,Regular Season,1981
1981-09-27,Sun,San Francisco 49ers,New Orleans Saints,21,14,Regular Season,1981
1981-09-28,Mon,Los Angeles Rams,Chicago Bears,24,7,Regular Season,1981
1981-10-04,Sun,Buffalo Bills,Baltimore Colts,23,17,Regular Season,1981
1981-10-04,Sun,Minnesota Vikings,Chicago Bears,24,21,Regular Season,1981
1981-10-04,Sun,St. Louis Cardinals,Dallas Cowboys,20,17,Regular Season,1981
1981-10-04,Sun,Green Bay Packers,New York Giants,27,14,Regular Season,1981
1981-10-04,Sun,New England Patriots,Kansas City Chiefs,33,17,Regular Season,1981
1981-10-04,Sun,San Francisco 49ers,Washington Redskins,30,17,Regular Season,1981
1981-10-04,Sun,Houston Oilers,Cincinnati Bengals,17,10,Regular Season,1981
1981-10-04,Sun,Pittsburgh Steelers,New Orleans Saints,20,6,Regular Season,1981
1981-10-04,Sun,Los Angeles Rams,Cleveland Browns,27,16,Regular Season,1981
1981-10-04,Sun,Denver Broncos,Oakland Raiders,17,0,Regular Season,1981
1981-10-04,Sun,Tampa Bay Buccaneers,Detroit Lions,28,10,Regular Season,1981
1981-10-04,Sun,New York Jets,Miami Dolphins,28,28,Regular Season,1981
1981-10-04,Sun,San Diego Chargers,Seattle Seahawks,24,10,Regular Season,1981
1981-10-05,Mon,Philadelphia Eagles,Atlanta Falcons,16,13,Regular Season,1981
1981-10-11,Sun,Los Angeles Rams,Atlanta Falcons,37,35,Regular Season,1981
1981-10-11,Sun,Pittsburgh Steelers,Cleveland Browns,13,7,Regular Season,1981
1981-10-11,Sun,Philadelphia Eagles,New Orleans Saints,31,14,Regular Season,1981
1981-10-11,Sun,New York Jets,New England Patriots,28,24,Regular Season,1981
1981-10-11,Sun,Washington Redskins,Chicago Bears,24,7,Regular Season,1981
1981-10-11,Sun,Cincinnati Bengals,Baltimore Colts,41,19,Regular Season,1981
1981-10-11,Sun,Tampa Bay Buccaneers,Green Bay Packers,21,10,Regular Season,1981
1981-10-11,Sun,Kansas City Chiefs,Oakland Raiders,27,0,Regular Season,1981
1981-10-11,Sun,Houston Oilers,Seattle Seahawks,35,17,Regular Season,1981
1981-10-11,Sun,New York Giants,St. Louis Cardinals,34,14,Regular Season,1981
1981-10-11,Sun,San Francisco 49ers,Dallas Cowboys,45,14,Regular Season,1981
1981-10-11,Sun,Denver Broncos,Detroit Lions,27,21,Regular Season,1981
1981-10-11,Sun,Minnesota Vikings,San Diego Chargers,33,31,Regular Season,1981
1981-10-12,Mon,Buffalo Bills,Miami Dolphins,31,21,Regular Season,1981
1981-10-18,Sun,Atlanta Falcons,St. Louis Cardinals,41,20,Regular Season,1981
1981-10-18,Sun,New York Jets,Buffalo Bills,33,14,Regular Season,1981
1981-10-18,Sun,Cincinnati Bengals,Pittsburgh Steelers,34,7,Regular Season,1981
1981-10-18,Sun,Cleveland Browns,New Orleans Saints,20,17,Regular Season,1981
1981-10-18,Sun,San Francisco 49ers,Green Bay Packers,13,3,Regular Season,1981
1981-10-18,Sun,Miami Dolphins,Washington Redskins,13,10,Regular Season,1981
1981-10-18,Sun,Minnesota Vikings,Philadelphia Eagles,35,23,Regular Season,1981
1981-10-18,Sun,New England Patriots,Houston Oilers,38,10,Regular Season,1981
1981-10-18,Sun,San Diego Chargers,Baltimore Colts,43,14,Regular Season,1981
1981-10-18,Sun,Kansas City Chiefs,Denver Broncos,28,14,Regular Season,1981
1981-10-18,Sun,New York Giants,Seattle Seahawks,32,0,Regular Season,1981
1981-10-18,Sun,Oakland Raiders,Tampa Bay Buccaneers,18,16,Regular Season,1981
1981-10-18,Sun,Dallas Cowboys,Los Angeles Rams,29,17,Regular Season,1981
1981-10-19,Mon,Detroit Lions,Chicago Bears,48,17,Regular Season,1981
1981-10-25,Sun,New York Giants,Atlanta Falcons,27,24,Regular Season,1981
1981-10-25,Sun,Buffalo Bills,Denver Broncos,9,7,Regular Season,1981
1981-10-25,Sun,Cleveland Browns,Baltimore Colts,42,28,Regular Season,1981
1981-10-25,Sun,St. Louis Cardinals,Minnesota Vikings,30,17,Regular Season,1981
1981-10-25,Sun,Detroit Lions,Green Bay Packers,31,27,Regular Season,1981
1981-10-25,Sun,Washington Redskins,New England Patriots,24,22,Regular Season,1981
1981-10-25,Sun,Philadelphia Eagles,Tampa Bay Buccaneers,20,10,Regular Season,1981
1981-10-25,Sun,New Orleans Saints,Cincinnati Bengals,17,7,Regular Season,1981
1981-10-25,Sun,Chicago Bears,San Diego Chargers,20,17,Regular Season,1981
1981-10-25,Sun,Dallas Cowboys,Miami Dolphins,28,27,Regular Season,1981
1981-10-25,Sun,Kansas City Chiefs,Oakland Raiders,28,17,Regular Season,1981
1981-10-25,Sun,Seattle Seahawks,New York Jets,19,3,Regular Season,1981
1981-10-25,Sun,San Francisco 49ers,Los Angeles Rams,20,17,Regular Season,1981
1981-10-26,Mon,Pittsburgh Steelers,Houston Oilers,26,13,Regular Season,1981
1981-11-01,Sun,Atlanta Falcons,New Orleans Saints,41,10,Regular Season,1981
1981-11-01,Sun,Buffalo Bills,Cleveland Browns,22,13,Regular Season,1981
1981-11-01,Sun,Tampa Bay Buccaneers,Chicago Bears,20,10,Regular Season,1981
1981-11-01,Sun,Cincinnati Bengals,Houston Oilers,34,21,Regular Season,1981
1981-11-01,Sun,Miami Dolphins,Baltimore Colts,27,10,Regular Season,1981
1981-11-01,Sun,New York Jets,New York Giants,26,7,Regular Season,1981
1981-11-01,Sun,San Francisco 49ers,Pittsburgh Steelers,17,14,Regular Season,1981
1981-11-01,Sun,Green Bay Packers,Seattle Seahawks,34,24,Regular Season,1981
1981-11-01,Sun,Washington Redskins,St. Louis Cardinals,42,21,Regular Season,1981
1981-11-01,Sun,Dallas Cowboys,Philadelphia Eagles,17,14,Regular Season,1981
1981-11-01,Sun,Los Angeles Rams,Detroit Lions,20,13,Regular Season,1981
1981-11-01,Sun,San Diego Chargers,Kansas City Chiefs,22,20,Regular Season,1981
1981-11-01,Sun,Oakland Raiders,New England Patriots,27,17,Regular Season,1981
1981-11-02,Mon,Denver Broncos,Minnesota Vikings,19,17,Regular Season,1981
1981-11-08,Sun,Philadelphia Eagles,St. Louis Cardinals,52,10,Regular Season,1981
1981-11-08,Sun,Washington Redskins,Detroit Lions,33,31,Regular Season,1981
1981-11-08,Sun,Green Bay Packers,New York Giants,26,24,Regular Season,1981
1981-11-08,Sun,Miami Dolphins,New England Patriots,30,27,Regular Season,1981
1981-11-08,Sun,Minnesota Vikings,Tampa Bay Buccaneers,25,10,Regular Season,1981
1981-11-08,Sun,Houston Oilers,Oakland Raiders,17,16,Regular Season,1981
1981-11-08,Sun,Chicago Bears,Kansas City Chiefs,16,13,Regular Season,1981
1981-11-08,Sun,San Francisco 49ers,Atlanta Falcons,17,14,Regular Season,1981
1981-11-08,Sun,Cincinnati Bengals,San Diego Chargers,40,17,Regular Season,1981
1981-11-08,Sun,Denver Broncos,Cleveland Browns,23,20,Regular Season,1981
1981-11-08,Sun,New York Jets,Baltimore Colts,41,14,Regular Season,1981
1981-11-08,Sun,New Orleans Saints,Los Angeles Rams,21,13,Regular Season,1981
1981-11-08,Sun,Seattle Seahawks,Pittsburgh Steelers,24,21,Regular Season,1981
1981-11-09,Mon,Dallas Cowboys,Buffalo Bills,27,14,Regular Season,1981
1981-11-15,Sun,Pittsburgh Steelers,Atlanta Falcons,34,20,Regular Season,1981
1981-11-15,Sun,St. Louis Cardinals,Buffalo Bills,24,0,Regular Season,1981
1981-11-15,Sun,Green Bay Packers,Chicago Bears,21,17,Regular Season,1981
1981-11-15,Sun,Cincinnati Bengals,Los Angeles Rams,24,10,Regular Season,1981
1981-11-15,Sun,Philadelphia Eagles,Baltimore Colts,38,13,Regular Season,1981
1981-11-15,Sun,Denver Broncos,Tampa Bay Buccaneers,24,7,Regular Season,1981
1981-11-15,Sun,Oakland Raiders,Miami Dolphins,33,17,Regular Season,1981
1981-11-15,Sun,Minnesota Vikings,New Orleans Saints,20,10,Regular Season,1981
1981-11-15,Sun,New York Jets,New England Patriots,17,6,Regular Season,1981
1981-11-15,Sun,Kansas City Chiefs,Houston Oilers,23,10,Regular Season,1981
1981-11-15,Sun,Cleveland Browns,San Francisco 49ers,15,12,Regular Season,1981
1981-11-15,Sun,Detroit Lions,Dallas Cowboys,27,24,Regular Season,1981
1981-11-15,Sun,Washington Redskins,New York Giants,30,27,Regular Season,1981
1981-11-16,Mon,Seattle Seahawks,San Diego Chargers,44,23,Regular Season,1981
1981-11-22,Sun,Buffalo Bills,New England Patriots,20,17,Regular Season,1981
1981-11-22,Sun,Detroit Lions,Chicago Bears,23,7,Regular Season,1981
1981-11-22,Sun,Cincinnati Bengals,Denver Broncos,38,21,Regular Season,1981
1981-11-22,Sun,Pittsburgh Steelers,Cleveland Browns,32,10,Regular Season,1981
1981-11-22,Sun,Tampa Bay Buccaneers,Green Bay Packers,37,3,Regular Season,1981
1981-11-22,Sun,New Orleans Saints,Houston Oilers,27,24,Regular Season,1981
1981-11-22,Sun,New York Giants,Philadelphia Eagles,20,10,Regular Season,1981
1981-11-22,Sun,St. Louis Cardinals,Baltimore Colts,35,24,Regular Season,1981
1981-11-22,Sun,Kansas City Chiefs,Seattle Seahawks,40,13,Regular Season,1981
1981-11-22,Sun,Dallas Cowboys,Washington Redskins,24,10,Regular Season,1981
1981-11-22,Sun,New York Jets,Miami Dolphins,16,15,Regular Season,1981
1981-11-22,Sun,San Diego Chargers,Oakland Raiders,55,21,Regular Season,1981
1981-11-22,Sun,San Francisco 49ers,Los Angeles Rams,33,31,Regular Season,1981
1981-11-23,Mon,Atlanta Falcons,Minnesota Vikings,31,30,Regular Season,1981
1981-11-26,Thu,Detroit Lions,Kansas City Chiefs,27,10,Regular Season,1981
1981-11-26,Thu,Dallas Cowboys,Chicago Bears,10,9,Regular Season,1981
1981-11-29,Sun,Buffalo Bills,Washington Redskins,21,14,Regular Season,1981
1981-11-29,Sun,Cincinnati Bengals,Cleveland Browns,41,21,Regular Season,1981
1981-11-29,Sun,New York Jets,Baltimore Colts,25,0,Regular Season,1981
1981-11-29,Sun,St. Louis Cardinals,New England Patriots,27,20,Regular Season,1981
1981-11-29,Sun,Green Bay Packers,Minnesota Vikings,35,23,Regular Season,1981
1981-11-29,Sun,Pittsburgh Steelers,Los Angeles Rams,24,0,Regular Season,1981
1981-11-29,Sun,Tampa Bay Buccaneers,New Orleans Saints,31,14,Regular Season,1981
1981-11-29,Sun,Atlanta Falcons,Houston Oilers,31,27,Regular Season,1981
1981-11-29,Sun,San Diego Chargers,Denver Broncos,34,17,Regular Season,1981
1981-11-29,Sun,San Francisco 49ers,New York Giants,17,10,Regular Season,1981
1981-11-29,Sun,Oakland Raiders,Seattle Seahawks,32,31,Regular Season,1981
1981-11-30,Mon,Miami Dolphins,Philadelphia Eagles,13,10,Regular Season,1981
1981-12-03,Thu,Houston Oilers,Cleveland Browns,17,13,Regular Season,1981
1981-12-06,Sun,Chicago Bears,Minnesota Vikings,10,9,Regular Season,1981
1981-12-06,Sun,San Francisco 49ers,Cincinnati Bengals,21,3,Regular Season,1981
1981-12-06,Sun,St. Louis Cardinals,New Orleans Saints,30,3,Regular Season,1981
1981-12-06,Sun,Green Bay Packers,Detroit Lions,31,17,Regular Season,1981
1981-12-06,Sun,Miami Dolphins,New England Patriots,24,14,Regular Season,1981
1981-12-06,Sun,New York Giants,Los Angeles Rams,10,7,Regular Season,1981
1981-12-06,Sun,Washington Redskins,Philadelphia Eagles,15,13,Regular Season,1981
1981-12-06,Sun,Dallas Cowboys,Baltimore Colts,37,13,Regular Season,1981
1981-12-06,Sun,Tampa Bay Buccaneers,Atlanta Falcons,24,23,Regular Season,1981
1981-12-06,Sun,Buffalo Bills,San Diego Chargers,28,27,Regular Season,1981
1981-12-06,Sun,Denver Broncos,Kansas City Chiefs,16,13,Regular Season,1981
1981-12-06,Sun,Seattle Seahawks,New York Jets,27,23,Regular Season,1981
1981-12-07,Mon,Oakland Raiders,Pittsburgh Steelers,30,27,Regular Season,1981
1981-12-12,Sat,New York Jets,Cleveland Browns,14,13,Regular Season,1981
1981-12-12,Sat,Detroit Lions,Minnesota Vikings,45,7,Regular Season,1981
1981-12-13,Sun,Buffalo Bills,New England Patriots,19,10,Regular Season,1981
1981-12-13,Sun,Cincinnati Bengals,Pittsburgh Steelers,17,10,Regular Season,1981
1981-12-13,Sun,Washington Redskins,Baltimore Colts,38,14,Regular Season,1981
1981-12-13,Sun,New York Giants,St. Louis Cardinals,20,10,Regular Season,1981
1981-12-13,Sun,Green Bay Packers,New Orleans Saints,35,7,Regular Season,1981
1981-12-13,Sun,San Diego Chargers,Tampa Bay Buccaneers,24,23,Regular Season,1981
1981-12-13,Sun,Miami Dolphins,Kansas City Chiefs,17,7,Regular Season,1981
1981-12-13,Sun,Chicago Bears,Oakland Raiders,23,6,Regular Season,1981
1981-12-13,Sun,Dallas Cowboys,Philadelphia Eagles,21,10,Regular Season,1981
1981-12-13,Sun,Denver Broncos,Seattle Seahawks,23,13,Regular Season,1981
1981-12-13,Sun,San Francisco 49ers,Houston Oilers,28,6,Regular Season,1981
1981-12-14,Mon,Los Angeles Rams,Atlanta Falcons,21,16,Regular Season,1981
1981-12-19,Sat,New York Giants,Dallas Cowboys,13,10,Regular Season,1981
1981-12-19,Sat,Miami Dolphins,Buffalo Bills,16,6,Regular Season,1981
1981-12-20,Sun,Chicago Bears,Denver Broncos,35,24,Regular Season,1981
1981-12-20,Sun,Philadelphia Eagles,St. Louis Cardinals,38,0,Regular Season,1981
1981-12-20,Sun,Tampa Bay Buccaneers,Detroit Lions,20,17,Regular Season,1981
1981-12-20,Sun,New York Jets,Green Bay Packers,28,3,Regular Season,1981
1981-12-20,Sun,Kansas City Chiefs,Minnesota Vikings,10,6,Regular Season,1981
1981-12-20,Sun,Baltimore Colts,New England Patriots,23,21,Regular Season,1981
1981-12-20,Sun,San Francisco 49ers,New Orleans Saints,21,17,Regular Season,1981
1981-12-20,Sun,Cincinnati Bengals,Atlanta Falcons,30,28,Regular Season,1981
1981-12-20,Sun,Seattle Seahawks,Cleveland Browns,42,21,Regular Season,1981
1981-12-20,Sun,Houston Oilers,Pittsburgh Steelers,21,20,Regular Season,1981
1981-12-20,Sun,Washington Redskins,Los Angeles Rams,30,7,Regular Season,1981
1981-12-21,Mon,San Diego Chargers,Oakland Raiders,23,10,Regular Season,1981
Playoffs,,,,,,Playoff,1981
1981-12-27,Sun,Buffalo Bills,New York Jets,31,27,Playoff,1981
1981-12-27,Sun,New York Giants,Philadelphia Eagles,27,21,Playoff,1981
1982-01-02,Sat,Dallas Cowboys,Tampa Bay Buccaneers,38,0,Playoff,1981
1982-01-02,Sat,San Diego Chargers,Miami Dolphins,41,38,Playoff,1981
1982-01-03,Sun,Cincinnati Bengals,Buffalo Bills,28,21,Playoff,1981
1982-01-03,Sun,San Francisco 49ers,New York Giants,38,24,Playoff,1981
1982-01-10,Sun,Cincinnati Bengals,San Diego Chargers,27,7,Playoff,1981
1982-01-10,Sun,San Francisco 49ers,Dallas Cowboys,28,27,Playoff,1981
1982-01-24,Sun,San Francisco 49ers,Cincinnati Bengals,26,21,Playoff,1981
