Date,DOW,WT,LT,WTS,LTS,Type,Season
1982-09-12,Sun,Atlanta Falcons,New York Giants,16,14,Regular Season,1982
1982-09-12,Sun,Buffalo Bills,Kansas City Chiefs,14,9,Regular Season,1982
1982-09-12,Sun,Detroit Lions,Chicago Bears,17,10,Regular Season,1982
1982-09-12,Sun,Cincinnati Bengals,Houston Oilers,27,6,Regular Season,1982
1982-09-12,Sun,St. Louis Cardinals,New Orleans Saints,21,7,Regular Season,1982
1982-09-12,Sun,Green Bay Packers,Los Angeles Rams,35,23,Regular Season,1982
1982-09-12,Sun,Minnesota Vikings,Tampa Bay Buccaneers,17,10,Regular Season,1982
1982-09-12,Sun,Washington Redskins,Philadelphia Eagles,37,34,Regular Season,1982
1982-09-12,Sun,New England Patriots,Baltimore Colts,24,13,Regular Season,1982
1982-09-12,Sun,Cleveland Browns,Seattle Seahawks,21,7,Regular Season,1982
1982-09-12,Sun,San Diego Chargers,Denver Broncos,23,3,Regular Season,1982
1982-09-12,Sun,Miami Dolphins,New York Jets,45,28,Regular Season,1982
1982-09-12,Sun,Los Angeles Raiders,San Francisco 49ers,23,17,Regular Season,1982
1982-09-13,Mon,Pittsburgh Steelers,Dallas Cowboys,36,28,Regular Season,1982
1982-09-16,Thu,Buffalo Bills,Minnesota Vikings,23,22,Regular Season,1982
1982-09-19,Sun,Los Angeles Raiders,Atlanta Falcons,38,14,Regular Season,1982
1982-09-19,Sun,New Orleans Saints,Chicago Bears,10,0,Regular Season,1982
1982-09-19,Sun,Pittsburgh Steelers,Cincinnati Bengals,26,20,Regular Season,1982
1982-09-19,Sun,Philadelphia Eagles,Cleveland Browns,24,21,Regular Season,1982
1982-09-19,Sun,Dallas Cowboys,St. Louis Cardinals,24,7,Regular Season,1982
1982-09-19,Sun,Kansas City Chiefs,San Diego Chargers,19,12,Regular Season,1982
1982-09-19,Sun,New York Jets,New England Patriots,31,7,Regular Season,1982
1982-09-19,Sun,Miami Dolphins,Baltimore Colts,24,20,Regular Season,1982
1982-09-19,Sun,Denver Broncos,San Francisco 49ers,24,21,Regular Season,1982
1982-09-19,Sun,Detroit Lions,Los Angeles Rams,19,14,Regular Season,1982
1982-09-19,Sun,Houston Oilers,Seattle Seahawks,23,21,Regular Season,1982
1982-09-19,Sun,Washington Redskins,Tampa Bay Buccaneers,21,13,Regular Season,1982
1982-09-20,Mon,Green Bay Packers,New York Giants,27,19,Regular Season,1982
1982-11-21,Sun,Atlanta Falcons,Los Angeles Rams,34,17,Regular Season,1982
1982-11-21,Sun,Miami Dolphins,Buffalo Bills,9,7,Regular Season,1982
1982-11-21,Sun,Chicago Bears,Detroit Lions,20,17,Regular Season,1982
1982-11-21,Sun,Cincinnati Bengals,Philadelphia Eagles,18,14,Regular Season,1982
1982-11-21,Sun,Cleveland Browns,New England Patriots,10,7,Regular Season,1982
1982-11-21,Sun,New York Jets,Baltimore Colts,37,0,Regular Season,1982
1982-11-21,Sun,Dallas Cowboys,Tampa Bay Buccaneers,14,9,Regular Season,1982
1982-11-21,Sun,Green Bay Packers,Minnesota Vikings,26,7,Regular Season,1982
1982-11-21,Sun,New Orleans Saints,Kansas City Chiefs,27,17,Regular Season,1982
1982-11-21,Sun,Pittsburgh Steelers,Houston Oilers,24,10,Regular Season,1982
1982-11-21,Sun,San Francisco 49ers,St. Louis Cardinals,31,20,Regular Season,1982
1982-11-21,Sun,Seattle Seahawks,Denver Broncos,17,10,Regular Season,1982
1982-11-21,Sun,Washington Redskins,New York Giants,27,17,Regular Season,1982
1982-11-22,Mon,Los Angeles Raiders,San Diego Chargers,28,24,Regular Season,1982
1982-11-25,Thu,New York Giants,Detroit Lions,13,6,Regular Season,1982
1982-11-25,Thu,Dallas Cowboys,Cleveland Browns,31,14,Regular Season,1982
1982-11-28,Sun,St. Louis Cardinals,Atlanta Falcons,23,20,Regular Season,1982
1982-11-28,Sun,Buffalo Bills,Baltimore Colts,20,0,Regular Season,1982
1982-11-28,Sun,Minnesota Vikings,Chicago Bears,35,7,Regular Season,1982
1982-11-28,Sun,Cincinnati Bengals,Los Angeles Raiders,31,17,Regular Season,1982
1982-11-28,Sun,New York Jets,Green Bay Packers,15,13,Regular Season,1982
1982-11-28,Sun,New England Patriots,Houston Oilers,29,21,Regular Season,1982
1982-11-28,Sun,Washington Redskins,Philadelphia Eagles,13,9,Regular Season,1982
1982-11-28,Sun,San Diego Chargers,Denver Broncos,30,20,Regular Season,1982
1982-11-28,Sun,Los Angeles Rams,Kansas City Chiefs,20,14,Regular Season,1982
1982-11-28,Sun,New Orleans Saints,San Francisco 49ers,23,20,Regular Season,1982
1982-11-28,Sun,Seattle Seahawks,Pittsburgh Steelers,16,0,Regular Season,1982
1982-11-29,Mon,Tampa Bay Buccaneers,Miami Dolphins,23,17,Regular Season,1982
1982-12-02,Thu,San Francisco 49ers,Los Angeles Rams,30,24,Regular Season,1982
1982-12-05,Sun,Green Bay Packers,Buffalo Bills,33,21,Regular Season,1982
1982-12-05,Sun,Chicago Bears,New England Patriots,26,13,Regular Season,1982
1982-12-05,Sun,San Diego Chargers,Cleveland Browns,30,13,Regular Season,1982
1982-12-05,Sun,St. Louis Cardinals,Philadelphia Eagles,23,20,Regular Season,1982
1982-12-05,Sun,Pittsburgh Steelers,Kansas City Chiefs,35,14,Regular Season,1982
1982-12-05,Sun,Miami Dolphins,Minnesota Vikings,22,14,Regular Season,1982
1982-12-05,Sun,Tampa Bay Buccaneers,New Orleans Saints,13,10,Regular Season,1982
1982-12-05,Sun,New York Giants,Houston Oilers,17,14,Regular Season,1982
1982-12-05,Sun,Atlanta Falcons,Denver Broncos,34,27,Regular Season,1982
1982-12-05,Sun,Cincinnati Bengals,Baltimore Colts,20,17,Regular Season,1982
1982-12-05,Sun,Dallas Cowboys,Washington Redskins,24,10,Regular Season,1982
1982-12-05,Sun,Los Angeles Raiders,Seattle Seahawks,28,23,Regular Season,1982
1982-12-06,Mon,New York Jets,Detroit Lions,28,13,Regular Season,1982
1982-12-11,Sat,New York Giants,Philadelphia Eagles,23,7,Regular Season,1982
1982-12-11,Sat,San Diego Chargers,San Francisco 49ers,41,37,Regular Season,1982
1982-12-12,Sun,Buffalo Bills,Pittsburgh Steelers,13,0,Regular Season,1982
1982-12-12,Sun,Cincinnati Bengals,Cleveland Browns,23,10,Regular Season,1982
1982-12-12,Sun,Minnesota Vikings,Baltimore Colts,13,10,Regular Season,1982
1982-12-12,Sun,Washington Redskins,St. Louis Cardinals,12,7,Regular Season,1982
1982-12-12,Sun,Detroit Lions,Green Bay Packers,30,10,Regular Season,1982
1982-12-12,Sun,New England Patriots,Miami Dolphins,3,0,Regular Season,1982
1982-12-12,Sun,New York Jets,Tampa Bay Buccaneers,32,17,Regular Season,1982
1982-12-12,Sun,Atlanta Falcons,New Orleans Saints,35,0,Regular Season,1982
1982-12-12,Sun,Seattle Seahawks,Chicago Bears,20,14,Regular Season,1982
1982-12-12,Sun,Denver Broncos,Los Angeles Rams,27,24,Regular Season,1982
1982-12-12,Sun,Los Angeles Raiders,Kansas City Chiefs,21,16,Regular Season,1982
1982-12-13,Mon,Dallas Cowboys,Houston Oilers,37,7,Regular Season,1982
1982-12-18,Sat,Miami Dolphins,New York Jets,20,19,Regular Season,1982
1982-12-18,Sat,Los Angeles Raiders,Los Angeles Rams,37,31,Regular Season,1982
1982-12-19,Sun,St. Louis Cardinals,Chicago Bears,10,7,Regular Season,1982
1982-12-19,Sun,Cleveland Browns,Pittsburgh Steelers,10,9,Regular Season,1982
1982-12-19,Sun,Minnesota Vikings,Detroit Lions,34,31,Regular Season,1982
1982-12-19,Sun,Washington Redskins,New York Giants,15,14,Regular Season,1982
1982-12-19,Sun,Philadelphia Eagles,Houston Oilers,35,14,Regular Season,1982
1982-12-19,Sun,Green Bay Packers,Baltimore Colts,20,20,Regular Season,1982
1982-12-19,Sun,Tampa Bay Buccaneers,Buffalo Bills,24,23,Regular Season,1982
1982-12-19,Sun,Dallas Cowboys,New Orleans Saints,21,7,Regular Season,1982
1982-12-19,Sun,Kansas City Chiefs,Denver Broncos,37,16,Regular Season,1982
1982-12-19,Sun,New England Patriots,Seattle Seahawks,16,0,Regular Season,1982
1982-12-19,Sun,Atlanta Falcons,San Francisco 49ers,17,7,Regular Season,1982
1982-12-20,Mon,San Diego Chargers,Cincinnati Bengals,50,34,Regular Season,1982
1982-12-26,Sun,Green Bay Packers,Atlanta Falcons,38,7,Regular Season,1982
1982-12-26,Sun,Cincinnati Bengals,Seattle Seahawks,24,10,Regular Season,1982
1982-12-26,Sun,Cleveland Browns,Houston Oilers,20,14,Regular Season,1982
1982-12-26,Sun,St. Louis Cardinals,New York Giants,24,21,Regular Season,1982
1982-12-26,Sun,Tampa Bay Buccaneers,Detroit Lions,23,21,Regular Season,1982
1982-12-26,Sun,San Francisco 49ers,Kansas City Chiefs,26,13,Regular Season,1982
1982-12-26,Sun,Pittsburgh Steelers,New England Patriots,37,14,Regular Season,1982
1982-12-26,Sun,Chicago Bears,Los Angeles Rams,34,26,Regular Season,1982
1982-12-26,Sun,San Diego Chargers,Baltimore Colts,44,26,Regular Season,1982
1982-12-26,Sun,Philadelphia Eagles,Dallas Cowboys,24,20,Regular Season,1982
1982-12-26,Sun,Los Angeles Raiders,Denver Broncos,27,10,Regular Season,1982
1982-12-26,Sun,New York Jets,Minnesota Vikings,42,14,Regular Season,1982
1982-12-26,Sun,Washington Redskins,New Orleans Saints,27,10,Regular Season,1982
1982-12-27,Mon,Miami Dolphins,Buffalo Bills,27,10,Regular Season,1982
1983-01-02,Sun,New Orleans Saints,Atlanta Falcons,35,6,Regular Season,1982
1983-01-02,Sun,New England Patriots,Buffalo Bills,30,19,Regular Season,1982
1983-01-02,Sun,Tampa Bay Buccaneers,Chicago Bears,26,23,Regular Season,1982
1983-01-02,Sun,Cincinnati Bengals,Houston Oilers,35,27,Regular Season,1982
1983-01-02,Sun,Pittsburgh Steelers,Cleveland Browns,37,21,Regular Season,1982
1983-01-02,Sun,Washington Redskins,St. Louis Cardinals,28,0,Regular Season,1982
1983-01-02,Sun,Detroit Lions,Green Bay Packers,27,24,Regular Season,1982
1983-01-02,Sun,Kansas City Chiefs,New York Jets,37,13,Regular Season,1982
1983-01-02,Sun,New York Giants,Philadelphia Eagles,26,24,Regular Season,1982
1983-01-02,Sun,Miami Dolphins,Baltimore Colts,34,7,Regular Season,1982
1983-01-02,Sun,Seattle Seahawks,Denver Broncos,13,11,Regular Season,1982
1983-01-02,Sun,Los Angeles Raiders,San Diego Chargers,41,34,Regular Season,1982
1983-01-02,Sun,Los Angeles Rams,San Francisco 49ers,21,20,Regular Season,1982
1983-01-03,Mon,Minnesota Vikings,Dallas Cowboys,31,27,Regular Season,1982
Playoffs,,,,,,Playoff,1982
1983-01-08,Sat,Green Bay Packers,St. Louis Cardinals,41,16,Playoff,1982
1983-01-08,Sat,Washington Redskins,Detroit Lions,31,7,Playoff,1982
1983-01-08,Sat,Los Angeles Raiders,Cleveland Browns,27,10,Playoff,1982
1983-01-08,Sat,Miami Dolphins,New England Patriots,28,13,Playoff,1982
1983-01-09,Sun,New York Jets,Cincinnati Bengals,44,17,Playoff,1982
1983-01-09,Sun,San Diego Chargers,Pittsburgh Steelers,31,28,Playoff,1982
1983-01-09,Sun,Minnesota Vikings,Atlanta Falcons,30,24,Playoff,1982
1983-01-09,Sun,Dallas Cowboys,Tampa Bay Buccaneers,30,17,Playoff,1982
1983-01-15,Sat,Washington Redskins,Minnesota Vikings,21,7,Playoff,1982
1983-01-15,Sat,New York Jets,Los Angeles Raiders,17,14,Playoff,1982
1983-01-16,Sun,Miami Dolphins,San Diego Chargers,34,13,Playoff,1982
1983-01-16,Sun,Dallas Cowboys,Green Bay Packers,37,26,Playoff,1982
1983-01-22,Sat,Washington Redskins,Dallas Cowboys,31,17,Playoff,1982
1983-01-23,Sun,Miami Dolphins,New York Jets,14,0,Playoff,1982
1983-01-30,Sun,Washington Redskins,Miami Dolphins,27,17,Playoff,1982
