Date,DOW,WT,LT,WTS,LTS,Type,Season
1983-09-03,Sat,Philadelphia Eagles,San Francisco 49ers,22,17,Regular Season,1983
1983-09-04,Sun,New Orleans Saints,St. Louis Cardinals,28,17,Regular Season,1983
1983-09-04,Sun,Atlanta Falcons,Chicago Bears,20,17,Regular Season,1983
1983-09-04,Sun,Miami Dolphins,Buffalo Bills,12,0,Regular Season,1983
1983-09-04,Sun,Los Angeles Raiders,Cincinnati Bengals,20,10,Regular Season,1983
1983-09-04,Sun,Minnesota Vikings,Cleveland Browns,27,21,Regular Season,1983
1983-09-04,Sun,Baltimore Colts,New England Patriots,29,23,Regular Season,1983
1983-09-04,Sun,Denver Broncos,Pittsburgh Steelers,14,10,Regular Season,1983
1983-09-04,Sun,Detroit Lions,Tampa Bay Buccaneers,11,0,Regular Season,1983
1983-09-04,Sun,Green Bay Packers,Houston Oilers,41,38,Regular Season,1983
1983-09-04,Sun,Los Angeles Rams,New York Giants,16,6,Regular Season,1983
1983-09-04,Sun,Kansas City Chiefs,Seattle Seahawks,17,13,Regular Season,1983
1983-09-04,Sun,New York Jets,San Diego Chargers,41,29,Regular Season,1983
1983-09-05,Mon,Dallas Cowboys,Washington Redskins,31,30,Regular Season,1983
1983-09-08,Thu,San Francisco 49ers,Minnesota Vikings,48,17,Regular Season,1983
1983-09-11,Sun,New York Giants,Atlanta Falcons,16,13,Regular Season,1983
1983-09-11,Sun,Buffalo Bills,Cincinnati Bengals,10,6,Regular Season,1983
1983-09-11,Sun,Chicago Bears,Tampa Bay Buccaneers,17,10,Regular Season,1983
1983-09-11,Sun,Cleveland Browns,Detroit Lions,31,26,Regular Season,1983
1983-09-11,Sun,Dallas Cowboys,St. Louis Cardinals,34,17,Regular Season,1983
1983-09-11,Sun,Pittsburgh Steelers,Green Bay Packers,25,21,Regular Season,1983
1983-09-11,Sun,Washington Redskins,Philadelphia Eagles,23,13,Regular Season,1983
1983-09-11,Sun,Denver Broncos,Baltimore Colts,17,10,Regular Season,1983
1983-09-11,Sun,Miami Dolphins,New England Patriots,34,24,Regular Season,1983
1983-09-11,Sun,Los Angeles Rams,New Orleans Saints,30,27,Regular Season,1983
1983-09-11,Sun,Seattle Seahawks,New York Jets,17,10,Regular Season,1983
1983-09-11,Sun,Los Angeles Raiders,Houston Oilers,20,6,Regular Season,1983
1983-09-12,Mon,San Diego Chargers,Kansas City Chiefs,17,14,Regular Season,1983
1983-09-15,Thu,Cleveland Browns,Cincinnati Bengals,17,7,Regular Season,1983
1983-09-18,Sun,Atlanta Falcons,Detroit Lions,30,14,Regular Season,1983
1983-09-18,Sun,Buffalo Bills,Baltimore Colts,28,23,Regular Season,1983
1983-09-18,Sun,New Orleans Saints,Chicago Bears,34,31,Regular Season,1983
1983-09-18,Sun,San Francisco 49ers,St. Louis Cardinals,42,27,Regular Season,1983
1983-09-18,Sun,Green Bay Packers,Los Angeles Rams,27,24,Regular Season,1983
1983-09-18,Sun,Washington Redskins,Kansas City Chiefs,27,12,Regular Season,1983
1983-09-18,Sun,New England Patriots,New York Jets,23,13,Regular Season,1983
1983-09-18,Sun,Pittsburgh Steelers,Houston Oilers,40,28,Regular Season,1983
1983-09-18,Sun,Dallas Cowboys,New York Giants,28,13,Regular Season,1983
1983-09-18,Sun,Philadelphia Eagles,Denver Broncos,13,10,Regular Season,1983
1983-09-18,Sun,Minnesota Vikings,Tampa Bay Buccaneers,19,16,Regular Season,1983
1983-09-18,Sun,Seattle Seahawks,San Diego Chargers,34,31,Regular Season,1983
1983-09-19,Mon,Los Angeles Raiders,Miami Dolphins,27,14,Regular Season,1983
1983-09-25,Sun,Buffalo Bills,Houston Oilers,30,13,Regular Season,1983
1983-09-25,Sun,Cincinnati Bengals,Tampa Bay Buccaneers,23,17,Regular Season,1983
1983-09-25,Sun,St. Louis Cardinals,Philadelphia Eagles,14,11,Regular Season,1983
1983-09-25,Sun,Dallas Cowboys,New Orleans Saints,21,20,Regular Season,1983
1983-09-25,Sun,Minnesota Vikings,Detroit Lions,20,17,Regular Season,1983
1983-09-25,Sun,Miami Dolphins,Kansas City Chiefs,14,6,Regular Season,1983
1983-09-25,Sun,New England Patriots,Pittsburgh Steelers,28,23,Regular Season,1983
1983-09-25,Sun,Baltimore Colts,Chicago Bears,22,19,Regular Season,1983
1983-09-25,Sun,San Francisco 49ers,Atlanta Falcons,24,20,Regular Season,1983
1983-09-25,Sun,Cleveland Browns,San Diego Chargers,30,24,Regular Season,1983
1983-09-25,Sun,Los Angeles Raiders,Denver Broncos,22,7,Regular Season,1983
1983-09-25,Sun,New York Jets,Los Angeles Rams,27,24,Regular Season,1983
1983-09-25,Sun,Washington Redskins,Seattle Seahawks,27,17,Regular Season,1983
1983-09-26,Mon,New York Giants,Green Bay Packers,27,3,Regular Season,1983
1983-10-02,Sun,Philadelphia Eagles,Atlanta Falcons,28,24,Regular Season,1983
1983-10-02,Sun,Chicago Bears,Denver Broncos,31,14,Regular Season,1983
1983-10-02,Sun,Baltimore Colts,Cincinnati Bengals,34,31,Regular Season,1983
1983-10-02,Sun,Seattle Seahawks,Cleveland Browns,24,9,Regular Season,1983
1983-10-02,Sun,Dallas Cowboys,Minnesota Vikings,37,24,Regular Season,1983
1983-10-02,Sun,Green Bay Packers,Tampa Bay Buccaneers,55,14,Regular Season,1983
1983-10-02,Sun,San Francisco 49ers,New England Patriots,33,13,Regular Season,1983
1983-10-02,Sun,Pittsburgh Steelers,Houston Oilers,17,10,Regular Season,1983
1983-10-02,Sun,Washington Redskins,Los Angeles Raiders,37,35,Regular Season,1983
1983-10-02,Sun,Kansas City Chiefs,St. Louis Cardinals,38,14,Regular Season,1983
1983-10-02,Sun,Los Angeles Rams,Detroit Lions,21,10,Regular Season,1983
1983-10-02,Sun,New Orleans Saints,Miami Dolphins,17,7,Regular Season,1983
1983-10-02,Sun,San Diego Chargers,New York Giants,41,34,Regular Season,1983
1983-10-03,Mon,New York Jets,Buffalo Bills,34,10,Regular Season,1983
1983-10-09,Sun,New Orleans Saints,Atlanta Falcons,19,17,Regular Season,1983
1983-10-09,Sun,Buffalo Bills,Miami Dolphins,38,35,Regular Season,1983
1983-10-09,Sun,Minnesota Vikings,Chicago Bears,23,14,Regular Season,1983
1983-10-09,Sun,Cleveland Browns,New York Jets,10,7,Regular Season,1983
1983-10-09,Sun,Washington Redskins,St. Louis Cardinals,38,14,Regular Season,1983
1983-10-09,Sun,Denver Broncos,Houston Oilers,26,14,Regular Season,1983
1983-10-09,Sun,Detroit Lions,Green Bay Packers,38,14,Regular Season,1983
1983-10-09,Sun,Baltimore Colts,New England Patriots,12,7,Regular Season,1983
1983-10-09,Sun,Dallas Cowboys,Tampa Bay Buccaneers,27,24,Regular Season,1983
1983-10-09,Sun,Los Angeles Raiders,Kansas City Chiefs,21,20,Regular Season,1983
1983-10-09,Sun,Philadelphia Eagles,New York Giants,17,13,Regular Season,1983
1983-10-09,Sun,Los Angeles Rams,San Francisco 49ers,10,7,Regular Season,1983
1983-10-09,Sun,San Diego Chargers,Seattle Seahawks,28,21,Regular Season,1983
1983-10-10,Mon,Pittsburgh Steelers,Cincinnati Bengals,24,14,Regular Season,1983
1983-10-16,Sun,Detroit Lions,Chicago Bears,31,17,Regular Season,1983
1983-10-16,Sun,Pittsburgh Steelers,Cleveland Browns,44,17,Regular Season,1983
1983-10-16,Sun,St. Louis Cardinals,Tampa Bay Buccaneers,34,27,Regular Season,1983
1983-10-16,Sun,Miami Dolphins,New York Jets,32,14,Regular Season,1983
1983-10-16,Sun,Minnesota Vikings,Houston Oilers,34,14,Regular Season,1983
1983-10-16,Sun,San Francisco 49ers,New Orleans Saints,32,13,Regular Season,1983
1983-10-16,Sun,New England Patriots,San Diego Chargers,37,21,Regular Season,1983
1983-10-16,Sun,Buffalo Bills,Baltimore Colts,30,7,Regular Season,1983
1983-10-16,Sun,Los Angeles Rams,Atlanta Falcons,27,21,Regular Season,1983
1983-10-16,Sun,Denver Broncos,Cincinnati Bengals,24,17,Regular Season,1983
1983-10-16,Sun,Dallas Cowboys,Philadelphia Eagles,37,7,Regular Season,1983
1983-10-16,Sun,Kansas City Chiefs,New York Giants,38,17,Regular Season,1983
1983-10-16,Sun,Seattle Seahawks,Los Angeles Raiders,38,36,Regular Season,1983
1983-10-17,Mon,Green Bay Packers,Washington Redskins,48,47,Regular Season,1983
1983-10-23,Sun,Atlanta Falcons,New York Jets,27,21,Regular Season,1983
1983-10-23,Sun,New England Patriots,Buffalo Bills,31,0,Regular Season,1983
1983-10-23,Sun,Chicago Bears,Philadelphia Eagles,7,6,Regular Season,1983
1983-10-23,Sun,Cincinnati Bengals,Cleveland Browns,28,21,Regular Season,1983
1983-10-23,Sun,Washington Redskins,Detroit Lions,38,17,Regular Season,1983
1983-10-23,Sun,Minnesota Vikings,Green Bay Packers,20,17,Regular Season,1983
1983-10-23,Sun,Kansas City Chiefs,Houston Oilers,13,10,Regular Season,1983
1983-10-23,Sun,Miami Dolphins,Baltimore Colts,21,7,Regular Season,1983
1983-10-23,Sun,Denver Broncos,San Diego Chargers,14,6,Regular Season,1983
1983-10-23,Sun,New Orleans Saints,Tampa Bay Buccaneers,24,21,Regular Season,1983
1983-10-23,Sun,Pittsburgh Steelers,Seattle Seahawks,27,21,Regular Season,1983
1983-10-23,Sun,San Francisco 49ers,Los Angeles Rams,45,35,Regular Season,1983
1983-10-23,Sun,Los Angeles Raiders,Dallas Cowboys,40,38,Regular Season,1983
1983-10-24,Mon,New York Giants,St. Louis Cardinals,20,20,Regular Season,1983
1983-10-30,Sun,Atlanta Falcons,New England Patriots,24,13,Regular Season,1983
1983-10-30,Sun,Buffalo Bills,New Orleans Saints,27,21,Regular Season,1983
1983-10-30,Sun,Detroit Lions,Chicago Bears,38,17,Regular Season,1983
1983-10-30,Sun,Cleveland Browns,Houston Oilers,25,19,Regular Season,1983
1983-10-30,Sun,Baltimore Colts,Philadelphia Eagles,22,21,Regular Season,1983
1983-10-30,Sun,St. Louis Cardinals,Minnesota Vikings,41,31,Regular Season,1983
1983-10-30,Sun,Dallas Cowboys,New York Giants,38,20,Regular Season,1983
1983-10-30,Sun,Pittsburgh Steelers,Tampa Bay Buccaneers,17,12,Regular Season,1983
1983-10-30,Sun,Cincinnati Bengals,Green Bay Packers,34,14,Regular Season,1983
1983-10-30,Sun,Denver Broncos,Kansas City Chiefs,27,24,Regular Season,1983
1983-10-30,Sun,Miami Dolphins,Los Angeles Rams,30,14,Regular Season,1983
1983-10-30,Sun,New York Jets,San Francisco 49ers,27,13,Regular Season,1983
1983-10-30,Sun,Seattle Seahawks,Los Angeles Raiders,34,21,Regular Season,1983
1983-10-31,Mon,Washington Redskins,San Diego Chargers,27,24,Regular Season,1983
1983-11-06,Sun,New Orleans Saints,Atlanta Falcons,27,10,Regular Season,1983
1983-11-06,Sun,New England Patriots,Buffalo Bills,21,7,Regular Season,1983
1983-11-06,Sun,Cincinnati Bengals,Houston Oilers,55,14,Regular Season,1983
1983-11-06,Sun,Green Bay Packers,Cleveland Browns,35,21,Regular Season,1983
1983-11-06,Sun,Dallas Cowboys,Philadelphia Eagles,27,20,Regular Season,1983
1983-11-06,Sun,Los Angeles Raiders,Kansas City Chiefs,28,20,Regular Season,1983
1983-11-06,Sun,Tampa Bay Buccaneers,Minnesota Vikings,17,12,Regular Season,1983
1983-11-06,Sun,Pittsburgh Steelers,San Diego Chargers,26,3,Regular Season,1983
1983-11-06,Sun,Los Angeles Rams,Chicago Bears,21,14,Regular Season,1983
1983-11-06,Sun,Baltimore Colts,New York Jets,17,14,Regular Season,1983
1983-11-06,Sun,Washington Redskins,St. Louis Cardinals,45,7,Regular Season,1983
1983-11-06,Sun,Seattle Seahawks,Denver Broncos,27,19,Regular Season,1983
1983-11-06,Sun,Miami Dolphins,San Francisco 49ers,20,17,Regular Season,1983
1983-11-07,Mon,Detroit Lions,New York Giants,15,9,Regular Season,1983
1983-11-13,Sun,Buffalo Bills,New York Jets,24,17,Regular Season,1983
1983-11-13,Sun,Chicago Bears,Philadelphia Eagles,17,14,Regular Season,1983
1983-11-13,Sun,Kansas City Chiefs,Cincinnati Bengals,20,15,Regular Season,1983
1983-11-13,Sun,Cleveland Browns,Tampa Bay Buccaneers,20,0,Regular Season,1983
1983-11-13,Sun,St. Louis Cardinals,Seattle Seahawks,33,28,Regular Season,1983
1983-11-13,Sun,Houston Oilers,Detroit Lions,27,17,Regular Season,1983
1983-11-13,Sun,Green Bay Packers,Minnesota Vikings,29,21,Regular Season,1983
1983-11-13,Sun,New England Patriots,Miami Dolphins,17,6,Regular Season,1983
1983-11-13,Sun,Pittsburgh Steelers,Baltimore Colts,24,13,Regular Season,1983
1983-11-13,Sun,San Diego Chargers,Dallas Cowboys,24,23,Regular Season,1983
1983-11-13,Sun,Los Angeles Raiders,Denver Broncos,22,20,Regular Season,1983
1983-11-13,Sun,San Francisco 49ers,New Orleans Saints,27,0,Regular Season,1983
1983-11-13,Sun,Washington Redskins,New York Giants,33,17,Regular Season,1983
1983-11-14,Mon,Los Angeles Rams,Atlanta Falcons,36,13,Regular Season,1983
1983-11-20,Sun,Los Angeles Raiders,Buffalo Bills,27,24,Regular Season,1983
1983-11-20,Sun,Chicago Bears,Tampa Bay Buccaneers,27,0,Regular Season,1983
1983-11-20,Sun,Cincinnati Bengals,Houston Oilers,38,10,Regular Season,1983
1983-11-20,Sun,Cleveland Browns,New England Patriots,30,0,Regular Season,1983
1983-11-20,Sun,Miami Dolphins,Baltimore Colts,37,0,Regular Season,1983
1983-11-20,Sun,St. Louis Cardinals,San Diego Chargers,44,14,Regular Season,1983
1983-11-20,Sun,Detroit Lions,Green Bay Packers,23,20,Regular Season,1983
1983-11-20,Sun,Minnesota Vikings,Pittsburgh Steelers,17,14,Regular Season,1983
1983-11-20,Sun,New York Giants,Philadelphia Eagles,23,0,Regular Season,1983
1983-11-20,Sun,Atlanta Falcons,San Francisco 49ers,28,24,Regular Season,1983
1983-11-20,Sun,Dallas Cowboys,Kansas City Chiefs,41,21,Regular Season,1983
1983-11-20,Sun,Denver Broncos,Seattle Seahawks,38,27,Regular Season,1983
1983-11-20,Sun,Washington Redskins,Los Angeles Rams,42,20,Regular Season,1983
1983-11-21,Mon,New York Jets,New Orleans Saints,31,28,Regular Season,1983
1983-11-24,Thu,Detroit Lions,Pittsburgh Steelers,45,3,Regular Season,1983
1983-11-24,Thu,Dallas Cowboys,St. Louis Cardinals,35,17,Regular Season,1983
1983-11-27,Sun,Chicago Bears,San Francisco 49ers,13,3,Regular Season,1983
1983-11-27,Sun,Cleveland Browns,Baltimore Colts,41,23,Regular Season,1983
1983-11-27,Sun,New Orleans Saints,Minnesota Vikings,17,16,Regular Season,1983
1983-11-27,Sun,New York Jets,New England Patriots,26,3,Regular Season,1983
1983-11-27,Sun,Tampa Bay Buccaneers,Houston Oilers,33,24,Regular Season,1983
1983-11-27,Sun,Washington Redskins,Philadelphia Eagles,28,24,Regular Season,1983
1983-11-27,Sun,Atlanta Falcons,Green Bay Packers,47,41,Regular Season,1983
1983-11-27,Sun,Los Angeles Rams,Buffalo Bills,41,17,Regular Season,1983
1983-11-27,Sun,San Diego Chargers,Denver Broncos,31,7,Regular Season,1983
1983-11-27,Sun,Seattle Seahawks,Kansas City Chiefs,51,48,Regular Season,1983
1983-11-27,Sun,Los Angeles Raiders,New York Giants,27,12,Regular Season,1983
1983-11-28,Mon,Miami Dolphins,Cincinnati Bengals,38,14,Regular Season,1983
1983-12-01,Thu,Los Angeles Raiders,San Diego Chargers,42,10,Regular Season,1983
1983-12-04,Sun,Washington Redskins,Atlanta Falcons,37,21,Regular Season,1983
1983-12-04,Sun,Buffalo Bills,Kansas City Chiefs,14,9,Regular Season,1983
1983-12-04,Sun,Green Bay Packers,Chicago Bears,31,28,Regular Season,1983
1983-12-04,Sun,Cincinnati Bengals,Pittsburgh Steelers,23,10,Regular Season,1983
1983-12-04,Sun,St. Louis Cardinals,New York Giants,10,6,Regular Season,1983
1983-12-04,Sun,Miami Dolphins,Houston Oilers,24,17,Regular Season,1983
1983-12-04,Sun,New England Patriots,New Orleans Saints,7,0,Regular Season,1983
1983-12-04,Sun,Philadelphia Eagles,Los Angeles Rams,13,9,Regular Season,1983
1983-12-04,Sun,Denver Broncos,Cleveland Browns,27,6,Regular Season,1983
1983-12-04,Sun,New York Jets,Baltimore Colts,10,6,Regular Season,1983
1983-12-04,Sun,Dallas Cowboys,Seattle Seahawks,35,10,Regular Season,1983
1983-12-04,Sun,San Francisco 49ers,Tampa Bay Buccaneers,35,21,Regular Season,1983
1983-12-05,Mon,Detroit Lions,Minnesota Vikings,13,2,Regular Season,1983
1983-12-10,Sat,Pittsburgh Steelers,New York Jets,34,7,Regular Season,1983
1983-12-10,Sat,Miami Dolphins,Atlanta Falcons,31,24,Regular Season,1983
1983-12-11,Sun,San Francisco 49ers,Buffalo Bills,23,10,Regular Season,1983
1983-12-11,Sun,Chicago Bears,Minnesota Vikings,19,13,Regular Season,1983
1983-12-11,Sun,Cincinnati Bengals,Detroit Lions,17,9,Regular Season,1983
1983-12-11,Sun,Houston Oilers,Cleveland Browns,34,27,Regular Season,1983
1983-12-11,Sun,New Orleans Saints,Philadelphia Eagles,20,17,Regular Season,1983
1983-12-11,Sun,Seattle Seahawks,New York Giants,17,12,Regular Season,1983
1983-12-11,Sun,Denver Broncos,Baltimore Colts,21,19,Regular Season,1983
1983-12-11,Sun,St. Louis Cardinals,Los Angeles Raiders,34,24,Regular Season,1983
1983-12-11,Sun,Washington Redskins,Dallas Cowboys,31,10,Regular Season,1983
1983-12-11,Sun,San Diego Chargers,Kansas City Chiefs,41,38,Regular Season,1983
1983-12-11,Sun,New England Patriots,Los Angeles Rams,21,7,Regular Season,1983
1983-12-12,Mon,Green Bay Packers,Tampa Bay Buccaneers,12,9,Regular Season,1983
1983-12-16,Fri,Miami Dolphins,New York Jets,34,14,Regular Season,1983
1983-12-17,Sat,Washington Redskins,New York Giants,31,22,Regular Season,1983
1983-12-17,Sat,Minnesota Vikings,Cincinnati Bengals,20,14,Regular Season,1983
1983-12-18,Sun,Atlanta Falcons,Buffalo Bills,31,14,Regular Season,1983
1983-12-18,Sun,Chicago Bears,Green Bay Packers,23,21,Regular Season,1983
1983-12-18,Sun,Cleveland Browns,Pittsburgh Steelers,30,17,Regular Season,1983
1983-12-18,Sun,St. Louis Cardinals,Philadelphia Eagles,31,7,Regular Season,1983
1983-12-18,Sun,Kansas City Chiefs,Denver Broncos,48,17,Regular Season,1983
1983-12-18,Sun,Los Angeles Rams,New Orleans Saints,26,24,Regular Season,1983
1983-12-18,Sun,Baltimore Colts,Houston Oilers,20,10,Regular Season,1983
1983-12-18,Sun,Detroit Lions,Tampa Bay Buccaneers,23,20,Regular Season,1983
1983-12-18,Sun,Seattle Seahawks,New England Patriots,24,6,Regular Season,1983
1983-12-18,Sun,Los Angeles Raiders,San Diego Chargers,30,14,Regular Season,1983
1983-12-19,Mon,San Francisco 49ers,Dallas Cowboys,42,17,Regular Season,1983
Playoffs,,,,,,Playoff,1983
1983-12-24,Sat,Seattle Seahawks,Denver Broncos,31,7,Playoff,1983
1983-12-26,Mon,Los Angeles Rams,Dallas Cowboys,24,17,Playoff,1983
1983-12-31,Sat,Seattle Seahawks,Miami Dolphins,27,20,Playoff,1983
1983-12-31,Sat,San Francisco 49ers,Detroit Lions,24,23,Playoff,1983
1984-01-01,Sun,Washington Redskins,Los Angeles Rams,51,7,Playoff,1983
1984-01-01,Sun,Los Angeles Raiders,Pittsburgh Steelers,38,10,Playoff,1983
1984-01-08,Sun,Washington Redskins,San Francisco 49ers,24,21,Playoff,1983
1984-01-08,Sun,Los Angeles Raiders,Seattle Seahawks,30,14,Playoff,1983
1984-01-22,Sun,Los Angeles Raiders,Washington Redskins,38,9,Playoff,1983
