Date,DOW,WT,LT,WTS,LTS,Type,Season
1984-09-02,Sun,Atlanta Falcons,New Orleans Saints,36,28,Regular Season,1984
1984-09-02,Sun,New England Patriots,Buffalo Bills,21,17,Regular Season,1984
1984-09-02,Sun,Chicago Bears,Tampa Bay Buccaneers,34,14,Regular Season,1984
1984-09-02,Sun,Green Bay Packers,St. Louis Cardinals,24,23,Regular Season,1984
1984-09-02,Sun,San Francisco 49ers,Detroit Lions,30,27,Regular Season,1984
1984-09-02,Sun,Kansas City Chiefs,Pittsburgh Steelers,37,27,Regular Season,1984
1984-09-02,Sun,Miami Dolphins,Washington Redskins,35,17,Regular Season,1984
1984-09-02,Sun,San Diego Chargers,Minnesota Vikings,42,13,Regular Season,1984
1984-09-02,Sun,New York Giants,Philadelphia Eagles,28,27,Regular Season,1984
1984-09-02,Sun,Denver Broncos,Cincinnati Bengals,20,17,Regular Season,1984
1984-09-02,Sun,New York Jets,Indianapolis Colts,23,14,Regular Season,1984
1984-09-02,Sun,Los Angeles Raiders,Houston Oilers,24,14,Regular Season,1984
1984-09-03,Mon,Seattle Seahawks,Cleveland Browns,33,0,Regular Season,1984
1984-09-03,Mon,Dallas Cowboys,Los Angeles Rams,20,13,Regular Season,1984
1984-09-06,Thu,Pittsburgh Steelers,New York Jets,23,17,Regular Season,1984
1984-09-09,Sun,Detroit Lions,Atlanta Falcons,27,24,Regular Season,1984
1984-09-09,Sun,St. Louis Cardinals,Buffalo Bills,37,7,Regular Season,1984
1984-09-09,Sun,Chicago Bears,Denver Broncos,27,0,Regular Season,1984
1984-09-09,Sun,Kansas City Chiefs,Cincinnati Bengals,27,22,Regular Season,1984
1984-09-09,Sun,New York Giants,Dallas Cowboys,28,7,Regular Season,1984
1984-09-09,Sun,Miami Dolphins,New England Patriots,28,7,Regular Season,1984
1984-09-09,Sun,Philadelphia Eagles,Minnesota Vikings,19,17,Regular Season,1984
1984-09-09,Sun,New Orleans Saints,Tampa Bay Buccaneers,17,13,Regular Season,1984
1984-09-09,Sun,Los Angeles Rams,Cleveland Browns,20,17,Regular Season,1984
1984-09-09,Sun,Indianapolis Colts,Houston Oilers,35,21,Regular Season,1984
1984-09-09,Sun,Los Angeles Raiders,Green Bay Packers,28,7,Regular Season,1984
1984-09-09,Sun,Seattle Seahawks,San Diego Chargers,31,17,Regular Season,1984
1984-09-10,Mon,San Francisco 49ers,Washington Redskins,37,31,Regular Season,1984
1984-09-16,Sun,Minnesota Vikings,Atlanta Falcons,27,20,Regular Season,1984
1984-09-16,Sun,Chicago Bears,Green Bay Packers,9,7,Regular Season,1984
1984-09-16,Sun,New York Jets,Cincinnati Bengals,43,23,Regular Season,1984
1984-09-16,Sun,St. Louis Cardinals,Indianapolis Colts,34,33,Regular Season,1984
1984-09-16,Sun,Los Angeles Raiders,Kansas City Chiefs,22,20,Regular Season,1984
1984-09-16,Sun,New England Patriots,Seattle Seahawks,38,23,Regular Season,1984
1984-09-16,Sun,Dallas Cowboys,Philadelphia Eagles,23,17,Regular Season,1984
1984-09-16,Sun,Tampa Bay Buccaneers,Detroit Lions,21,17,Regular Season,1984
1984-09-16,Sun,San Francisco 49ers,New Orleans Saints,30,20,Regular Season,1984
1984-09-16,Sun,Washington Redskins,New York Giants,30,14,Regular Season,1984
1984-09-16,Sun,San Diego Chargers,Houston Oilers,31,14,Regular Season,1984
1984-09-16,Sun,Pittsburgh Steelers,Los Angeles Rams,24,14,Regular Season,1984
1984-09-16,Sun,Denver Broncos,Cleveland Browns,24,14,Regular Season,1984
1984-09-17,Mon,Miami Dolphins,Buffalo Bills,21,17,Regular Season,1984
1984-09-23,Sun,Atlanta Falcons,Houston Oilers,42,10,Regular Season,1984
1984-09-23,Sun,New York Jets,Buffalo Bills,28,26,Regular Season,1984
1984-09-23,Sun,Los Angeles Rams,Cincinnati Bengals,24,14,Regular Season,1984
1984-09-23,Sun,Cleveland Browns,Pittsburgh Steelers,20,10,Regular Season,1984
1984-09-23,Sun,New Orleans Saints,St. Louis Cardinals,34,24,Regular Season,1984
1984-09-23,Sun,Minnesota Vikings,Detroit Lions,29,28,Regular Season,1984
1984-09-23,Sun,Washington Redskins,New England Patriots,26,10,Regular Season,1984
1984-09-23,Sun,San Francisco 49ers,Philadelphia Eagles,21,9,Regular Season,1984
1984-09-23,Sun,Seattle Seahawks,Chicago Bears,38,9,Regular Season,1984
1984-09-23,Sun,Miami Dolphins,Indianapolis Colts,44,7,Regular Season,1984
1984-09-23,Sun,Dallas Cowboys,Green Bay Packers,20,6,Regular Season,1984
1984-09-23,Sun,Denver Broncos,Kansas City Chiefs,21,0,Regular Season,1984
1984-09-23,Sun,New York Giants,Tampa Bay Buccaneers,17,14,Regular Season,1984
1984-09-24,Mon,Los Angeles Raiders,San Diego Chargers,33,30,Regular Season,1984
1984-09-30,Sun,Indianapolis Colts,Buffalo Bills,31,17,Regular Season,1984
1984-09-30,Sun,Dallas Cowboys,Chicago Bears,23,14,Regular Season,1984
1984-09-30,Sun,Kansas City Chiefs,Cleveland Browns,10,6,Regular Season,1984
1984-09-30,Sun,Miami Dolphins,St. Louis Cardinals,36,28,Regular Season,1984
1984-09-30,Sun,Seattle Seahawks,Minnesota Vikings,20,12,Regular Season,1984
1984-09-30,Sun,New England Patriots,New York Jets,28,21,Regular Season,1984
1984-09-30,Sun,San Francisco 49ers,Atlanta Falcons,14,5,Regular Season,1984
1984-09-30,Sun,Denver Broncos,Los Angeles Raiders,16,13,Regular Season,1984
1984-09-30,Sun,San Diego Chargers,Detroit Lions,27,24,Regular Season,1984
1984-09-30,Sun,Tampa Bay Buccaneers,Green Bay Packers,30,27,Regular Season,1984
1984-09-30,Sun,New Orleans Saints,Houston Oilers,27,10,Regular Season,1984
1984-09-30,Sun,Los Angeles Rams,New York Giants,33,12,Regular Season,1984
1984-09-30,Sun,Washington Redskins,Philadelphia Eagles,20,0,Regular Season,1984
1984-10-01,Mon,Pittsburgh Steelers,Cincinnati Bengals,38,17,Regular Season,1984
1984-10-07,Sun,Philadelphia Eagles,Buffalo Bills,27,17,Regular Season,1984
1984-10-07,Sun,Chicago Bears,New Orleans Saints,20,7,Regular Season,1984
1984-10-07,Sun,New England Patriots,Cleveland Browns,17,16,Regular Season,1984
1984-10-07,Sun,Washington Redskins,Indianapolis Colts,35,7,Regular Season,1984
1984-10-07,Sun,St. Louis Cardinals,Dallas Cowboys,31,20,Regular Season,1984
1984-10-07,Sun,Denver Broncos,Detroit Lions,28,7,Regular Season,1984
1984-10-07,Sun,New York Jets,Kansas City Chiefs,17,16,Regular Season,1984
1984-10-07,Sun,Miami Dolphins,Pittsburgh Steelers,31,7,Regular Season,1984
1984-10-07,Sun,Tampa Bay Buccaneers,Minnesota Vikings,35,31,Regular Season,1984
1984-10-07,Sun,Atlanta Falcons,Los Angeles Rams,30,28,Regular Season,1984
1984-10-07,Sun,Cincinnati Bengals,Houston Oilers,13,3,Regular Season,1984
1984-10-07,Sun,San Diego Chargers,Green Bay Packers,34,28,Regular Season,1984
1984-10-07,Sun,Los Angeles Raiders,Seattle Seahawks,28,14,Regular Season,1984
1984-10-08,Mon,San Francisco 49ers,New York Giants,31,10,Regular Season,1984
1984-10-14,Sun,New York Giants,Atlanta Falcons,19,7,Regular Season,1984
1984-10-14,Sun,St. Louis Cardinals,Chicago Bears,38,21,Regular Season,1984
1984-10-14,Sun,New England Patriots,Cincinnati Bengals,20,14,Regular Season,1984
1984-10-14,Sun,New York Jets,Cleveland Browns,24,20,Regular Season,1984
1984-10-14,Sun,Philadelphia Eagles,Indianapolis Colts,16,7,Regular Season,1984
1984-10-14,Sun,Detroit Lions,Tampa Bay Buccaneers,13,7,Regular Season,1984
1984-10-14,Sun,Kansas City Chiefs,San Diego Chargers,31,13,Regular Season,1984
1984-10-14,Sun,Miami Dolphins,Houston Oilers,28,10,Regular Season,1984
1984-10-14,Sun,Los Angeles Rams,New Orleans Saints,28,10,Regular Season,1984
1984-10-14,Sun,Seattle Seahawks,Buffalo Bills,31,28,Regular Season,1984
1984-10-14,Sun,Washington Redskins,Dallas Cowboys,34,14,Regular Season,1984
1984-10-14,Sun,Los Angeles Raiders,Minnesota Vikings,23,20,Regular Season,1984
1984-10-14,Sun,Pittsburgh Steelers,San Francisco 49ers,20,17,Regular Season,1984
1984-10-15,Mon,Denver Broncos,Green Bay Packers,17,14,Regular Season,1984
1984-10-21,Sun,Denver Broncos,Buffalo Bills,37,7,Regular Season,1984
1984-10-21,Sun,Chicago Bears,Tampa Bay Buccaneers,44,9,Regular Season,1984
1984-10-21,Sun,Cincinnati Bengals,Cleveland Browns,12,9,Regular Season,1984
1984-10-21,Sun,Indianapolis Colts,Pittsburgh Steelers,17,16,Regular Season,1984
1984-10-21,Sun,St. Louis Cardinals,Washington Redskins,26,24,Regular Season,1984
1984-10-21,Sun,Detroit Lions,Minnesota Vikings,16,14,Regular Season,1984
1984-10-21,Sun,Seattle Seahawks,Green Bay Packers,30,24,Regular Season,1984
1984-10-21,Sun,Miami Dolphins,New England Patriots,44,24,Regular Season,1984
1984-10-21,Sun,Philadelphia Eagles,New York Giants,24,10,Regular Season,1984
1984-10-21,Sun,New York Jets,Kansas City Chiefs,28,7,Regular Season,1984
1984-10-21,Sun,San Francisco 49ers,Houston Oilers,34,21,Regular Season,1984
1984-10-21,Sun,Los Angeles Raiders,San Diego Chargers,44,37,Regular Season,1984
1984-10-21,Sun,Dallas Cowboys,New Orleans Saints,30,27,Regular Season,1984
1984-10-22,Mon,Los Angeles Rams,Atlanta Falcons,24,10,Regular Season,1984
1984-10-28,Sun,Pittsburgh Steelers,Atlanta Falcons,35,10,Regular Season,1984
1984-10-28,Sun,Chicago Bears,Minnesota Vikings,16,7,Regular Season,1984
1984-10-28,Sun,Cincinnati Bengals,Houston Oilers,31,13,Regular Season,1984
1984-10-28,Sun,New Orleans Saints,Cleveland Browns,16,14,Regular Season,1984
1984-10-28,Sun,Dallas Cowboys,Indianapolis Colts,22,3,Regular Season,1984
1984-10-28,Sun,St. Louis Cardinals,Philadelphia Eagles,34,14,Regular Season,1984
1984-10-28,Sun,Green Bay Packers,Detroit Lions,41,9,Regular Season,1984
1984-10-28,Sun,Kansas City Chiefs,Tampa Bay Buccaneers,24,20,Regular Season,1984
1984-10-28,Sun,New England Patriots,New York Jets,30,20,Regular Season,1984
1984-10-28,Sun,Miami Dolphins,Buffalo Bills,38,7,Regular Season,1984
1984-10-28,Sun,Denver Broncos,Los Angeles Raiders,22,19,Regular Season,1984
1984-10-28,Sun,New York Giants,Washington Redskins,37,13,Regular Season,1984
1984-10-28,Sun,San Francisco 49ers,Los Angeles Rams,33,0,Regular Season,1984
1984-10-29,Mon,Seattle Seahawks,San Diego Chargers,24,0,Regular Season,1984
1984-11-04,Sun,Cleveland Browns,Buffalo Bills,13,10,Regular Season,1984
1984-11-04,Sun,Chicago Bears,Los Angeles Raiders,17,6,Regular Season,1984
1984-11-04,Sun,San Diego Chargers,Indianapolis Colts,38,10,Regular Season,1984
1984-11-04,Sun,New York Giants,Dallas Cowboys,19,7,Regular Season,1984
1984-11-04,Sun,Philadelphia Eagles,Detroit Lions,23,23,Regular Season,1984
1984-11-04,Sun,Green Bay Packers,New Orleans Saints,23,13,Regular Season,1984
1984-11-04,Sun,Minnesota Vikings,Tampa Bay Buccaneers,27,24,Regular Season,1984
1984-11-04,Sun,Pittsburgh Steelers,Houston Oilers,35,7,Regular Season,1984
1984-11-04,Sun,San Francisco 49ers,Cincinnati Bengals,23,17,Regular Season,1984
1984-11-04,Sun,Los Angeles Rams,St. Louis Cardinals,16,13,Regular Season,1984
1984-11-04,Sun,Denver Broncos,New England Patriots,26,19,Regular Season,1984
1984-11-04,Sun,Seattle Seahawks,Kansas City Chiefs,45,0,Regular Season,1984
1984-11-04,Sun,Miami Dolphins,New York Jets,31,17,Regular Season,1984
1984-11-05,Mon,Washington Redskins,Atlanta Falcons,27,14,Regular Season,1984
1984-11-11,Sun,New Orleans Saints,Atlanta Falcons,17,13,Regular Season,1984
1984-11-11,Sun,New England Patriots,Buffalo Bills,38,10,Regular Season,1984
1984-11-11,Sun,Cincinnati Bengals,Pittsburgh Steelers,22,20,Regular Season,1984
1984-11-11,Sun,San Francisco 49ers,Cleveland Browns,41,7,Regular Season,1984
1984-11-11,Sun,Indianapolis Colts,New York Jets,9,5,Regular Season,1984
1984-11-11,Sun,Washington Redskins,Detroit Lions,28,14,Regular Season,1984
1984-11-11,Sun,Green Bay Packers,Minnesota Vikings,45,17,Regular Season,1984
1984-11-11,Sun,Houston Oilers,Kansas City Chiefs,17,16,Regular Season,1984
1984-11-11,Sun,Miami Dolphins,Philadelphia Eagles,24,23,Regular Season,1984
1984-11-11,Sun,Los Angeles Rams,Chicago Bears,29,13,Regular Season,1984
1984-11-11,Sun,Dallas Cowboys,St. Louis Cardinals,24,17,Regular Season,1984
1984-11-11,Sun,Denver Broncos,San Diego Chargers,16,13,Regular Season,1984
1984-11-11,Sun,Tampa Bay Buccaneers,New York Giants,20,17,Regular Season,1984
1984-11-12,Mon,Seattle Seahawks,Los Angeles Raiders,17,14,Regular Season,1984
1984-11-18,Sun,Cleveland Browns,Atlanta Falcons,23,7,Regular Season,1984
1984-11-18,Sun,Buffalo Bills,Dallas Cowboys,14,3,Regular Season,1984
1984-11-18,Sun,Chicago Bears,Detroit Lions,16,14,Regular Season,1984
1984-11-18,Sun,Seattle Seahawks,Cincinnati Bengals,26,6,Regular Season,1984
1984-11-18,Sun,New England Patriots,Indianapolis Colts,50,17,Regular Season,1984
1984-11-18,Sun,New York Giants,St. Louis Cardinals,16,10,Regular Season,1984
1984-11-18,Sun,Green Bay Packers,Los Angeles Rams,31,6,Regular Season,1984
1984-11-18,Sun,Philadelphia Eagles,Washington Redskins,16,10,Regular Season,1984
1984-11-18,Sun,Denver Broncos,Minnesota Vikings,42,21,Regular Season,1984
1984-11-18,Sun,Los Angeles Raiders,Kansas City Chiefs,17,7,Regular Season,1984
1984-11-18,Sun,San Diego Chargers,Miami Dolphins,34,28,Regular Season,1984
1984-11-18,Sun,Houston Oilers,New York Jets,31,20,Regular Season,1984
1984-11-18,Sun,San Francisco 49ers,Tampa Bay Buccaneers,24,17,Regular Season,1984
1984-11-19,Mon,New Orleans Saints,Pittsburgh Steelers,27,24,Regular Season,1984
1984-11-22,Thu,Detroit Lions,Green Bay Packers,31,28,Regular Season,1984
1984-11-22,Thu,Dallas Cowboys,New England Patriots,20,17,Regular Season,1984
1984-11-25,Sun,Cincinnati Bengals,Atlanta Falcons,35,14,Regular Season,1984
1984-11-25,Sun,Washington Redskins,Buffalo Bills,41,14,Regular Season,1984
1984-11-25,Sun,Cleveland Browns,Houston Oilers,27,10,Regular Season,1984
1984-11-25,Sun,St. Louis Cardinals,Philadelphia Eagles,17,16,Regular Season,1984
1984-11-25,Sun,New York Giants,Kansas City Chiefs,28,27,Regular Season,1984
1984-11-25,Sun,Pittsburgh Steelers,San Diego Chargers,52,24,Regular Season,1984
1984-11-25,Sun,Los Angeles Rams,Tampa Bay Buccaneers,34,33,Regular Season,1984
1984-11-25,Sun,Chicago Bears,Minnesota Vikings,34,3,Regular Season,1984
1984-11-25,Sun,Los Angeles Raiders,Indianapolis Colts,21,7,Regular Season,1984
1984-11-25,Sun,Seattle Seahawks,Denver Broncos,27,24,Regular Season,1984
1984-11-25,Sun,San Francisco 49ers,New Orleans Saints,35,3,Regular Season,1984
1984-11-26,Mon,Miami Dolphins,New York Jets,28,17,Regular Season,1984
1984-11-29,Thu,Washington Redskins,Minnesota Vikings,31,17,Regular Season,1984
1984-12-02,Sun,San Francisco 49ers,Atlanta Falcons,35,17,Regular Season,1984
1984-12-02,Sun,Buffalo Bills,Indianapolis Colts,21,15,Regular Season,1984
1984-12-02,Sun,Cincinnati Bengals,Cleveland Browns,20,17,Regular Season,1984
1984-12-02,Sun,St. Louis Cardinals,New England Patriots,33,10,Regular Season,1984
1984-12-02,Sun,Dallas Cowboys,Philadelphia Eagles,26,10,Regular Season,1984
1984-12-02,Sun,Kansas City Chiefs,Denver Broncos,16,13,Regular Season,1984
1984-12-02,Sun,Green Bay Packers,Tampa Bay Buccaneers,27,14,Regular Season,1984
1984-12-02,Sun,New York Giants,New York Jets,20,10,Regular Season,1984
1984-12-02,Sun,Houston Oilers,Pittsburgh Steelers,23,20,Regular Season,1984
1984-12-02,Sun,Seattle Seahawks,Detroit Lions,38,17,Regular Season,1984
1984-12-02,Sun,Los Angeles Raiders,Miami Dolphins,45,34,Regular Season,1984
1984-12-02,Sun,Los Angeles Rams,New Orleans Saints,34,21,Regular Season,1984
1984-12-03,Mon,San Diego Chargers,Chicago Bears,20,7,Regular Season,1984
1984-12-08,Sat,New York Jets,Buffalo Bills,21,17,Regular Season,1984
1984-12-08,Sat,San Francisco 49ers,Minnesota Vikings,51,7,Regular Season,1984
1984-12-09,Sun,Tampa Bay Buccaneers,Atlanta Falcons,23,6,Regular Season,1984
1984-12-09,Sun,Green Bay Packers,Chicago Bears,20,14,Regular Season,1984
1984-12-09,Sun,Cincinnati Bengals,New Orleans Saints,24,21,Regular Season,1984
1984-12-09,Sun,Pittsburgh Steelers,Cleveland Browns,23,20,Regular Season,1984
1984-12-09,Sun,Miami Dolphins,Indianapolis Colts,35,17,Regular Season,1984
1984-12-09,Sun,St. Louis Cardinals,New York Giants,31,21,Regular Season,1984
1984-12-09,Sun,Kansas City Chiefs,Seattle Seahawks,34,7,Regular Season,1984
1984-12-09,Sun,Philadelphia Eagles,New England Patriots,27,17,Regular Season,1984
1984-12-09,Sun,Washington Redskins,Dallas Cowboys,30,28,Regular Season,1984
1984-12-09,Sun,Denver Broncos,San Diego Chargers,16,13,Regular Season,1984
1984-12-09,Sun,Los Angeles Rams,Houston Oilers,27,16,Regular Season,1984
1984-12-10,Mon,Los Angeles Raiders,Detroit Lions,24,3,Regular Season,1984
1984-12-14,Fri,San Francisco 49ers,Los Angeles Rams,19,16,Regular Season,1984
1984-12-15,Sat,New Orleans Saints,New York Giants,10,3,Regular Season,1984
1984-12-15,Sat,Denver Broncos,Seattle Seahawks,31,14,Regular Season,1984
1984-12-16,Sun,Cincinnati Bengals,Buffalo Bills,52,21,Regular Season,1984
1984-12-16,Sun,Chicago Bears,Detroit Lions,30,13,Regular Season,1984
1984-12-16,Sun,Cleveland Browns,Houston Oilers,27,20,Regular Season,1984
1984-12-16,Sun,New England Patriots,Indianapolis Colts,16,10,Regular Season,1984
1984-12-16,Sun,Washington Redskins,St. Louis Cardinals,29,27,Regular Season,1984
1984-12-16,Sun,Green Bay Packers,Minnesota Vikings,38,14,Regular Season,1984
1984-12-16,Sun,Tampa Bay Buccaneers,New York Jets,41,21,Regular Season,1984
1984-12-16,Sun,Atlanta Falcons,Philadelphia Eagles,26,10,Regular Season,1984
1984-12-16,Sun,Kansas City Chiefs,San Diego Chargers,42,21,Regular Season,1984
1984-12-16,Sun,Pittsburgh Steelers,Los Angeles Raiders,13,7,Regular Season,1984
1984-12-17,Mon,Miami Dolphins,Dallas Cowboys,28,21,Regular Season,1984
Playoffs,,,,,,Playoff,1984
1984-12-22,Sat,Seattle Seahawks,Los Angeles Raiders,13,7,Playoff,1984
1984-12-23,Sun,New York Giants,Los Angeles Rams,16,13,Playoff,1984
1984-12-29,Sat,Miami Dolphins,Seattle Seahawks,31,10,Playoff,1984
1984-12-29,Sat,San Francisco 49ers,New York Giants,21,10,Playoff,1984
1984-12-30,Sun,Chicago Bears,Washington Redskins,23,19,Playoff,1984
1984-12-30,Sun,Pittsburgh Steelers,Denver Broncos,24,17,Playoff,1984
1985-01-06,Sun,Miami Dolphins,Pittsburgh Steelers,45,28,Playoff,1984
1985-01-06,Sun,San Francisco 49ers,Chicago Bears,23,0,Playoff,1984
1985-01-20,Sun,San Francisco 49ers,Miami Dolphins,38,16,Playoff,1984
