Date,DOW,WT,LT,WTS,LTS,Type,Season
1985-09-08,Sun,Detroit Lions,Atlanta Falcons,28,27,Regular Season,1985
1985-09-08,Sun,Chicago Bears,Tampa Bay Buccaneers,38,28,Regular Season,1985
1985-09-08,Sun,Seattle Seahawks,Cincinnati Bengals,28,24,Regular Season,1985
1985-09-08,Sun,St. Louis Cardinals,Cleveland Browns,27,24,Regular Season,1985
1985-09-08,Sun,Pittsburgh Steelers,Indianapolis Colts,45,3,Regular Season,1985
1985-09-08,Sun,New England Patriots,Green Bay Packers,26,20,Regular Season,1985
1985-09-08,Sun,Kansas City Chiefs,New Orleans Saints,47,27,Regular Season,1985
1985-09-08,Sun,Houston Oilers,Miami Dolphins,26,23,Regular Season,1985
1985-09-08,Sun,Minnesota Vikings,San Francisco 49ers,28,21,Regular Season,1985
1985-09-08,Sun,New York Giants,Philadelphia Eagles,21,0,Regular Season,1985
1985-09-08,Sun,San Diego Chargers,Buffalo Bills,14,9,Regular Season,1985
1985-09-08,Sun,Los Angeles Rams,Denver Broncos,20,16,Regular Season,1985
1985-09-08,Sun,Los Angeles Raiders,New York Jets,31,0,Regular Season,1985
1985-09-09,Mon,Dallas Cowboys,Washington Redskins,44,14,Regular Season,1985
1985-09-12,Thu,Kansas City Chiefs,Los Angeles Raiders,36,20,Regular Season,1985
1985-09-15,Sun,New York Jets,Buffalo Bills,42,3,Regular Season,1985
1985-09-15,Sun,Chicago Bears,New England Patriots,20,7,Regular Season,1985
1985-09-15,Sun,St. Louis Cardinals,Cincinnati Bengals,41,27,Regular Season,1985
1985-09-15,Sun,Miami Dolphins,Indianapolis Colts,30,13,Regular Season,1985
1985-09-15,Sun,Detroit Lions,Dallas Cowboys,26,21,Regular Season,1985
1985-09-15,Sun,Washington Redskins,Houston Oilers,16,13,Regular Season,1985
1985-09-15,Sun,Los Angeles Rams,Philadelphia Eagles,17,6,Regular Season,1985
1985-09-15,Sun,San Francisco 49ers,Atlanta Falcons,35,16,Regular Season,1985
1985-09-15,Sun,Denver Broncos,New Orleans Saints,34,23,Regular Season,1985
1985-09-15,Sun,Green Bay Packers,New York Giants,23,20,Regular Season,1985
1985-09-15,Sun,Minnesota Vikings,Tampa Bay Buccaneers,31,16,Regular Season,1985
1985-09-15,Sun,Seattle Seahawks,San Diego Chargers,49,35,Regular Season,1985
1985-09-16,Mon,Cleveland Browns,Pittsburgh Steelers,17,7,Regular Season,1985
1985-09-19,Thu,Chicago Bears,Minnesota Vikings,33,24,Regular Season,1985
1985-09-22,Sun,Denver Broncos,Atlanta Falcons,44,28,Regular Season,1985
1985-09-22,Sun,New England Patriots,Buffalo Bills,17,14,Regular Season,1985
1985-09-22,Sun,San Diego Chargers,Cincinnati Bengals,44,41,Regular Season,1985
1985-09-22,Sun,Dallas Cowboys,Cleveland Browns,20,7,Regular Season,1985
1985-09-22,Sun,Indianapolis Colts,Detroit Lions,14,6,Regular Season,1985
1985-09-22,Sun,New York Giants,St. Louis Cardinals,27,17,Regular Season,1985
1985-09-22,Sun,New Orleans Saints,Tampa Bay Buccaneers,20,13,Regular Season,1985
1985-09-22,Sun,Pittsburgh Steelers,Houston Oilers,20,0,Regular Season,1985
1985-09-22,Sun,Philadelphia Eagles,Washington Redskins,19,6,Regular Season,1985
1985-09-22,Sun,New York Jets,Green Bay Packers,24,3,Regular Season,1985
1985-09-22,Sun,Miami Dolphins,Kansas City Chiefs,31,0,Regular Season,1985
1985-09-22,Sun,San Francisco 49ers,Los Angeles Raiders,34,10,Regular Season,1985
1985-09-23,Mon,Los Angeles Rams,Seattle Seahawks,35,24,Regular Season,1985
1985-09-29,Sun,Minnesota Vikings,Buffalo Bills,27,20,Regular Season,1985
1985-09-29,Sun,Chicago Bears,Washington Redskins,45,10,Regular Season,1985
1985-09-29,Sun,St. Louis Cardinals,Green Bay Packers,43,28,Regular Season,1985
1985-09-29,Sun,Dallas Cowboys,Houston Oilers,17,10,Regular Season,1985
1985-09-29,Sun,Detroit Lions,Tampa Bay Buccaneers,30,9,Regular Season,1985
1985-09-29,Sun,Kansas City Chiefs,Seattle Seahawks,28,7,Regular Season,1985
1985-09-29,Sun,Los Angeles Raiders,New England Patriots,35,20,Regular Season,1985
1985-09-29,Sun,New York Giants,Philadelphia Eagles,16,10,Regular Season,1985
1985-09-29,Sun,Los Angeles Rams,Atlanta Falcons,17,6,Regular Season,1985
1985-09-29,Sun,Cleveland Browns,San Diego Chargers,21,7,Regular Season,1985
1985-09-29,Sun,New York Jets,Indianapolis Colts,25,20,Regular Season,1985
1985-09-29,Sun,Miami Dolphins,Denver Broncos,30,26,Regular Season,1985
1985-09-29,Sun,New Orleans Saints,San Francisco 49ers,20,17,Regular Season,1985
1985-09-30,Mon,Cincinnati Bengals,Pittsburgh Steelers,37,24,Regular Season,1985
1985-10-06,Sun,San Francisco 49ers,Atlanta Falcons,38,17,Regular Season,1985
1985-10-06,Sun,Indianapolis Colts,Buffalo Bills,49,17,Regular Season,1985
1985-10-06,Sun,Chicago Bears,Tampa Bay Buccaneers,27,19,Regular Season,1985
1985-10-06,Sun,Cleveland Browns,New England Patriots,24,20,Regular Season,1985
1985-10-06,Sun,Green Bay Packers,Detroit Lions,43,10,Regular Season,1985
1985-10-06,Sun,Miami Dolphins,Pittsburgh Steelers,24,20,Regular Season,1985
1985-10-06,Sun,New Orleans Saints,Philadelphia Eagles,23,21,Regular Season,1985
1985-10-06,Sun,New York Jets,Cincinnati Bengals,29,20,Regular Season,1985
1985-10-06,Sun,Denver Broncos,Houston Oilers,31,20,Regular Season,1985
1985-10-06,Sun,Los Angeles Raiders,Kansas City Chiefs,19,10,Regular Season,1985
1985-10-06,Sun,Los Angeles Rams,Minnesota Vikings,13,10,Regular Season,1985
1985-10-06,Sun,Seattle Seahawks,San Diego Chargers,26,21,Regular Season,1985
1985-10-06,Sun,Dallas Cowboys,New York Giants,30,29,Regular Season,1985
1985-10-07,Mon,Washington Redskins,St. Louis Cardinals,27,10,Regular Season,1985
1985-10-13,Sun,New England Patriots,Buffalo Bills,14,3,Regular Season,1985
1985-10-13,Sun,Cincinnati Bengals,New York Giants,35,30,Regular Season,1985
1985-10-13,Sun,Cleveland Browns,Houston Oilers,21,6,Regular Season,1985
1985-10-13,Sun,Denver Broncos,Indianapolis Colts,15,10,Regular Season,1985
1985-10-13,Sun,Philadelphia Eagles,St. Louis Cardinals,30,7,Regular Season,1985
1985-10-13,Sun,Dallas Cowboys,Pittsburgh Steelers,27,13,Regular Season,1985
1985-10-13,Sun,Washington Redskins,Detroit Lions,24,3,Regular Season,1985
1985-10-13,Sun,Green Bay Packers,Minnesota Vikings,20,17,Regular Season,1985
1985-10-13,Sun,Los Angeles Rams,Tampa Bay Buccaneers,31,27,Regular Season,1985
1985-10-13,Sun,Seattle Seahawks,Atlanta Falcons,30,26,Regular Season,1985
1985-10-13,Sun,Chicago Bears,San Francisco 49ers,26,10,Regular Season,1985
1985-10-13,Sun,San Diego Chargers,Kansas City Chiefs,31,20,Regular Season,1985
1985-10-13,Sun,Los Angeles Raiders,New Orleans Saints,23,13,Regular Season,1985
1985-10-14,Mon,New York Jets,Miami Dolphins,23,7,Regular Season,1985
1985-10-20,Sun,Atlanta Falcons,New Orleans Saints,31,24,Regular Season,1985
1985-10-20,Sun,Buffalo Bills,Indianapolis Colts,21,9,Regular Season,1985
1985-10-20,Sun,Houston Oilers,Cincinnati Bengals,44,27,Regular Season,1985
1985-10-20,Sun,Los Angeles Raiders,Cleveland Browns,21,20,Regular Season,1985
1985-10-20,Sun,Pittsburgh Steelers,St. Louis Cardinals,23,10,Regular Season,1985
1985-10-20,Sun,Philadelphia Eagles,Dallas Cowboys,16,14,Regular Season,1985
1985-10-20,Sun,Detroit Lions,San Francisco 49ers,23,21,Regular Season,1985
1985-10-20,Sun,Los Angeles Rams,Kansas City Chiefs,16,0,Regular Season,1985
1985-10-20,Sun,Minnesota Vikings,San Diego Chargers,21,17,Regular Season,1985
1985-10-20,Sun,New York Giants,Washington Redskins,17,3,Regular Season,1985
1985-10-20,Sun,Denver Broncos,Seattle Seahawks,13,10,Regular Season,1985
1985-10-20,Sun,Miami Dolphins,Tampa Bay Buccaneers,41,38,Regular Season,1985
1985-10-20,Sun,New England Patriots,New York Jets,20,13,Regular Season,1985
1985-10-21,Mon,Chicago Bears,Green Bay Packers,23,7,Regular Season,1985
1985-10-27,Sun,Dallas Cowboys,Atlanta Falcons,24,10,Regular Season,1985
1985-10-27,Sun,Philadelphia Eagles,Buffalo Bills,21,17,Regular Season,1985
1985-10-27,Sun,Chicago Bears,Minnesota Vikings,27,9,Regular Season,1985
1985-10-27,Sun,Washington Redskins,Cleveland Browns,14,7,Regular Season,1985
1985-10-27,Sun,Indianapolis Colts,Green Bay Packers,37,10,Regular Season,1985
1985-10-27,Sun,Houston Oilers,St. Louis Cardinals,20,10,Regular Season,1985
1985-10-27,Sun,Denver Broncos,Kansas City Chiefs,30,10,Regular Season,1985
1985-10-27,Sun,Detroit Lions,Miami Dolphins,31,21,Regular Season,1985
1985-10-27,Sun,New England Patriots,Tampa Bay Buccaneers,32,14,Regular Season,1985
1985-10-27,Sun,New York Jets,Seattle Seahawks,17,14,Regular Season,1985
1985-10-27,Sun,Cincinnati Bengals,Pittsburgh Steelers,26,21,Regular Season,1985
1985-10-27,Sun,New York Giants,New Orleans Saints,21,13,Regular Season,1985
1985-10-27,Sun,San Francisco 49ers,Los Angeles Rams,28,14,Regular Season,1985
1985-10-28,Mon,Los Angeles Raiders,San Diego Chargers,34,21,Regular Season,1985
1985-11-03,Sun,Washington Redskins,Atlanta Falcons,44,10,Regular Season,1985
1985-11-03,Sun,Cincinnati Bengals,Buffalo Bills,23,17,Regular Season,1985
1985-11-03,Sun,Chicago Bears,Green Bay Packers,16,10,Regular Season,1985
1985-11-03,Sun,Pittsburgh Steelers,Cleveland Browns,10,9,Regular Season,1985
1985-11-03,Sun,Minnesota Vikings,Detroit Lions,16,13,Regular Season,1985
1985-11-03,Sun,Houston Oilers,Kansas City Chiefs,23,20,Regular Season,1985
1985-11-03,Sun,New England Patriots,Miami Dolphins,17,13,Regular Season,1985
1985-11-03,Sun,New York Giants,Tampa Bay Buccaneers,22,20,Regular Season,1985
1985-11-03,Sun,New York Jets,Indianapolis Colts,35,17,Regular Season,1985
1985-11-03,Sun,San Diego Chargers,Denver Broncos,30,10,Regular Season,1985
1985-11-03,Sun,Los Angeles Rams,New Orleans Saints,28,10,Regular Season,1985
1985-11-03,Sun,San Francisco 49ers,Philadelphia Eagles,24,13,Regular Season,1985
1985-11-03,Sun,Seattle Seahawks,Los Angeles Raiders,33,3,Regular Season,1985
1985-11-04,Mon,St. Louis Cardinals,Dallas Cowboys,21,10,Regular Season,1985
1985-11-10,Sun,Philadelphia Eagles,Atlanta Falcons,23,17,Regular Season,1985
1985-11-10,Sun,Buffalo Bills,Houston Oilers,20,0,Regular Season,1985
1985-11-10,Sun,Chicago Bears,Detroit Lions,24,3,Regular Season,1985
1985-11-10,Sun,Cincinnati Bengals,Cleveland Browns,27,10,Regular Season,1985
1985-11-10,Sun,New England Patriots,Indianapolis Colts,34,15,Regular Season,1985
1985-11-10,Sun,Tampa Bay Buccaneers,St. Louis Cardinals,16,0,Regular Season,1985
1985-11-10,Sun,Green Bay Packers,Minnesota Vikings,27,17,Regular Season,1985
1985-11-10,Sun,Pittsburgh Steelers,Kansas City Chiefs,36,28,Regular Season,1985
1985-11-10,Sun,Seattle Seahawks,New Orleans Saints,27,3,Regular Season,1985
1985-11-10,Sun,New York Giants,Los Angeles Rams,24,19,Regular Season,1985
1985-11-10,Sun,Dallas Cowboys,Washington Redskins,13,7,Regular Season,1985
1985-11-10,Sun,Miami Dolphins,New York Jets,21,17,Regular Season,1985
1985-11-10,Sun,San Diego Chargers,Los Angeles Raiders,40,34,Regular Season,1985
1985-11-11,Mon,Denver Broncos,San Francisco 49ers,17,16,Regular Season,1985
1985-11-17,Sun,Atlanta Falcons,Los Angeles Rams,30,14,Regular Season,1985
1985-11-17,Sun,Cleveland Browns,Buffalo Bills,17,7,Regular Season,1985
1985-11-17,Sun,Chicago Bears,Dallas Cowboys,44,0,Regular Season,1985
1985-11-17,Sun,Miami Dolphins,Indianapolis Colts,34,20,Regular Season,1985
1985-11-17,Sun,Philadelphia Eagles,St. Louis Cardinals,24,14,Regular Season,1985
1985-11-17,Sun,Green Bay Packers,New Orleans Saints,38,14,Regular Season,1985
1985-11-17,Sun,New York Jets,Tampa Bay Buccaneers,62,28,Regular Season,1985
1985-11-17,Sun,Pittsburgh Steelers,Houston Oilers,30,7,Regular Season,1985
1985-11-17,Sun,Los Angeles Raiders,Cincinnati Bengals,13,6,Regular Season,1985
1985-11-17,Sun,Denver Broncos,San Diego Chargers,30,24,Regular Season,1985
1985-11-17,Sun,Detroit Lions,Minnesota Vikings,41,21,Regular Season,1985
1985-11-17,Sun,San Francisco 49ers,Kansas City Chiefs,31,3,Regular Season,1985
1985-11-17,Sun,New England Patriots,Seattle Seahawks,20,13,Regular Season,1985
1985-11-18,Mon,Washington Redskins,New York Giants,23,21,Regular Season,1985
1985-11-24,Sun,Chicago Bears,Atlanta Falcons,36,0,Regular Season,1985
1985-11-24,Sun,Miami Dolphins,Buffalo Bills,23,14,Regular Season,1985
1985-11-24,Sun,Cleveland Browns,Cincinnati Bengals,24,6,Regular Season,1985
1985-11-24,Sun,Tampa Bay Buccaneers,Detroit Lions,19,16,Regular Season,1985
1985-11-24,Sun,New Orleans Saints,Minnesota Vikings,30,23,Regular Season,1985
1985-11-24,Sun,New York Jets,New England Patriots,16,13,Regular Season,1985
1985-11-24,Sun,Houston Oilers,San Diego Chargers,37,35,Regular Season,1985
1985-11-24,Sun,Washington Redskins,Pittsburgh Steelers,30,23,Regular Season,1985
1985-11-24,Sun,Kansas City Chiefs,Indianapolis Colts,20,7,Regular Season,1985
1985-11-24,Sun,New York Giants,St. Louis Cardinals,34,3,Regular Season,1985
1985-11-24,Sun,Dallas Cowboys,Philadelphia Eagles,34,17,Regular Season,1985
1985-11-24,Sun,Los Angeles Raiders,Denver Broncos,31,28,Regular Season,1985
1985-11-24,Sun,Los Angeles Rams,Green Bay Packers,34,17,Regular Season,1985
1985-11-25,Mon,San Francisco 49ers,Seattle Seahawks,19,6,Regular Season,1985
1985-11-28,Thu,Detroit Lions,New York Jets,31,20,Regular Season,1985
1985-11-28,Thu,Dallas Cowboys,St. Louis Cardinals,35,17,Regular Season,1985
1985-12-01,Sun,Cincinnati Bengals,Houston Oilers,45,27,Regular Season,1985
1985-12-01,Sun,Cleveland Browns,New York Giants,35,33,Regular Season,1985
1985-12-01,Sun,New England Patriots,Indianapolis Colts,38,31,Regular Season,1985
1985-12-01,Sun,Denver Broncos,Pittsburgh Steelers,31,23,Regular Season,1985
1985-12-01,Sun,Green Bay Packers,Tampa Bay Buccaneers,21,0,Regular Season,1985
1985-12-01,Sun,Minnesota Vikings,Philadelphia Eagles,28,23,Regular Season,1985
1985-12-01,Sun,New Orleans Saints,Los Angeles Rams,29,3,Regular Season,1985
1985-12-01,Sun,Los Angeles Raiders,Atlanta Falcons,34,24,Regular Season,1985
1985-12-01,Sun,San Diego Chargers,Buffalo Bills,40,7,Regular Season,1985
1985-12-01,Sun,Seattle Seahawks,Kansas City Chiefs,24,6,Regular Season,1985
1985-12-01,Sun,San Francisco 49ers,Washington Redskins,35,8,Regular Season,1985
1985-12-02,Mon,Miami Dolphins,Chicago Bears,38,24,Regular Season,1985
1985-12-08,Sun,Kansas City Chiefs,Atlanta Falcons,38,10,Regular Season,1985
1985-12-08,Sun,New York Jets,Buffalo Bills,27,7,Regular Season,1985
1985-12-08,Sun,Chicago Bears,Indianapolis Colts,17,10,Regular Season,1985
1985-12-08,Sun,Cincinnati Bengals,Dallas Cowboys,50,24,Regular Season,1985
1985-12-08,Sun,St. Louis Cardinals,New Orleans Saints,28,16,Regular Season,1985
1985-12-08,Sun,New England Patriots,Detroit Lions,23,6,Regular Season,1985
1985-12-08,Sun,Miami Dolphins,Green Bay Packers,34,24,Regular Season,1985
1985-12-08,Sun,Washington Redskins,Philadelphia Eagles,17,12,Regular Season,1985
1985-12-08,Sun,Seattle Seahawks,Cleveland Browns,31,13,Regular Season,1985
1985-12-08,Sun,Los Angeles Raiders,Denver Broncos,17,14,Regular Season,1985
1985-12-08,Sun,Minnesota Vikings,Tampa Bay Buccaneers,26,7,Regular Season,1985
1985-12-08,Sun,New York Giants,Houston Oilers,35,14,Regular Season,1985
1985-12-08,Sun,San Diego Chargers,Pittsburgh Steelers,54,44,Regular Season,1985
1985-12-09,Mon,Los Angeles Rams,San Francisco 49ers,27,20,Regular Season,1985
1985-12-14,Sat,Chicago Bears,New York Jets,19,6,Regular Season,1985
1985-12-14,Sat,Denver Broncos,Kansas City Chiefs,14,13,Regular Season,1985
1985-12-15,Sun,Atlanta Falcons,Minnesota Vikings,14,13,Regular Season,1985
1985-12-15,Sun,Pittsburgh Steelers,Buffalo Bills,30,24,Regular Season,1985
1985-12-15,Sun,Washington Redskins,Cincinnati Bengals,27,24,Regular Season,1985
1985-12-15,Sun,Cleveland Browns,Houston Oilers,28,21,Regular Season,1985
1985-12-15,Sun,Indianapolis Colts,Tampa Bay Buccaneers,31,23,Regular Season,1985
1985-12-15,Sun,Dallas Cowboys,New York Giants,28,21,Regular Season,1985
1985-12-15,Sun,Green Bay Packers,Detroit Lions,26,23,Regular Season,1985
1985-12-15,Sun,San Francisco 49ers,New Orleans Saints,31,19,Regular Season,1985
1985-12-15,Sun,Los Angeles Rams,St. Louis Cardinals,46,14,Regular Season,1985
1985-12-15,Sun,San Diego Chargers,Philadelphia Eagles,20,14,Regular Season,1985
1985-12-15,Sun,Los Angeles Raiders,Seattle Seahawks,13,3,Regular Season,1985
1985-12-16,Mon,Miami Dolphins,New England Patriots,30,27,Regular Season,1985
1985-12-20,Fri,Denver Broncos,Seattle Seahawks,27,24,Regular Season,1985
1985-12-21,Sat,New York Giants,Pittsburgh Steelers,28,10,Regular Season,1985
1985-12-21,Sat,Washington Redskins,St. Louis Cardinals,27,16,Regular Season,1985
1985-12-22,Sun,Atlanta Falcons,New Orleans Saints,16,10,Regular Season,1985
1985-12-22,Sun,Miami Dolphins,Buffalo Bills,28,0,Regular Season,1985
1985-12-22,Sun,Chicago Bears,Detroit Lions,37,17,Regular Season,1985
1985-12-22,Sun,New England Patriots,Cincinnati Bengals,34,23,Regular Season,1985
1985-12-22,Sun,New York Jets,Cleveland Browns,37,10,Regular Season,1985
1985-12-22,Sun,Green Bay Packers,Tampa Bay Buccaneers,20,17,Regular Season,1985
1985-12-22,Sun,Kansas City Chiefs,San Diego Chargers,38,34,Regular Season,1985
1985-12-22,Sun,Philadelphia Eagles,Minnesota Vikings,37,35,Regular Season,1985
1985-12-22,Sun,Indianapolis Colts,Houston Oilers,34,16,Regular Season,1985
1985-12-22,Sun,San Francisco 49ers,Dallas Cowboys,31,16,Regular Season,1985
1985-12-23,Mon,Los Angeles Raiders,Los Angeles Rams,16,6,Regular Season,1985
Playoffs,,,,,,Playoff,1985
1985-12-28,Sat,New England Patriots,New York Jets,26,14,Playoff,1985
1985-12-29,Sun,New York Giants,San Francisco 49ers,17,3,Playoff,1985
1986-01-04,Sat,Miami Dolphins,Cleveland Browns,24,21,Playoff,1985
1986-01-04,Sat,Los Angeles Rams,Dallas Cowboys,20,0,Playoff,1985
1986-01-05,Sun,Chicago Bears,New York Giants,21,0,Playoff,1985
1986-01-05,Sun,New England Patriots,Los Angeles Raiders,27,20,Playoff,1985
1986-01-12,Sun,Chicago Bears,Los Angeles Rams,24,0,Playoff,1985
1986-01-12,Sun,New England Patriots,Miami Dolphins,31,14,Playoff,1985
1986-01-26,Sun,Chicago Bears,New England Patriots,46,10,Playoff,1985
