Date,DOW,WT,LT,WTS,LTS,Type,Season
1986-09-07,Sun,Atlanta Falcons,New Orleans Saints,31,10,Regular Season,1986
1986-09-07,Sun,Chicago Bears,Cleveland Browns,41,31,Regular Season,1986
1986-09-07,Sun,Los Angeles Rams,St. Louis Cardinals,16,10,Regular Season,1986
1986-09-07,Sun,Detroit Lions,Minnesota Vikings,13,10,Regular Season,1986
1986-09-07,Sun,Houston Oilers,Green Bay Packers,31,3,Regular Season,1986
1986-09-07,Sun,Washington Redskins,Philadelphia Eagles,41,14,Regular Season,1986
1986-09-07,Sun,San Francisco 49ers,Tampa Bay Buccaneers,31,7,Regular Season,1986
1986-09-07,Sun,New York Jets,Buffalo Bills,28,24,Regular Season,1986
1986-09-07,Sun,Kansas City Chiefs,Cincinnati Bengals,24,14,Regular Season,1986
1986-09-07,Sun,New England Patriots,Indianapolis Colts,33,3,Regular Season,1986
1986-09-07,Sun,Denver Broncos,Los Angeles Raiders,38,36,Regular Season,1986
1986-09-07,Sun,San Diego Chargers,Miami Dolphins,50,28,Regular Season,1986
1986-09-07,Sun,Seattle Seahawks,Pittsburgh Steelers,30,0,Regular Season,1986
1986-09-08,Mon,Dallas Cowboys,New York Giants,31,28,Regular Season,1986
1986-09-11,Thu,New England Patriots,New York Jets,20,6,Regular Season,1986
1986-09-14,Sun,Atlanta Falcons,St. Louis Cardinals,33,13,Regular Season,1986
1986-09-14,Sun,Cincinnati Bengals,Buffalo Bills,36,33,Regular Season,1986
1986-09-14,Sun,Chicago Bears,Philadelphia Eagles,13,10,Regular Season,1986
1986-09-14,Sun,Cleveland Browns,Houston Oilers,23,20,Regular Season,1986
1986-09-14,Sun,Dallas Cowboys,Detroit Lions,31,7,Regular Season,1986
1986-09-14,Sun,New Orleans Saints,Green Bay Packers,24,10,Regular Season,1986
1986-09-14,Sun,New York Giants,San Diego Chargers,20,7,Regular Season,1986
1986-09-14,Sun,Washington Redskins,Los Angeles Raiders,10,6,Regular Season,1986
1986-09-14,Sun,Miami Dolphins,Indianapolis Colts,30,10,Regular Season,1986
1986-09-14,Sun,Seattle Seahawks,Kansas City Chiefs,23,17,Regular Season,1986
1986-09-14,Sun,Minnesota Vikings,Tampa Bay Buccaneers,23,10,Regular Season,1986
1986-09-14,Sun,Los Angeles Rams,San Francisco 49ers,16,13,Regular Season,1986
1986-09-15,Mon,Denver Broncos,Pittsburgh Steelers,21,10,Regular Season,1986
1986-09-18,Thu,Cincinnati Bengals,Cleveland Browns,30,13,Regular Season,1986
1986-09-21,Sun,Atlanta Falcons,Dallas Cowboys,37,35,Regular Season,1986
1986-09-21,Sun,Buffalo Bills,St. Louis Cardinals,17,10,Regular Season,1986
1986-09-21,Sun,Los Angeles Rams,Indianapolis Colts,24,7,Regular Season,1986
1986-09-21,Sun,Denver Broncos,Philadelphia Eagles,33,7,Regular Season,1986
1986-09-21,Sun,Tampa Bay Buccaneers,Detroit Lions,24,20,Regular Season,1986
1986-09-21,Sun,New York Jets,Miami Dolphins,51,45,Regular Season,1986
1986-09-21,Sun,Minnesota Vikings,Pittsburgh Steelers,31,7,Regular Season,1986
1986-09-21,Sun,Seattle Seahawks,New England Patriots,38,31,Regular Season,1986
1986-09-21,Sun,Kansas City Chiefs,Houston Oilers,27,13,Regular Season,1986
1986-09-21,Sun,San Francisco 49ers,New Orleans Saints,26,17,Regular Season,1986
1986-09-21,Sun,New York Giants,Los Angeles Raiders,14,9,Regular Season,1986
1986-09-21,Sun,Washington Redskins,San Diego Chargers,30,27,Regular Season,1986
1986-09-22,Mon,Chicago Bears,Green Bay Packers,25,12,Regular Season,1986
1986-09-28,Sun,Kansas City Chiefs,Buffalo Bills,20,17,Regular Season,1986
1986-09-28,Sun,Chicago Bears,Cincinnati Bengals,44,7,Regular Season,1986
1986-09-28,Sun,Cleveland Browns,Detroit Lions,24,21,Regular Season,1986
1986-09-28,Sun,Minnesota Vikings,Green Bay Packers,42,7,Regular Season,1986
1986-09-28,Sun,San Francisco 49ers,Miami Dolphins,31,16,Regular Season,1986
1986-09-28,Sun,New York Giants,New Orleans Saints,20,17,Regular Season,1986
1986-09-28,Sun,Pittsburgh Steelers,Houston Oilers,22,16,Regular Season,1986
1986-09-28,Sun,Philadelphia Eagles,Los Angeles Rams,34,20,Regular Season,1986
1986-09-28,Sun,Washington Redskins,Seattle Seahawks,19,14,Regular Season,1986
1986-09-28,Sun,Atlanta Falcons,Tampa Bay Buccaneers,23,20,Regular Season,1986
1986-09-28,Sun,New York Jets,Indianapolis Colts,26,7,Regular Season,1986
1986-09-28,Sun,Denver Broncos,New England Patriots,27,20,Regular Season,1986
1986-09-28,Sun,Los Angeles Raiders,San Diego Chargers,17,13,Regular Season,1986
1986-09-29,Mon,Dallas Cowboys,St. Louis Cardinals,31,7,Regular Season,1986
1986-10-05,Sun,Philadelphia Eagles,Atlanta Falcons,16,0,Regular Season,1986
1986-10-05,Sun,Chicago Bears,Minnesota Vikings,23,0,Regular Season,1986
1986-10-05,Sun,Cincinnati Bengals,Green Bay Packers,34,28,Regular Season,1986
1986-10-05,Sun,Cleveland Browns,Pittsburgh Steelers,27,24,Regular Season,1986
1986-10-05,Sun,New York Giants,St. Louis Cardinals,13,6,Regular Season,1986
1986-10-05,Sun,Detroit Lions,Houston Oilers,24,13,Regular Season,1986
1986-10-05,Sun,Los Angeles Raiders,Kansas City Chiefs,24,17,Regular Season,1986
1986-10-05,Sun,New England Patriots,Miami Dolphins,34,7,Regular Season,1986
1986-10-05,Sun,Washington Redskins,New Orleans Saints,14,6,Regular Season,1986
1986-10-05,Sun,New York Jets,Buffalo Bills,14,13,Regular Season,1986
1986-10-05,Sun,San Francisco 49ers,Indianapolis Colts,35,14,Regular Season,1986
1986-10-05,Sun,Denver Broncos,Dallas Cowboys,29,14,Regular Season,1986
1986-10-05,Sun,Los Angeles Rams,Tampa Bay Buccaneers,26,20,Regular Season,1986
1986-10-06,Mon,Seattle Seahawks,San Diego Chargers,33,7,Regular Season,1986
1986-10-12,Sun,Atlanta Falcons,Los Angeles Rams,26,14,Regular Season,1986
1986-10-12,Sun,Miami Dolphins,Buffalo Bills,27,14,Regular Season,1986
1986-10-12,Sun,Chicago Bears,Houston Oilers,20,7,Regular Season,1986
1986-10-12,Sun,Cleveland Browns,Kansas City Chiefs,20,7,Regular Season,1986
1986-10-12,Sun,New Orleans Saints,Indianapolis Colts,17,14,Regular Season,1986
1986-10-12,Sun,St. Louis Cardinals,Tampa Bay Buccaneers,30,19,Regular Season,1986
1986-10-12,Sun,Dallas Cowboys,Washington Redskins,30,6,Regular Season,1986
1986-10-12,Sun,Detroit Lions,Green Bay Packers,21,14,Regular Season,1986
1986-10-12,Sun,New York Jets,New England Patriots,31,24,Regular Season,1986
1986-10-12,Sun,Denver Broncos,San Diego Chargers,31,14,Regular Season,1986
1986-10-12,Sun,Minnesota Vikings,San Francisco 49ers,27,24,Regular Season,1986
1986-10-12,Sun,New York Giants,Philadelphia Eagles,35,3,Regular Season,1986
1986-10-12,Sun,Los Angeles Raiders,Seattle Seahawks,14,10,Regular Season,1986
1986-10-13,Mon,Cincinnati Bengals,Pittsburgh Steelers,24,22,Regular Season,1986
1986-10-19,Sun,San Francisco 49ers,Atlanta Falcons,10,10,Regular Season,1986
1986-10-19,Sun,Buffalo Bills,Indianapolis Colts,24,13,Regular Season,1986
1986-10-19,Sun,Minnesota Vikings,Chicago Bears,23,7,Regular Season,1986
1986-10-19,Sun,Cincinnati Bengals,Houston Oilers,31,28,Regular Season,1986
1986-10-19,Sun,Green Bay Packers,Cleveland Browns,17,14,Regular Season,1986
1986-10-19,Sun,Washington Redskins,St. Louis Cardinals,28,21,Regular Season,1986
1986-10-19,Sun,Dallas Cowboys,Philadelphia Eagles,17,14,Regular Season,1986
1986-10-19,Sun,Los Angeles Raiders,Miami Dolphins,30,28,Regular Season,1986
1986-10-19,Sun,New Orleans Saints,Tampa Bay Buccaneers,38,7,Regular Season,1986
1986-10-19,Sun,New England Patriots,Pittsburgh Steelers,34,0,Regular Season,1986
1986-10-19,Sun,Los Angeles Rams,Detroit Lions,14,10,Regular Season,1986
1986-10-19,Sun,Kansas City Chiefs,San Diego Chargers,42,41,Regular Season,1986
1986-10-19,Sun,Seattle Seahawks,New York Giants,17,12,Regular Season,1986
1986-10-20,Mon,New York Jets,Denver Broncos,22,10,Regular Season,1986
1986-10-26,Sun,New England Patriots,Buffalo Bills,23,3,Regular Season,1986
1986-10-26,Sun,Chicago Bears,Detroit Lions,13,7,Regular Season,1986
1986-10-26,Sun,Pittsburgh Steelers,Cincinnati Bengals,30,9,Regular Season,1986
1986-10-26,Sun,Cleveland Browns,Minnesota Vikings,23,20,Regular Season,1986
1986-10-26,Sun,Miami Dolphins,Indianapolis Colts,17,13,Regular Season,1986
1986-10-26,Sun,San Francisco 49ers,Green Bay Packers,31,17,Regular Season,1986
1986-10-26,Sun,Kansas City Chiefs,Tampa Bay Buccaneers,27,20,Regular Season,1986
1986-10-26,Sun,New York Jets,New Orleans Saints,28,23,Regular Season,1986
1986-10-26,Sun,Los Angeles Raiders,Houston Oilers,28,17,Regular Season,1986
1986-10-26,Sun,Philadelphia Eagles,San Diego Chargers,23,7,Regular Season,1986
1986-10-26,Sun,Los Angeles Rams,Atlanta Falcons,14,7,Regular Season,1986
1986-10-26,Sun,Dallas Cowboys,St. Louis Cardinals,37,6,Regular Season,1986
1986-10-26,Sun,Denver Broncos,Seattle Seahawks,20,13,Regular Season,1986
1986-10-27,Mon,New York Giants,Washington Redskins,27,20,Regular Season,1986
1986-11-02,Sun,New England Patriots,Atlanta Falcons,25,17,Regular Season,1986
1986-11-02,Sun,Tampa Bay Buccaneers,Buffalo Bills,34,28,Regular Season,1986
1986-11-02,Sun,Cincinnati Bengals,Detroit Lions,24,17,Regular Season,1986
1986-11-02,Sun,Cleveland Browns,Indianapolis Colts,24,9,Regular Season,1986
1986-11-02,Sun,St. Louis Cardinals,Philadelphia Eagles,13,10,Regular Season,1986
1986-11-02,Sun,New York Giants,Dallas Cowboys,17,14,Regular Season,1986
1986-11-02,Sun,Pittsburgh Steelers,Green Bay Packers,27,3,Regular Season,1986
1986-11-02,Sun,Miami Dolphins,Houston Oilers,28,7,Regular Season,1986
1986-11-02,Sun,New Orleans Saints,San Francisco 49ers,23,10,Regular Season,1986
1986-11-02,Sun,Denver Broncos,Los Angeles Raiders,21,10,Regular Season,1986
1986-11-02,Sun,Kansas City Chiefs,San Diego Chargers,24,23,Regular Season,1986
1986-11-02,Sun,Washington Redskins,Minnesota Vikings,44,38,Regular Season,1986
1986-11-02,Sun,New York Jets,Seattle Seahawks,38,7,Regular Season,1986
1986-11-03,Mon,Los Angeles Rams,Chicago Bears,20,17,Regular Season,1986
1986-11-09,Sun,New York Jets,Atlanta Falcons,28,14,Regular Season,1986
1986-11-09,Sun,Buffalo Bills,Pittsburgh Steelers,16,12,Regular Season,1986
1986-11-09,Sun,Chicago Bears,Tampa Bay Buccaneers,23,3,Regular Season,1986
1986-11-09,Sun,Houston Oilers,Cincinnati Bengals,32,28,Regular Season,1986
1986-11-09,Sun,New England Patriots,Indianapolis Colts,30,21,Regular Season,1986
1986-11-09,Sun,Minnesota Vikings,Detroit Lions,24,10,Regular Season,1986
1986-11-09,Sun,Washington Redskins,Green Bay Packers,16,7,Regular Season,1986
1986-11-09,Sun,Kansas City Chiefs,Seattle Seahawks,27,7,Regular Season,1986
1986-11-09,Sun,New Orleans Saints,Los Angeles Rams,6,0,Regular Season,1986
1986-11-09,Sun,San Francisco 49ers,St. Louis Cardinals,43,17,Regular Season,1986
1986-11-09,Sun,Los Angeles Raiders,Dallas Cowboys,17,13,Regular Season,1986
1986-11-09,Sun,San Diego Chargers,Denver Broncos,9,3,Regular Season,1986
1986-11-09,Sun,New York Giants,Philadelphia Eagles,17,14,Regular Season,1986
1986-11-10,Mon,Cleveland Browns,Miami Dolphins,26,16,Regular Season,1986
1986-11-16,Sun,Chicago Bears,Atlanta Falcons,13,10,Regular Season,1986
1986-11-16,Sun,Miami Dolphins,Buffalo Bills,34,24,Regular Season,1986
1986-11-16,Sun,Cincinnati Bengals,Seattle Seahawks,34,7,Regular Season,1986
1986-11-16,Sun,New Orleans Saints,St. Louis Cardinals,16,7,Regular Season,1986
1986-11-16,Sun,Detroit Lions,Philadelphia Eagles,13,11,Regular Season,1986
1986-11-16,Sun,Green Bay Packers,Tampa Bay Buccaneers,31,7,Regular Season,1986
1986-11-16,Sun,New York Giants,Minnesota Vikings,22,20,Regular Season,1986
1986-11-16,Sun,Pittsburgh Steelers,Houston Oilers,21,10,Regular Season,1986
1986-11-16,Sun,Los Angeles Raiders,Cleveland Browns,27,14,Regular Season,1986
1986-11-16,Sun,New York Jets,Indianapolis Colts,31,16,Regular Season,1986
1986-11-16,Sun,Dallas Cowboys,San Diego Chargers,24,21,Regular Season,1986
1986-11-16,Sun,Denver Broncos,Kansas City Chiefs,38,17,Regular Season,1986
1986-11-16,Sun,New England Patriots,Los Angeles Rams,30,28,Regular Season,1986
1986-11-17,Mon,Washington Redskins,San Francisco 49ers,14,6,Regular Season,1986
1986-11-20,Thu,Los Angeles Raiders,San Diego Chargers,37,31,Regular Season,1986
1986-11-23,Sun,New England Patriots,Buffalo Bills,22,19,Regular Season,1986
1986-11-23,Sun,Chicago Bears,Green Bay Packers,12,10,Regular Season,1986
1986-11-23,Sun,Cincinnati Bengals,Minnesota Vikings,24,20,Regular Season,1986
1986-11-23,Sun,Cleveland Browns,Pittsburgh Steelers,37,31,Regular Season,1986
1986-11-23,Sun,Houston Oilers,Indianapolis Colts,31,17,Regular Season,1986
1986-11-23,Sun,New York Giants,Denver Broncos,19,16,Regular Season,1986
1986-11-23,Sun,Detroit Lions,Tampa Bay Buccaneers,38,17,Regular Season,1986
1986-11-23,Sun,San Francisco 49ers,Atlanta Falcons,20,0,Regular Season,1986
1986-11-23,Sun,St. Louis Cardinals,Kansas City Chiefs,23,14,Regular Season,1986
1986-11-23,Sun,Washington Redskins,Dallas Cowboys,41,14,Regular Season,1986
1986-11-23,Sun,Los Angeles Rams,New Orleans Saints,26,13,Regular Season,1986
1986-11-23,Sun,Seattle Seahawks,Philadelphia Eagles,24,20,Regular Season,1986
1986-11-24,Mon,Miami Dolphins,New York Jets,45,3,Regular Season,1986
1986-11-27,Thu,Green Bay Packers,Detroit Lions,44,40,Regular Season,1986
1986-11-27,Thu,Seattle Seahawks,Dallas Cowboys,31,14,Regular Season,1986
1986-11-30,Sun,Buffalo Bills,Kansas City Chiefs,17,14,Regular Season,1986
1986-11-30,Sun,Chicago Bears,Pittsburgh Steelers,13,10,Regular Season,1986
1986-11-30,Sun,Cleveland Browns,Houston Oilers,13,10,Regular Season,1986
1986-11-30,Sun,San Diego Chargers,Indianapolis Colts,17,3,Regular Season,1986
1986-11-30,Sun,Washington Redskins,St. Louis Cardinals,20,17,Regular Season,1986
1986-11-30,Sun,Minnesota Vikings,Tampa Bay Buccaneers,45,13,Regular Season,1986
1986-11-30,Sun,New England Patriots,New Orleans Saints,21,20,Regular Season,1986
1986-11-30,Sun,Los Angeles Rams,New York Jets,17,3,Regular Season,1986
1986-11-30,Sun,Atlanta Falcons,Miami Dolphins,20,14,Regular Season,1986
1986-11-30,Sun,Denver Broncos,Cincinnati Bengals,34,28,Regular Season,1986
1986-11-30,Sun,Philadelphia Eagles,Los Angeles Raiders,33,27,Regular Season,1986
1986-12-01,Mon,New York Giants,San Francisco 49ers,21,17,Regular Season,1986
1986-12-07,Sun,Indianapolis Colts,Atlanta Falcons,28,23,Regular Season,1986
1986-12-07,Sun,Cleveland Browns,Buffalo Bills,21,17,Regular Season,1986
1986-12-07,Sun,Chicago Bears,Tampa Bay Buccaneers,48,14,Regular Season,1986
1986-12-07,Sun,Cincinnati Bengals,New England Patriots,31,7,Regular Season,1986
1986-12-07,Sun,Philadelphia Eagles,St. Louis Cardinals,10,10,Regular Season,1986
1986-12-07,Sun,Kansas City Chiefs,Denver Broncos,37,10,Regular Season,1986
1986-12-07,Sun,Pittsburgh Steelers,Detroit Lions,27,17,Regular Season,1986
1986-12-07,Sun,Minnesota Vikings,Green Bay Packers,32,6,Regular Season,1986
1986-12-07,Sun,Miami Dolphins,New Orleans Saints,31,27,Regular Season,1986
1986-12-07,Sun,New York Giants,Washington Redskins,24,14,Regular Season,1986
1986-12-07,Sun,San Francisco 49ers,New York Jets,24,10,Regular Season,1986
1986-12-07,Sun,San Diego Chargers,Houston Oilers,27,0,Regular Season,1986
1986-12-07,Sun,Los Angeles Rams,Dallas Cowboys,29,10,Regular Season,1986
1986-12-08,Mon,Seattle Seahawks,Los Angeles Raiders,37,0,Regular Season,1986
1986-12-13,Sat,Pittsburgh Steelers,New York Jets,45,24,Regular Season,1986
1986-12-13,Sat,Denver Broncos,Washington Redskins,31,30,Regular Season,1986
1986-12-14,Sun,New Orleans Saints,Atlanta Falcons,14,9,Regular Season,1986
1986-12-14,Sun,Indianapolis Colts,Buffalo Bills,24,14,Regular Season,1986
1986-12-14,Sun,Cleveland Browns,Cincinnati Bengals,34,3,Regular Season,1986
1986-12-14,Sun,New York Giants,St. Louis Cardinals,27,7,Regular Season,1986
1986-12-14,Sun,Philadelphia Eagles,Dallas Cowboys,23,21,Regular Season,1986
1986-12-14,Sun,Green Bay Packers,Tampa Bay Buccaneers,21,7,Regular Season,1986
1986-12-14,Sun,San Francisco 49ers,New England Patriots,29,24,Regular Season,1986
1986-12-14,Sun,Kansas City Chiefs,Los Angeles Raiders,20,17,Regular Season,1986
1986-12-14,Sun,Miami Dolphins,Los Angeles Rams,37,31,Regular Season,1986
1986-12-14,Sun,Houston Oilers,Minnesota Vikings,23,10,Regular Season,1986
1986-12-14,Sun,Seattle Seahawks,San Diego Chargers,34,24,Regular Season,1986
1986-12-15,Mon,Chicago Bears,Detroit Lions,16,13,Regular Season,1986
1986-12-19,Fri,San Francisco 49ers,Los Angeles Rams,24,14,Regular Season,1986
1986-12-20,Sat,New York Giants,Green Bay Packers,55,24,Regular Season,1986
1986-12-20,Sat,Seattle Seahawks,Denver Broncos,41,16,Regular Season,1986
1986-12-21,Sun,Atlanta Falcons,Detroit Lions,20,6,Regular Season,1986
1986-12-21,Sun,Houston Oilers,Buffalo Bills,16,7,Regular Season,1986
1986-12-21,Sun,Cincinnati Bengals,New York Jets,52,21,Regular Season,1986
1986-12-21,Sun,Cleveland Browns,San Diego Chargers,47,17,Regular Season,1986
1986-12-21,Sun,St. Louis Cardinals,Tampa Bay Buccaneers,21,17,Regular Season,1986
1986-12-21,Sun,Kansas City Chiefs,Pittsburgh Steelers,24,19,Regular Season,1986
1986-12-21,Sun,Minnesota Vikings,New Orleans Saints,33,17,Regular Season,1986
1986-12-21,Sun,Washington Redskins,Philadelphia Eagles,21,14,Regular Season,1986
1986-12-21,Sun,Chicago Bears,Dallas Cowboys,24,10,Regular Season,1986
1986-12-21,Sun,Indianapolis Colts,Los Angeles Raiders,30,24,Regular Season,1986
1986-12-22,Mon,New England Patriots,Miami Dolphins,34,27,Regular Season,1986
Playoffs,,,,,,Playoff,1986
1986-12-28,Sun,New York Jets,Kansas City Chiefs,35,15,Playoff,1986
1986-12-28,Sun,Washington Redskins,Los Angeles Rams,19,7,Playoff,1986
1987-01-03,Sat,Cleveland Browns,New York Jets,23,20,Playoff,1986
1987-01-03,Sat,Washington Redskins,Chicago Bears,27,13,Playoff,1986
1987-01-04,Sun,New York Giants,San Francisco 49ers,49,3,Playoff,1986
1987-01-04,Sun,Denver Broncos,New England Patriots,22,17,Playoff,1986
1987-01-11,Sun,Denver Broncos,Cleveland Browns,23,20,Playoff,1986
1987-01-11,Sun,New York Giants,Washington Redskins,17,0,Playoff,1986
1987-01-25,Sun,New York Giants,Denver Broncos,39,20,Playoff,1986
