Date,DOW,WT,LT,WTS,LTS,Type,Season
1987-09-13,Sun,Tampa Bay Buccaneers,Atlanta Falcons,48,10,Regular Season,1987
1987-09-13,Sun,New York Jets,Buffalo Bills,31,28,Regular Season,1987
1987-09-13,Sun,Cincinnati Bengals,Indianapolis Colts,23,21,Regular Season,1987
1987-09-13,Sun,New Orleans Saints,Cleveland Browns,28,21,Regular Season,1987
1987-09-13,Sun,St. Louis Cardinals,Dallas Cowboys,24,13,Regular Season,1987
1987-09-13,Sun,Minnesota Vikings,Detroit Lions,34,19,Regular Season,1987
1987-09-13,Sun,Kansas City Chiefs,San Diego Chargers,20,13,Regular Season,1987
1987-09-13,Sun,New England Patriots,Miami Dolphins,28,21,Regular Season,1987
1987-09-13,Sun,Houston Oilers,Los Angeles Rams,20,16,Regular Season,1987
1987-09-13,Sun,Washington Redskins,Philadelphia Eagles,34,24,Regular Season,1987
1987-09-13,Sun,Pittsburgh Steelers,San Francisco 49ers,30,17,Regular Season,1987
1987-09-13,Sun,Denver Broncos,Seattle Seahawks,40,17,Regular Season,1987
1987-09-13,Sun,Los Angeles Raiders,Green Bay Packers,20,0,Regular Season,1987
1987-09-14,Mon,Chicago Bears,New York Giants,34,19,Regular Season,1987
1987-09-20,Sun,Atlanta Falcons,Washington Redskins,21,20,Regular Season,1987
1987-09-20,Sun,Buffalo Bills,Houston Oilers,34,30,Regular Season,1987
1987-09-20,Sun,Chicago Bears,Tampa Bay Buccaneers,20,3,Regular Season,1987
1987-09-20,Sun,San Francisco 49ers,Cincinnati Bengals,27,26,Regular Season,1987
1987-09-20,Sun,Cleveland Browns,Pittsburgh Steelers,34,10,Regular Season,1987
1987-09-20,Sun,Miami Dolphins,Indianapolis Colts,23,10,Regular Season,1987
1987-09-20,Sun,Green Bay Packers,Denver Broncos,17,17,Regular Season,1987
1987-09-20,Sun,Philadelphia Eagles,New Orleans Saints,27,17,Regular Season,1987
1987-09-20,Sun,San Diego Chargers,St. Louis Cardinals,28,24,Regular Season,1987
1987-09-20,Sun,Dallas Cowboys,New York Giants,16,14,Regular Season,1987
1987-09-20,Sun,Los Angeles Raiders,Detroit Lions,27,7,Regular Season,1987
1987-09-20,Sun,Seattle Seahawks,Kansas City Chiefs,43,14,Regular Season,1987
1987-09-20,Sun,Minnesota Vikings,Los Angeles Rams,21,16,Regular Season,1987
1987-09-21,Mon,New York Jets,New England Patriots,43,24,Regular Season,1987
1987-10-04,Sun,Pittsburgh Steelers,Atlanta Falcons,28,12,Regular Season,1987
1987-10-04,Sun,Indianapolis Colts,Buffalo Bills,47,6,Regular Season,1987
1987-10-04,Sun,Chicago Bears,Philadelphia Eagles,35,3,Regular Season,1987
1987-10-04,Sun,San Diego Chargers,Cincinnati Bengals,10,9,Regular Season,1987
1987-10-04,Sun,Cleveland Browns,New England Patriots,20,10,Regular Season,1987
1987-10-04,Sun,Washington Redskins,St. Louis Cardinals,28,21,Regular Season,1987
1987-10-04,Sun,Tampa Bay Buccaneers,Detroit Lions,31,27,Regular Season,1987
1987-10-04,Sun,New Orleans Saints,Los Angeles Rams,37,10,Regular Season,1987
1987-10-04,Sun,Dallas Cowboys,New York Jets,38,24,Regular Season,1987
1987-10-04,Sun,Houston Oilers,Denver Broncos,40,10,Regular Season,1987
1987-10-04,Sun,Green Bay Packers,Minnesota Vikings,23,16,Regular Season,1987
1987-10-04,Sun,Los Angeles Raiders,Kansas City Chiefs,35,17,Regular Season,1987
1987-10-04,Sun,Seattle Seahawks,Miami Dolphins,24,20,Regular Season,1987
1987-10-05,Mon,San Francisco 49ers,New York Giants,41,21,Regular Season,1987
1987-10-11,Sun,New England Patriots,Buffalo Bills,14,7,Regular Season,1987
1987-10-11,Sun,Chicago Bears,Minnesota Vikings,27,7,Regular Season,1987
1987-10-11,Sun,Houston Oilers,Cleveland Browns,15,10,Regular Season,1987
1987-10-11,Sun,Indianapolis Colts,New York Jets,6,0,Regular Season,1987
1987-10-11,Sun,St. Louis Cardinals,New Orleans Saints,24,19,Regular Season,1987
1987-10-11,Sun,Dallas Cowboys,Philadelphia Eagles,41,22,Regular Season,1987
1987-10-11,Sun,Detroit Lions,Green Bay Packers,19,16,Regular Season,1987
1987-10-11,Sun,Miami Dolphins,Kansas City Chiefs,42,0,Regular Season,1987
1987-10-11,Sun,San Diego Chargers,Tampa Bay Buccaneers,17,13,Regular Season,1987
1987-10-11,Sun,San Francisco 49ers,Atlanta Falcons,25,17,Regular Season,1987
1987-10-11,Sun,Cincinnati Bengals,Seattle Seahawks,17,10,Regular Season,1987
1987-10-11,Sun,Washington Redskins,New York Giants,38,12,Regular Season,1987
1987-10-11,Sun,Los Angeles Rams,Pittsburgh Steelers,31,21,Regular Season,1987
1987-10-12,Mon,Denver Broncos,Los Angeles Raiders,30,14,Regular Season,1987
1987-10-18,Sun,Atlanta Falcons,Los Angeles Rams,24,20,Regular Season,1987
1987-10-18,Sun,New Orleans Saints,Chicago Bears,19,17,Regular Season,1987
1987-10-18,Sun,Cleveland Browns,Cincinnati Bengals,34,0,Regular Season,1987
1987-10-18,Sun,Pittsburgh Steelers,Indianapolis Colts,21,7,Regular Season,1987
1987-10-18,Sun,Seattle Seahawks,Detroit Lions,37,14,Regular Season,1987
1987-10-18,Sun,Green Bay Packers,Philadelphia Eagles,16,10,Regular Season,1987
1987-10-18,Sun,New York Jets,Miami Dolphins,37,31,Regular Season,1987
1987-10-18,Sun,Tampa Bay Buccaneers,Minnesota Vikings,20,10,Regular Season,1987
1987-10-18,Sun,New England Patriots,Houston Oilers,21,7,Regular Season,1987
1987-10-18,Sun,Buffalo Bills,New York Giants,6,3,Regular Season,1987
1987-10-18,Sun,San Francisco 49ers,St. Louis Cardinals,34,28,Regular Season,1987
1987-10-18,Sun,Denver Broncos,Kansas City Chiefs,26,17,Regular Season,1987
1987-10-18,Sun,San Diego Chargers,Los Angeles Raiders,23,17,Regular Season,1987
1987-10-19,Mon,Washington Redskins,Dallas Cowboys,13,7,Regular Season,1987
1987-10-25,Sun,Houston Oilers,Atlanta Falcons,37,33,Regular Season,1987
1987-10-25,Sun,Buffalo Bills,Miami Dolphins,34,31,Regular Season,1987
1987-10-25,Sun,Chicago Bears,Tampa Bay Buccaneers,27,26,Regular Season,1987
1987-10-25,Sun,Pittsburgh Steelers,Cincinnati Bengals,23,20,Regular Season,1987
1987-10-25,Sun,Indianapolis Colts,New England Patriots,30,16,Regular Season,1987
1987-10-25,Sun,Philadelphia Eagles,Dallas Cowboys,37,20,Regular Season,1987
1987-10-25,Sun,Green Bay Packers,Detroit Lions,34,33,Regular Season,1987
1987-10-25,Sun,San Francisco 49ers,New Orleans Saints,24,22,Regular Season,1987
1987-10-25,Sun,Washington Redskins,New York Jets,17,16,Regular Season,1987
1987-10-25,Sun,New York Giants,St. Louis Cardinals,30,7,Regular Season,1987
1987-10-25,Sun,San Diego Chargers,Kansas City Chiefs,42,21,Regular Season,1987
1987-10-25,Sun,Seattle Seahawks,Los Angeles Raiders,35,13,Regular Season,1987
1987-10-26,Mon,Cleveland Browns,Los Angeles Rams,30,17,Regular Season,1987
1987-10-26,Mon,Minnesota Vikings,Denver Broncos,34,27,Regular Season,1987
1987-11-01,Sun,New Orleans Saints,Atlanta Falcons,38,0,Regular Season,1987
1987-11-01,Sun,Washington Redskins,Buffalo Bills,27,7,Regular Season,1987
1987-11-01,Sun,Chicago Bears,Kansas City Chiefs,31,28,Regular Season,1987
1987-11-01,Sun,Houston Oilers,Cincinnati Bengals,31,29,Regular Season,1987
1987-11-01,Sun,Indianapolis Colts,New York Jets,19,14,Regular Season,1987
1987-11-01,Sun,Philadelphia Eagles,St. Louis Cardinals,28,23,Regular Season,1987
1987-11-01,Sun,Tampa Bay Buccaneers,Green Bay Packers,23,17,Regular Season,1987
1987-11-01,Sun,Miami Dolphins,Pittsburgh Steelers,35,24,Regular Season,1987
1987-11-01,Sun,New England Patriots,Los Angeles Raiders,26,23,Regular Season,1987
1987-11-01,Sun,San Diego Chargers,Cleveland Browns,27,24,Regular Season,1987
1987-11-01,Sun,Denver Broncos,Detroit Lions,34,0,Regular Season,1987
1987-11-01,Sun,Seattle Seahawks,Minnesota Vikings,28,17,Regular Season,1987
1987-11-01,Sun,San Francisco 49ers,Los Angeles Rams,31,10,Regular Season,1987
1987-11-02,Mon,Dallas Cowboys,New York Giants,33,24,Regular Season,1987
1987-11-08,Sun,Cleveland Browns,Atlanta Falcons,38,3,Regular Season,1987
1987-11-08,Sun,Buffalo Bills,Denver Broncos,21,14,Regular Season,1987
1987-11-08,Sun,Chicago Bears,Green Bay Packers,26,24,Regular Season,1987
1987-11-08,Sun,San Diego Chargers,Indianapolis Colts,16,13,Regular Season,1987
1987-11-08,Sun,St. Louis Cardinals,Tampa Bay Buccaneers,31,28,Regular Season,1987
1987-11-08,Sun,Detroit Lions,Dallas Cowboys,27,17,Regular Season,1987
1987-11-08,Sun,Pittsburgh Steelers,Kansas City Chiefs,17,16,Regular Season,1987
1987-11-08,Sun,Minnesota Vikings,Los Angeles Raiders,31,20,Regular Season,1987
1987-11-08,Sun,Philadelphia Eagles,Washington Redskins,31,27,Regular Season,1987
1987-11-08,Sun,Miami Dolphins,Cincinnati Bengals,20,14,Regular Season,1987
1987-11-08,Sun,New Orleans Saints,Los Angeles Rams,31,14,Regular Season,1987
1987-11-08,Sun,San Francisco 49ers,Houston Oilers,27,20,Regular Season,1987
1987-11-08,Sun,New York Giants,New England Patriots,17,10,Regular Season,1987
1987-11-09,Mon,New York Jets,Seattle Seahawks,30,14,Regular Season,1987
1987-11-15,Sun,Cleveland Browns,Buffalo Bills,27,21,Regular Season,1987
1987-11-15,Sun,Indianapolis Colts,Miami Dolphins,40,21,Regular Season,1987
1987-11-15,Sun,Los Angeles Rams,St. Louis Cardinals,27,24,Regular Season,1987
1987-11-15,Sun,Dallas Cowboys,New England Patriots,23,17,Regular Season,1987
1987-11-15,Sun,Washington Redskins,Detroit Lions,20,13,Regular Season,1987
1987-11-15,Sun,New York Jets,Kansas City Chiefs,16,9,Regular Season,1987
1987-11-15,Sun,Minnesota Vikings,Tampa Bay Buccaneers,23,17,Regular Season,1987
1987-11-15,Sun,Houston Oilers,Pittsburgh Steelers,23,3,Regular Season,1987
1987-11-15,Sun,Cincinnati Bengals,Atlanta Falcons,16,10,Regular Season,1987
1987-11-15,Sun,Seattle Seahawks,Green Bay Packers,24,13,Regular Season,1987
1987-11-15,Sun,New Orleans Saints,San Francisco 49ers,26,24,Regular Season,1987
1987-11-15,Sun,New York Giants,Philadelphia Eagles,20,17,Regular Season,1987
1987-11-15,Sun,San Diego Chargers,Los Angeles Raiders,16,14,Regular Season,1987
1987-11-16,Mon,Denver Broncos,Chicago Bears,31,29,Regular Season,1987
1987-11-22,Sun,Minnesota Vikings,Atlanta Falcons,24,13,Regular Season,1987
1987-11-22,Sun,Buffalo Bills,New York Jets,17,14,Regular Season,1987
1987-11-22,Sun,Chicago Bears,Detroit Lions,30,10,Regular Season,1987
1987-11-22,Sun,Pittsburgh Steelers,Cincinnati Bengals,30,16,Regular Season,1987
1987-11-22,Sun,Cleveland Browns,Houston Oilers,40,7,Regular Season,1987
1987-11-22,Sun,New England Patriots,Indianapolis Colts,24,0,Regular Season,1987
1987-11-22,Sun,St. Louis Cardinals,Philadelphia Eagles,31,19,Regular Season,1987
1987-11-22,Sun,Green Bay Packers,Kansas City Chiefs,23,3,Regular Season,1987
1987-11-22,Sun,San Francisco 49ers,Tampa Bay Buccaneers,24,10,Regular Season,1987
1987-11-22,Sun,Denver Broncos,Los Angeles Raiders,23,17,Regular Season,1987
1987-11-22,Sun,New Orleans Saints,New York Giants,23,14,Regular Season,1987
1987-11-22,Sun,Seattle Seahawks,San Diego Chargers,34,3,Regular Season,1987
1987-11-22,Sun,Miami Dolphins,Dallas Cowboys,20,14,Regular Season,1987
1987-11-23,Mon,Los Angeles Rams,Washington Redskins,30,26,Regular Season,1987
1987-11-26,Thu,Kansas City Chiefs,Detroit Lions,27,20,Regular Season,1987
1987-11-26,Thu,Minnesota Vikings,Dallas Cowboys,44,38,Regular Season,1987
1987-11-29,Sun,St. Louis Cardinals,Atlanta Falcons,34,21,Regular Season,1987
1987-11-29,Sun,Buffalo Bills,Miami Dolphins,27,0,Regular Season,1987
1987-11-29,Sun,Chicago Bears,Green Bay Packers,23,10,Regular Season,1987
1987-11-29,Sun,New York Jets,Cincinnati Bengals,27,20,Regular Season,1987
1987-11-29,Sun,Indianapolis Colts,Houston Oilers,51,27,Regular Season,1987
1987-11-29,Sun,New Orleans Saints,Pittsburgh Steelers,20,16,Regular Season,1987
1987-11-29,Sun,Philadelphia Eagles,New England Patriots,34,31,Regular Season,1987
1987-11-29,Sun,Denver Broncos,San Diego Chargers,31,17,Regular Season,1987
1987-11-29,Sun,Washington Redskins,New York Giants,23,19,Regular Season,1987
1987-11-29,Sun,Los Angeles Rams,Tampa Bay Buccaneers,35,3,Regular Season,1987
1987-11-29,Sun,San Francisco 49ers,Cleveland Browns,38,24,Regular Season,1987
1987-11-30,Mon,Los Angeles Raiders,Seattle Seahawks,37,14,Regular Season,1987
1987-12-06,Sun,Atlanta Falcons,Dallas Cowboys,21,10,Regular Season,1987
1987-12-06,Sun,Cincinnati Bengals,Kansas City Chiefs,30,27,Regular Season,1987
1987-12-06,Sun,Indianapolis Colts,Cleveland Browns,9,7,Regular Season,1987
1987-12-06,Sun,Washington Redskins,St. Louis Cardinals,34,17,Regular Season,1987
1987-12-06,Sun,Los Angeles Rams,Detroit Lions,37,16,Regular Season,1987
1987-12-06,Sun,San Francisco 49ers,Green Bay Packers,23,12,Regular Season,1987
1987-12-06,Sun,New York Giants,Philadelphia Eagles,23,20,Regular Season,1987
1987-12-06,Sun,Houston Oilers,San Diego Chargers,33,18,Regular Season,1987
1987-12-06,Sun,Pittsburgh Steelers,Seattle Seahawks,13,9,Regular Season,1987
1987-12-06,Sun,Los Angeles Raiders,Buffalo Bills,34,21,Regular Season,1987
1987-12-06,Sun,Denver Broncos,New England Patriots,31,20,Regular Season,1987
1987-12-06,Sun,New Orleans Saints,Tampa Bay Buccaneers,44,34,Regular Season,1987
1987-12-06,Sun,Chicago Bears,Minnesota Vikings,30,24,Regular Season,1987
1987-12-07,Mon,Miami Dolphins,New York Jets,37,28,Regular Season,1987
1987-12-13,Sun,Buffalo Bills,Indianapolis Colts,27,3,Regular Season,1987
1987-12-13,Sun,Cleveland Browns,Cincinnati Bengals,38,24,Regular Season,1987
1987-12-13,Sun,Washington Redskins,Dallas Cowboys,24,20,Regular Season,1987
1987-12-13,Sun,Green Bay Packers,Minnesota Vikings,16,10,Regular Season,1987
1987-12-13,Sun,Miami Dolphins,Philadelphia Eagles,28,10,Regular Season,1987
1987-12-13,Sun,New Orleans Saints,Houston Oilers,24,10,Regular Season,1987
1987-12-13,Sun,New England Patriots,New York Jets,42,20,Regular Season,1987
1987-12-13,Sun,Los Angeles Rams,Atlanta Falcons,33,0,Regular Season,1987
1987-12-13,Sun,St. Louis Cardinals,New York Giants,27,24,Regular Season,1987
1987-12-13,Sun,Detroit Lions,Tampa Bay Buccaneers,20,10,Regular Season,1987
1987-12-13,Sun,Kansas City Chiefs,Los Angeles Raiders,16,10,Regular Season,1987
1987-12-13,Sun,Pittsburgh Steelers,San Diego Chargers,20,16,Regular Season,1987
1987-12-13,Sun,Seattle Seahawks,Denver Broncos,28,21,Regular Season,1987
1987-12-14,Mon,San Francisco 49ers,Chicago Bears,41,0,Regular Season,1987
1987-12-19,Sat,New York Giants,Green Bay Packers,20,10,Regular Season,1987
1987-12-19,Sat,Denver Broncos,Kansas City Chiefs,20,17,Regular Season,1987
1987-12-20,Sun,New England Patriots,Buffalo Bills,13,7,Regular Season,1987
1987-12-20,Sun,Seattle Seahawks,Chicago Bears,34,21,Regular Season,1987
1987-12-20,Sun,New Orleans Saints,Cincinnati Bengals,41,24,Regular Season,1987
1987-12-20,Sun,Minnesota Vikings,Detroit Lions,17,14,Regular Season,1987
1987-12-20,Sun,Philadelphia Eagles,New York Jets,38,27,Regular Season,1987
1987-12-20,Sun,Houston Oilers,Pittsburgh Steelers,24,16,Regular Season,1987
1987-12-20,Sun,San Francisco 49ers,Atlanta Falcons,35,7,Regular Season,1987
1987-12-20,Sun,Cleveland Browns,Los Angeles Raiders,24,17,Regular Season,1987
1987-12-20,Sun,Indianapolis Colts,San Diego Chargers,20,7,Regular Season,1987
1987-12-20,Sun,St. Louis Cardinals,Tampa Bay Buccaneers,31,14,Regular Season,1987
1987-12-20,Sun,Miami Dolphins,Washington Redskins,23,21,Regular Season,1987
1987-12-21,Mon,Dallas Cowboys,Los Angeles Rams,29,21,Regular Season,1987
1987-12-26,Sat,Cleveland Browns,Pittsburgh Steelers,19,13,Regular Season,1987
1987-12-26,Sat,Washington Redskins,Minnesota Vikings,27,24,Regular Season,1987
1987-12-27,Sun,Detroit Lions,Atlanta Falcons,30,13,Regular Season,1987
1987-12-27,Sun,Philadelphia Eagles,Buffalo Bills,17,7,Regular Season,1987
1987-12-27,Sun,Houston Oilers,Cincinnati Bengals,21,17,Regular Season,1987
1987-12-27,Sun,Indianapolis Colts,Tampa Bay Buccaneers,24,6,Regular Season,1987
1987-12-27,Sun,Dallas Cowboys,St. Louis Cardinals,21,16,Regular Season,1987
1987-12-27,Sun,New Orleans Saints,Green Bay Packers,33,24,Regular Season,1987
1987-12-27,Sun,Kansas City Chiefs,Seattle Seahawks,41,20,Regular Season,1987
1987-12-27,Sun,New York Giants,New York Jets,20,7,Regular Season,1987
1987-12-27,Sun,Chicago Bears,Los Angeles Raiders,6,3,Regular Season,1987
1987-12-27,Sun,Denver Broncos,San Diego Chargers,24,0,Regular Season,1987
1987-12-27,Sun,San Francisco 49ers,Los Angeles Rams,48,0,Regular Season,1987
1987-12-28,Mon,New England Patriots,Miami Dolphins,24,10,Regular Season,1987
Playoffs,,,,,,Playoff,1987
1988-01-03,Sun,Minnesota Vikings,New Orleans Saints,44,10,Playoff,1987
1988-01-03,Sun,Houston Oilers,Seattle Seahawks,23,20,Playoff,1987
1988-01-09,Sat,Cleveland Browns,Indianapolis Colts,38,21,Playoff,1987
1988-01-09,Sat,Minnesota Vikings,San Francisco 49ers,36,24,Playoff,1987
1988-01-10,Sun,Washington Redskins,Chicago Bears,21,17,Playoff,1987
1988-01-10,Sun,Denver Broncos,Houston Oilers,34,10,Playoff,1987
1988-01-17,Sun,Washington Redskins,Minnesota Vikings,17,10,Playoff,1987
1988-01-17,Sun,Denver Broncos,Cleveland Browns,38,33,Playoff,1987
1988-01-31,Sun,Washington Redskins,Denver Broncos,42,10,Playoff,1987
