Date,DOW,WT,LT,WTS,LTS,Type,Season
1988-09-04,Sun,Detroit Lions,Atlanta Falcons,31,17,Regular Season,1988
1988-09-04,Sun,Buffalo Bills,Minnesota Vikings,13,10,Regular Season,1988
1988-09-04,Sun,Chicago Bears,Miami Dolphins,34,7,Regular Season,1988
1988-09-04,Sun,Cincinnati Bengals,Phoenix Cardinals,21,14,Regular Season,1988
1988-09-04,Sun,Pittsburgh Steelers,Dallas Cowboys,24,21,Regular Season,1988
1988-09-04,Sun,Los Angeles Rams,Green Bay Packers,34,7,Regular Season,1988
1988-09-04,Sun,San Francisco 49ers,New Orleans Saints,34,33,Regular Season,1988
1988-09-04,Sun,Philadelphia Eagles,Tampa Bay Buccaneers,41,14,Regular Season,1988
1988-09-04,Sun,Cleveland Browns,Kansas City Chiefs,6,3,Regular Season,1988
1988-09-04,Sun,Houston Oilers,Indianapolis Colts,17,14,Regular Season,1988
1988-09-04,Sun,Seattle Seahawks,Denver Broncos,21,14,Regular Season,1988
1988-09-04,Sun,New England Patriots,New York Jets,28,3,Regular Season,1988
1988-09-04,Sun,Los Angeles Raiders,San Diego Chargers,24,13,Regular Season,1988
1988-09-05,Mon,New York Giants,Washington Redskins,27,20,Regular Season,1988
1988-09-11,Sun,New Orleans Saints,Atlanta Falcons,29,21,Regular Season,1988
1988-09-11,Sun,Buffalo Bills,Miami Dolphins,9,6,Regular Season,1988
1988-09-11,Sun,Chicago Bears,Indianapolis Colts,17,13,Regular Season,1988
1988-09-11,Sun,Tampa Bay Buccaneers,Green Bay Packers,13,10,Regular Season,1988
1988-09-11,Sun,San Francisco 49ers,New York Giants,20,17,Regular Season,1988
1988-09-11,Sun,Washington Redskins,Pittsburgh Steelers,30,29,Regular Season,1988
1988-09-11,Sun,Cincinnati Bengals,Philadelphia Eagles,28,24,Regular Season,1988
1988-09-11,Sun,New York Jets,Cleveland Browns,23,3,Regular Season,1988
1988-09-11,Sun,Denver Broncos,San Diego Chargers,34,3,Regular Season,1988
1988-09-11,Sun,Los Angeles Rams,Detroit Lions,17,10,Regular Season,1988
1988-09-11,Sun,Seattle Seahawks,Kansas City Chiefs,31,10,Regular Season,1988
1988-09-11,Sun,Minnesota Vikings,New England Patriots,36,6,Regular Season,1988
1988-09-11,Sun,Houston Oilers,Los Angeles Raiders,38,35,Regular Season,1988
1988-09-12,Mon,Dallas Cowboys,Phoenix Cardinals,17,14,Regular Season,1988
1988-09-18,Sun,Buffalo Bills,New England Patriots,16,14,Regular Season,1988
1988-09-18,Sun,Minnesota Vikings,Chicago Bears,31,7,Regular Season,1988
1988-09-18,Sun,Cincinnati Bengals,Pittsburgh Steelers,17,12,Regular Season,1988
1988-09-18,Sun,Phoenix Cardinals,Tampa Bay Buccaneers,30,24,Regular Season,1988
1988-09-18,Sun,Kansas City Chiefs,Denver Broncos,20,13,Regular Season,1988
1988-09-18,Sun,New Orleans Saints,Detroit Lions,22,14,Regular Season,1988
1988-09-18,Sun,Miami Dolphins,Green Bay Packers,24,17,Regular Season,1988
1988-09-18,Sun,New York Jets,Houston Oilers,45,3,Regular Season,1988
1988-09-18,Sun,Washington Redskins,Philadelphia Eagles,17,10,Regular Season,1988
1988-09-18,Sun,Atlanta Falcons,San Francisco 49ers,34,17,Regular Season,1988
1988-09-18,Sun,New York Giants,Dallas Cowboys,12,10,Regular Season,1988
1988-09-18,Sun,Los Angeles Rams,Los Angeles Raiders,22,17,Regular Season,1988
1988-09-18,Sun,San Diego Chargers,Seattle Seahawks,17,6,Regular Season,1988
1988-09-19,Mon,Cleveland Browns,Indianapolis Colts,23,17,Regular Season,1988
1988-09-25,Sun,Dallas Cowboys,Atlanta Falcons,26,20,Regular Season,1988
1988-09-25,Sun,Buffalo Bills,Pittsburgh Steelers,36,28,Regular Season,1988
1988-09-25,Sun,Chicago Bears,Green Bay Packers,24,6,Regular Season,1988
1988-09-25,Sun,Cincinnati Bengals,Cleveland Browns,24,17,Regular Season,1988
1988-09-25,Sun,Indianapolis Colts,Miami Dolphins,15,13,Regular Season,1988
1988-09-25,Sun,New York Jets,Detroit Lions,17,10,Regular Season,1988
1988-09-25,Sun,Minnesota Vikings,Philadelphia Eagles,23,21,Regular Season,1988
1988-09-25,Sun,New Orleans Saints,Tampa Bay Buccaneers,13,9,Regular Season,1988
1988-09-25,Sun,Houston Oilers,New England Patriots,31,6,Regular Season,1988
1988-09-25,Sun,Phoenix Cardinals,Washington Redskins,30,21,Regular Season,1988
1988-09-25,Sun,San Diego Chargers,Kansas City Chiefs,24,23,Regular Season,1988
1988-09-25,Sun,Los Angeles Rams,New York Giants,45,31,Regular Season,1988
1988-09-25,Sun,San Francisco 49ers,Seattle Seahawks,38,7,Regular Season,1988
1988-09-26,Mon,Los Angeles Raiders,Denver Broncos,30,27,Regular Season,1988
1988-10-02,Sun,Seattle Seahawks,Atlanta Falcons,31,20,Regular Season,1988
1988-10-02,Sun,Chicago Bears,Buffalo Bills,24,3,Regular Season,1988
1988-10-02,Sun,Cleveland Browns,Pittsburgh Steelers,23,9,Regular Season,1988
1988-10-02,Sun,New England Patriots,Indianapolis Colts,21,17,Regular Season,1988
1988-10-02,Sun,Tampa Bay Buccaneers,Green Bay Packers,27,24,Regular Season,1988
1988-10-02,Sun,New York Giants,Washington Redskins,24,23,Regular Season,1988
1988-10-02,Sun,Philadelphia Eagles,Houston Oilers,32,23,Regular Season,1988
1988-10-02,Sun,Cincinnati Bengals,Los Angeles Raiders,45,21,Regular Season,1988
1988-10-02,Sun,Phoenix Cardinals,Los Angeles Rams,41,27,Regular Season,1988
1988-10-02,Sun,Denver Broncos,San Diego Chargers,12,0,Regular Season,1988
1988-10-02,Sun,San Francisco 49ers,Detroit Lions,20,13,Regular Season,1988
1988-10-02,Sun,New York Jets,Kansas City Chiefs,17,17,Regular Season,1988
1988-10-02,Sun,Miami Dolphins,Minnesota Vikings,24,7,Regular Season,1988
1988-10-03,Mon,New Orleans Saints,Dallas Cowboys,20,17,Regular Season,1988
1988-10-09,Sun,Los Angeles Rams,Atlanta Falcons,33,0,Regular Season,1988
1988-10-09,Sun,Buffalo Bills,Indianapolis Colts,34,23,Regular Season,1988
1988-10-09,Sun,Chicago Bears,Detroit Lions,24,7,Regular Season,1988
1988-10-09,Sun,Cincinnati Bengals,New York Jets,36,19,Regular Season,1988
1988-10-09,Sun,Seattle Seahawks,Cleveland Browns,16,10,Regular Season,1988
1988-10-09,Sun,Washington Redskins,Dallas Cowboys,35,17,Regular Season,1988
1988-10-09,Sun,Green Bay Packers,New England Patriots,45,3,Regular Season,1988
1988-10-09,Sun,Houston Oilers,Kansas City Chiefs,7,6,Regular Season,1988
1988-10-09,Sun,Minnesota Vikings,Tampa Bay Buccaneers,14,13,Regular Season,1988
1988-10-09,Sun,Phoenix Cardinals,Pittsburgh Steelers,31,14,Regular Season,1988
1988-10-09,Sun,Denver Broncos,San Francisco 49ers,16,13,Regular Season,1988
1988-10-09,Sun,Miami Dolphins,Los Angeles Raiders,24,14,Regular Season,1988
1988-10-09,Sun,New Orleans Saints,San Diego Chargers,23,17,Regular Season,1988
1988-10-10,Mon,Philadelphia Eagles,New York Giants,24,13,Regular Season,1988
1988-10-16,Sun,Chicago Bears,Dallas Cowboys,17,7,Regular Season,1988
1988-10-16,Sun,New England Patriots,Cincinnati Bengals,27,21,Regular Season,1988
1988-10-16,Sun,Cleveland Browns,Philadelphia Eagles,19,3,Regular Season,1988
1988-10-16,Sun,Indianapolis Colts,Tampa Bay Buccaneers,35,31,Regular Season,1988
1988-10-16,Sun,Washington Redskins,Phoenix Cardinals,33,17,Regular Season,1988
1988-10-16,Sun,New York Giants,Detroit Lions,30,10,Regular Season,1988
1988-10-16,Sun,Green Bay Packers,Minnesota Vikings,34,14,Regular Season,1988
1988-10-16,Sun,Los Angeles Raiders,Kansas City Chiefs,27,17,Regular Season,1988
1988-10-16,Sun,Houston Oilers,Pittsburgh Steelers,34,14,Regular Season,1988
1988-10-16,Sun,Denver Broncos,Atlanta Falcons,30,14,Regular Season,1988
1988-10-16,Sun,Miami Dolphins,San Diego Chargers,31,28,Regular Season,1988
1988-10-16,Sun,New Orleans Saints,Seattle Seahawks,20,19,Regular Season,1988
1988-10-16,Sun,San Francisco 49ers,Los Angeles Rams,24,21,Regular Season,1988
1988-10-17,Mon,Buffalo Bills,New York Jets,37,14,Regular Season,1988
1988-10-23,Sun,New York Giants,Atlanta Falcons,23,16,Regular Season,1988
1988-10-23,Sun,Buffalo Bills,New England Patriots,23,20,Regular Season,1988
1988-10-23,Sun,Cincinnati Bengals,Houston Oilers,44,21,Regular Season,1988
1988-10-23,Sun,Philadelphia Eagles,Dallas Cowboys,24,23,Regular Season,1988
1988-10-23,Sun,Pittsburgh Steelers,Denver Broncos,39,21,Regular Season,1988
1988-10-23,Sun,Detroit Lions,Kansas City Chiefs,7,6,Regular Season,1988
1988-10-23,Sun,Minnesota Vikings,Tampa Bay Buccaneers,49,20,Regular Season,1988
1988-10-23,Sun,New Orleans Saints,Los Angeles Raiders,20,6,Regular Season,1988
1988-10-23,Sun,Cleveland Browns,Phoenix Cardinals,29,21,Regular Season,1988
1988-10-23,Sun,Indianapolis Colts,San Diego Chargers,16,0,Regular Season,1988
1988-10-23,Sun,Washington Redskins,Green Bay Packers,20,17,Regular Season,1988
1988-10-23,Sun,New York Jets,Miami Dolphins,44,30,Regular Season,1988
1988-10-23,Sun,Los Angeles Rams,Seattle Seahawks,31,10,Regular Season,1988
1988-10-24,Mon,Chicago Bears,San Francisco 49ers,10,9,Regular Season,1988
1988-10-30,Sun,Atlanta Falcons,Philadelphia Eagles,27,24,Regular Season,1988
1988-10-30,Sun,Buffalo Bills,Green Bay Packers,28,0,Regular Season,1988
1988-10-30,Sun,New England Patriots,Chicago Bears,30,7,Regular Season,1988
1988-10-30,Sun,Cleveland Browns,Cincinnati Bengals,23,16,Regular Season,1988
1988-10-30,Sun,Phoenix Cardinals,Dallas Cowboys,16,10,Regular Season,1988
1988-10-30,Sun,Miami Dolphins,Tampa Bay Buccaneers,17,14,Regular Season,1988
1988-10-30,Sun,Los Angeles Rams,New Orleans Saints,12,10,Regular Season,1988
1988-10-30,Sun,New York Jets,Pittsburgh Steelers,24,20,Regular Season,1988
1988-10-30,Sun,New York Giants,Detroit Lions,13,10,Regular Season,1988
1988-10-30,Sun,Los Angeles Raiders,Kansas City Chiefs,17,10,Regular Season,1988
1988-10-30,Sun,San Francisco 49ers,Minnesota Vikings,24,21,Regular Season,1988
1988-10-30,Sun,Seattle Seahawks,San Diego Chargers,17,14,Regular Season,1988
1988-10-30,Sun,Houston Oilers,Washington Redskins,41,17,Regular Season,1988
1988-10-31,Mon,Indianapolis Colts,Denver Broncos,55,23,Regular Season,1988
1988-11-06,Sun,Atlanta Falcons,Green Bay Packers,20,0,Regular Season,1988
1988-11-06,Sun,Chicago Bears,Tampa Bay Buccaneers,28,10,Regular Season,1988
1988-11-06,Sun,Cincinnati Bengals,Pittsburgh Steelers,42,7,Regular Season,1988
1988-11-06,Sun,New York Giants,Dallas Cowboys,29,21,Regular Season,1988
1988-11-06,Sun,Minnesota Vikings,Detroit Lions,44,17,Regular Season,1988
1988-11-06,Sun,New England Patriots,Miami Dolphins,21,10,Regular Season,1988
1988-11-06,Sun,Philadelphia Eagles,Los Angeles Rams,30,24,Regular Season,1988
1988-11-06,Sun,Buffalo Bills,Seattle Seahawks,13,3,Regular Season,1988
1988-11-06,Sun,Indianapolis Colts,New York Jets,38,14,Regular Season,1988
1988-11-06,Sun,Phoenix Cardinals,San Francisco 49ers,24,23,Regular Season,1988
1988-11-06,Sun,Denver Broncos,Kansas City Chiefs,17,11,Regular Season,1988
1988-11-06,Sun,Washington Redskins,New Orleans Saints,27,24,Regular Season,1988
1988-11-06,Sun,Los Angeles Raiders,San Diego Chargers,13,3,Regular Season,1988
1988-11-07,Mon,Houston Oilers,Cleveland Browns,24,17,Regular Season,1988
1988-11-13,Sun,San Diego Chargers,Atlanta Falcons,10,7,Regular Season,1988
1988-11-13,Sun,Chicago Bears,Washington Redskins,34,14,Regular Season,1988
1988-11-13,Sun,Kansas City Chiefs,Cincinnati Bengals,31,28,Regular Season,1988
1988-11-13,Sun,Indianapolis Colts,Green Bay Packers,20,13,Regular Season,1988
1988-11-13,Sun,Tampa Bay Buccaneers,Detroit Lions,23,20,Regular Season,1988
1988-11-13,Sun,New England Patriots,New York Jets,14,13,Regular Season,1988
1988-11-13,Sun,Philadelphia Eagles,Pittsburgh Steelers,27,26,Regular Season,1988
1988-11-13,Sun,Denver Broncos,Cleveland Browns,30,7,Regular Season,1988
1988-11-13,Sun,Phoenix Cardinals,New York Giants,24,17,Regular Season,1988
1988-11-13,Sun,New Orleans Saints,Los Angeles Rams,14,10,Regular Season,1988
1988-11-13,Sun,Seattle Seahawks,Houston Oilers,27,24,Regular Season,1988
1988-11-13,Sun,Los Angeles Raiders,San Francisco 49ers,9,3,Regular Season,1988
1988-11-13,Sun,Minnesota Vikings,Dallas Cowboys,43,3,Regular Season,1988
1988-11-14,Mon,Buffalo Bills,Miami Dolphins,31,6,Regular Season,1988
1988-11-20,Sun,Buffalo Bills,New York Jets,9,6,Regular Season,1988
1988-11-20,Sun,Chicago Bears,Tampa Bay Buccaneers,27,15,Regular Season,1988
1988-11-20,Sun,Cincinnati Bengals,Dallas Cowboys,38,24,Regular Season,1988
1988-11-20,Sun,Cleveland Browns,Pittsburgh Steelers,27,7,Regular Season,1988
1988-11-20,Sun,Minnesota Vikings,Indianapolis Colts,12,3,Regular Season,1988
1988-11-20,Sun,Houston Oilers,Phoenix Cardinals,38,20,Regular Season,1988
1988-11-20,Sun,Detroit Lions,Green Bay Packers,19,9,Regular Season,1988
1988-11-20,Sun,Kansas City Chiefs,Seattle Seahawks,27,24,Regular Season,1988
1988-11-20,Sun,Atlanta Falcons,Los Angeles Raiders,12,6,Regular Season,1988
1988-11-20,Sun,New Orleans Saints,Denver Broncos,42,0,Regular Season,1988
1988-11-20,Sun,Philadelphia Eagles,New York Giants,23,17,Regular Season,1988
1988-11-20,Sun,San Diego Chargers,Los Angeles Rams,38,24,Regular Season,1988
1988-11-20,Sun,New England Patriots,Miami Dolphins,6,3,Regular Season,1988
1988-11-21,Mon,San Francisco 49ers,Washington Redskins,37,21,Regular Season,1988
1988-11-24,Thu,Minnesota Vikings,Detroit Lions,23,0,Regular Season,1988
1988-11-24,Thu,Houston Oilers,Dallas Cowboys,25,17,Regular Season,1988
1988-11-27,Sun,Atlanta Falcons,Tampa Bay Buccaneers,17,10,Regular Season,1988
1988-11-27,Sun,Cincinnati Bengals,Buffalo Bills,35,21,Regular Season,1988
1988-11-27,Sun,Chicago Bears,Green Bay Packers,16,0,Regular Season,1988
1988-11-27,Sun,Cleveland Browns,Washington Redskins,17,13,Regular Season,1988
1988-11-27,Sun,Philadelphia Eagles,Phoenix Cardinals,31,21,Regular Season,1988
1988-11-27,Sun,Pittsburgh Steelers,Kansas City Chiefs,16,10,Regular Season,1988
1988-11-27,Sun,New York Jets,Miami Dolphins,38,34,Regular Season,1988
1988-11-27,Sun,Indianapolis Colts,New England Patriots,24,21,Regular Season,1988
1988-11-27,Sun,Denver Broncos,Los Angeles Rams,35,24,Regular Season,1988
1988-11-27,Sun,San Francisco 49ers,San Diego Chargers,48,10,Regular Season,1988
1988-11-27,Sun,New York Giants,New Orleans Saints,13,12,Regular Season,1988
1988-11-28,Mon,Seattle Seahawks,Los Angeles Raiders,35,27,Regular Season,1988
1988-12-04,Sun,San Francisco 49ers,Atlanta Falcons,13,3,Regular Season,1988
1988-12-04,Sun,Tampa Bay Buccaneers,Buffalo Bills,10,5,Regular Season,1988
1988-12-04,Sun,Cincinnati Bengals,San Diego Chargers,27,10,Regular Season,1988
1988-12-04,Sun,Cleveland Browns,Dallas Cowboys,24,21,Regular Season,1988
1988-12-04,Sun,Indianapolis Colts,Miami Dolphins,31,28,Regular Season,1988
1988-12-04,Sun,New York Giants,Phoenix Cardinals,44,7,Regular Season,1988
1988-12-04,Sun,Detroit Lions,Green Bay Packers,30,14,Regular Season,1988
1988-12-04,Sun,New England Patriots,Seattle Seahawks,13,7,Regular Season,1988
1988-12-04,Sun,Washington Redskins,Philadelphia Eagles,20,19,Regular Season,1988
1988-12-04,Sun,Los Angeles Raiders,Denver Broncos,21,20,Regular Season,1988
1988-12-04,Sun,Kansas City Chiefs,New York Jets,38,34,Regular Season,1988
1988-12-04,Sun,Minnesota Vikings,New Orleans Saints,45,3,Regular Season,1988
1988-12-04,Sun,Pittsburgh Steelers,Houston Oilers,37,34,Regular Season,1988
1988-12-05,Mon,Los Angeles Rams,Chicago Bears,23,3,Regular Season,1988
1988-12-10,Sat,New York Jets,Indianapolis Colts,34,16,Regular Season,1988
1988-12-10,Sat,Philadelphia Eagles,Phoenix Cardinals,23,17,Regular Season,1988
1988-12-11,Sun,Buffalo Bills,Los Angeles Raiders,37,21,Regular Season,1988
1988-12-11,Sun,Chicago Bears,Detroit Lions,13,12,Regular Season,1988
1988-12-11,Sun,Houston Oilers,Cincinnati Bengals,41,6,Regular Season,1988
1988-12-11,Sun,Dallas Cowboys,Washington Redskins,24,17,Regular Season,1988
1988-12-11,Sun,Green Bay Packers,Minnesota Vikings,18,6,Regular Season,1988
1988-12-11,Sun,New York Giants,Kansas City Chiefs,28,12,Regular Season,1988
1988-12-11,Sun,New England Patriots,Tampa Bay Buccaneers,10,7,Regular Season,1988
1988-12-11,Sun,Los Angeles Rams,Atlanta Falcons,22,7,Regular Season,1988
1988-12-11,Sun,San Francisco 49ers,New Orleans Saints,30,17,Regular Season,1988
1988-12-11,Sun,San Diego Chargers,Pittsburgh Steelers,20,14,Regular Season,1988
1988-12-11,Sun,Seattle Seahawks,Denver Broncos,42,14,Regular Season,1988
1988-12-12,Mon,Miami Dolphins,Cleveland Browns,38,31,Regular Season,1988
1988-12-17,Sat,Cincinnati Bengals,Washington Redskins,20,17,Regular Season,1988
1988-12-17,Sat,Denver Broncos,New England Patriots,21,10,Regular Season,1988
1988-12-18,Sun,New Orleans Saints,Atlanta Falcons,10,9,Regular Season,1988
1988-12-18,Sun,Indianapolis Colts,Buffalo Bills,17,14,Regular Season,1988
1988-12-18,Sun,Cleveland Browns,Houston Oilers,28,23,Regular Season,1988
1988-12-18,Sun,Philadelphia Eagles,Dallas Cowboys,23,7,Regular Season,1988
1988-12-18,Sun,Tampa Bay Buccaneers,Detroit Lions,21,10,Regular Season,1988
1988-12-18,Sun,Pittsburgh Steelers,Miami Dolphins,40,24,Regular Season,1988
1988-12-18,Sun,New York Jets,New York Giants,27,21,Regular Season,1988
1988-12-18,Sun,Green Bay Packers,Phoenix Cardinals,26,17,Regular Season,1988
1988-12-18,Sun,San Diego Chargers,Kansas City Chiefs,24,13,Regular Season,1988
1988-12-18,Sun,Seattle Seahawks,Los Angeles Raiders,43,37,Regular Season,1988
1988-12-18,Sun,Los Angeles Rams,San Francisco 49ers,38,16,Regular Season,1988
1988-12-19,Mon,Minnesota Vikings,Chicago Bears,28,27,Regular Season,1988
Playoffs,,,,,,Playoff,1988
1988-12-24,Sat,Houston Oilers,Cleveland Browns,24,23,Playoff,1988
1988-12-26,Mon,Minnesota Vikings,Los Angeles Rams,28,17,Playoff,1988
1988-12-31,Sat,Chicago Bears,Philadelphia Eagles,20,12,Playoff,1988
1988-12-31,Sat,Cincinnati Bengals,Seattle Seahawks,21,13,Playoff,1988
1989-01-01,Sun,Buffalo Bills,Houston Oilers,17,10,Playoff,1988
1989-01-01,Sun,San Francisco 49ers,Minnesota Vikings,34,9,Playoff,1988
1989-01-08,Sun,Cincinnati Bengals,Buffalo Bills,21,10,Playoff,1988
1989-01-08,Sun,San Francisco 49ers,Chicago Bears,28,3,Playoff,1988
1989-01-22,Sun,San Francisco 49ers,Cincinnati Bengals,20,16,Playoff,1988
