Date,DOW,WT,LT,WTS,LTS,Type,Season
1989-09-10,Sun,Los Angeles Rams,Atlanta Falcons,31,21,Regular Season,1989
1989-09-10,Sun,Chicago Bears,Cincinnati Bengals,17,14,Regular Season,1989
1989-09-10,Sun,San Francisco 49ers,Indianapolis Colts,30,24,Regular Season,1989
1989-09-10,Sun,Phoenix Cardinals,Detroit Lions,16,13,Regular Season,1989
1989-09-10,Sun,New Orleans Saints,Dallas Cowboys,28,0,Regular Season,1989
1989-09-10,Sun,Tampa Bay Buccaneers,Green Bay Packers,23,21,Regular Season,1989
1989-09-10,Sun,Buffalo Bills,Miami Dolphins,27,24,Regular Season,1989
1989-09-10,Sun,Cleveland Browns,Pittsburgh Steelers,51,0,Regular Season,1989
1989-09-10,Sun,Denver Broncos,Kansas City Chiefs,34,20,Regular Season,1989
1989-09-10,Sun,Minnesota Vikings,Houston Oilers,38,7,Regular Season,1989
1989-09-10,Sun,New England Patriots,New York Jets,27,24,Regular Season,1989
1989-09-10,Sun,Philadelphia Eagles,Seattle Seahawks,31,7,Regular Season,1989
1989-09-10,Sun,Los Angeles Raiders,San Diego Chargers,40,14,Regular Season,1989
1989-09-11,Mon,New York Giants,Washington Redskins,27,24,Regular Season,1989
1989-09-17,Sun,Atlanta Falcons,Dallas Cowboys,27,21,Regular Season,1989
1989-09-17,Sun,Cincinnati Bengals,Pittsburgh Steelers,41,10,Regular Season,1989
1989-09-17,Sun,Cleveland Browns,New York Jets,38,24,Regular Season,1989
1989-09-17,Sun,Green Bay Packers,New Orleans Saints,35,34,Regular Season,1989
1989-09-17,Sun,Kansas City Chiefs,Los Angeles Raiders,24,19,Regular Season,1989
1989-09-17,Sun,Miami Dolphins,New England Patriots,24,10,Regular Season,1989
1989-09-17,Sun,Philadelphia Eagles,Washington Redskins,42,37,Regular Season,1989
1989-09-17,Sun,Chicago Bears,Minnesota Vikings,38,7,Regular Season,1989
1989-09-17,Sun,Los Angeles Rams,Indianapolis Colts,31,17,Regular Season,1989
1989-09-17,Sun,Phoenix Cardinals,Seattle Seahawks,34,24,Regular Season,1989
1989-09-17,Sun,New York Giants,Detroit Lions,24,14,Regular Season,1989
1989-09-17,Sun,Houston Oilers,San Diego Chargers,34,27,Regular Season,1989
1989-09-17,Sun,San Francisco 49ers,Tampa Bay Buccaneers,20,16,Regular Season,1989
1989-09-18,Mon,Denver Broncos,Buffalo Bills,28,14,Regular Season,1989
1989-09-24,Sun,Indianapolis Colts,Atlanta Falcons,13,9,Regular Season,1989
1989-09-24,Sun,Buffalo Bills,Houston Oilers,47,41,Regular Season,1989
1989-09-24,Sun,Chicago Bears,Detroit Lions,47,27,Regular Season,1989
1989-09-24,Sun,New York Giants,Phoenix Cardinals,35,7,Regular Season,1989
1989-09-24,Sun,Washington Redskins,Dallas Cowboys,30,7,Regular Season,1989
1989-09-24,Sun,Pittsburgh Steelers,Minnesota Vikings,27,14,Regular Season,1989
1989-09-24,Sun,Tampa Bay Buccaneers,New Orleans Saints,20,10,Regular Season,1989
1989-09-24,Sun,Seattle Seahawks,New England Patriots,24,3,Regular Season,1989
1989-09-24,Sun,San Francisco 49ers,Philadelphia Eagles,38,28,Regular Season,1989
1989-09-24,Sun,Denver Broncos,Los Angeles Raiders,31,21,Regular Season,1989
1989-09-24,Sun,Los Angeles Rams,Green Bay Packers,41,38,Regular Season,1989
1989-09-24,Sun,San Diego Chargers,Kansas City Chiefs,21,6,Regular Season,1989
1989-09-24,Sun,New York Jets,Miami Dolphins,40,33,Regular Season,1989
1989-09-25,Mon,Cincinnati Bengals,Cleveland Browns,21,14,Regular Season,1989
1989-10-01,Sun,Green Bay Packers,Atlanta Falcons,23,21,Regular Season,1989
1989-10-01,Sun,Buffalo Bills,New England Patriots,31,10,Regular Season,1989
1989-10-01,Sun,Cincinnati Bengals,Kansas City Chiefs,21,17,Regular Season,1989
1989-10-01,Sun,Cleveland Browns,Denver Broncos,16,13,Regular Season,1989
1989-10-01,Sun,Indianapolis Colts,New York Jets,17,10,Regular Season,1989
1989-10-01,Sun,Pittsburgh Steelers,Detroit Lions,23,3,Regular Season,1989
1989-10-01,Sun,Houston Oilers,Miami Dolphins,39,7,Regular Season,1989
1989-10-01,Sun,Minnesota Vikings,Tampa Bay Buccaneers,17,3,Regular Season,1989
1989-10-01,Sun,Washington Redskins,New Orleans Saints,16,14,Regular Season,1989
1989-10-01,Sun,San Diego Chargers,Phoenix Cardinals,24,13,Regular Season,1989
1989-10-01,Sun,New York Giants,Dallas Cowboys,30,13,Regular Season,1989
1989-10-01,Sun,Seattle Seahawks,Los Angeles Raiders,24,20,Regular Season,1989
1989-10-01,Sun,Los Angeles Rams,San Francisco 49ers,13,12,Regular Season,1989
1989-10-02,Mon,Chicago Bears,Philadelphia Eagles,27,13,Regular Season,1989
1989-10-08,Sun,Indianapolis Colts,Buffalo Bills,37,14,Regular Season,1989
1989-10-08,Sun,Tampa Bay Buccaneers,Chicago Bears,42,35,Regular Season,1989
1989-10-08,Sun,Cincinnati Bengals,Pittsburgh Steelers,26,16,Regular Season,1989
1989-10-08,Sun,Miami Dolphins,Cleveland Browns,13,10,Regular Season,1989
1989-10-08,Sun,Green Bay Packers,Dallas Cowboys,31,13,Regular Season,1989
1989-10-08,Sun,Minnesota Vikings,Detroit Lions,24,17,Regular Season,1989
1989-10-08,Sun,New England Patriots,Houston Oilers,23,13,Regular Season,1989
1989-10-08,Sun,Philadelphia Eagles,New York Giants,21,19,Regular Season,1989
1989-10-08,Sun,Los Angeles Rams,Atlanta Falcons,26,14,Regular Season,1989
1989-10-08,Sun,Washington Redskins,Phoenix Cardinals,30,28,Regular Season,1989
1989-10-08,Sun,Denver Broncos,San Diego Chargers,16,10,Regular Season,1989
1989-10-08,Sun,Kansas City Chiefs,Seattle Seahawks,20,16,Regular Season,1989
1989-10-08,Sun,San Francisco 49ers,New Orleans Saints,24,20,Regular Season,1989
1989-10-09,Mon,Los Angeles Raiders,New York Jets,14,7,Regular Season,1989
1989-10-15,Sun,Atlanta Falcons,New England Patriots,16,15,Regular Season,1989
1989-10-15,Sun,Houston Oilers,Chicago Bears,33,28,Regular Season,1989
1989-10-15,Sun,Miami Dolphins,Cincinnati Bengals,20,13,Regular Season,1989
1989-10-15,Sun,San Francisco 49ers,Dallas Cowboys,31,14,Regular Season,1989
1989-10-15,Sun,Detroit Lions,Tampa Bay Buccaneers,17,16,Regular Season,1989
1989-10-15,Sun,Minnesota Vikings,Green Bay Packers,26,14,Regular Season,1989
1989-10-15,Sun,New York Giants,Washington Redskins,20,17,Regular Season,1989
1989-10-15,Sun,Pittsburgh Steelers,Cleveland Browns,17,7,Regular Season,1989
1989-10-15,Sun,Denver Broncos,Indianapolis Colts,14,3,Regular Season,1989
1989-10-15,Sun,Philadelphia Eagles,Phoenix Cardinals,17,5,Regular Season,1989
1989-10-15,Sun,Los Angeles Raiders,Kansas City Chiefs,20,14,Regular Season,1989
1989-10-15,Sun,New Orleans Saints,New York Jets,29,14,Regular Season,1989
1989-10-15,Sun,Seattle Seahawks,San Diego Chargers,17,16,Regular Season,1989
1989-10-16,Mon,Buffalo Bills,Los Angeles Rams,23,20,Regular Season,1989
1989-10-22,Sun,Buffalo Bills,New York Jets,34,3,Regular Season,1989
1989-10-22,Sun,Indianapolis Colts,Cincinnati Bengals,23,12,Regular Season,1989
1989-10-22,Sun,Kansas City Chiefs,Dallas Cowboys,36,28,Regular Season,1989
1989-10-22,Sun,Minnesota Vikings,Detroit Lions,20,7,Regular Season,1989
1989-10-22,Sun,Miami Dolphins,Green Bay Packers,23,20,Regular Season,1989
1989-10-22,Sun,Houston Oilers,Pittsburgh Steelers,27,0,Regular Season,1989
1989-10-22,Sun,Philadelphia Eagles,Los Angeles Raiders,10,7,Regular Season,1989
1989-10-22,Sun,Washington Redskins,Tampa Bay Buccaneers,32,28,Regular Season,1989
1989-10-22,Sun,Phoenix Cardinals,Atlanta Falcons,34,20,Regular Season,1989
1989-10-22,Sun,Denver Broncos,Seattle Seahawks,24,21,Regular Season,1989
1989-10-22,Sun,New Orleans Saints,Los Angeles Rams,40,21,Regular Season,1989
1989-10-22,Sun,San Francisco 49ers,New England Patriots,37,20,Regular Season,1989
1989-10-22,Sun,New York Giants,San Diego Chargers,20,13,Regular Season,1989
1989-10-23,Mon,Cleveland Browns,Chicago Bears,27,7,Regular Season,1989
1989-10-29,Sun,New Orleans Saints,Atlanta Falcons,20,13,Regular Season,1989
1989-10-29,Sun,Buffalo Bills,Miami Dolphins,31,17,Regular Season,1989
1989-10-29,Sun,Chicago Bears,Los Angeles Rams,20,10,Regular Season,1989
1989-10-29,Sun,Cincinnati Bengals,Tampa Bay Buccaneers,56,23,Regular Season,1989
1989-10-29,Sun,Cleveland Browns,Houston Oilers,28,17,Regular Season,1989
1989-10-29,Sun,New England Patriots,Indianapolis Colts,23,20,Regular Season,1989
1989-10-29,Sun,Phoenix Cardinals,Dallas Cowboys,19,10,Regular Season,1989
1989-10-29,Sun,Green Bay Packers,Detroit Lions,23,20,Regular Season,1989
1989-10-29,Sun,Pittsburgh Steelers,Kansas City Chiefs,23,17,Regular Season,1989
1989-10-29,Sun,Philadelphia Eagles,Denver Broncos,28,24,Regular Season,1989
1989-10-29,Sun,San Francisco 49ers,New York Jets,23,10,Regular Season,1989
1989-10-29,Sun,Los Angeles Raiders,Washington Redskins,37,24,Regular Season,1989
1989-10-29,Sun,Seattle Seahawks,San Diego Chargers,10,7,Regular Season,1989
1989-10-30,Mon,New York Giants,Minnesota Vikings,24,14,Regular Season,1989
1989-11-05,Sun,Atlanta Falcons,Buffalo Bills,30,28,Regular Season,1989
1989-11-05,Sun,Green Bay Packers,Chicago Bears,14,13,Regular Season,1989
1989-11-05,Sun,Cleveland Browns,Tampa Bay Buccaneers,42,31,Regular Season,1989
1989-11-05,Sun,Miami Dolphins,Indianapolis Colts,19,13,Regular Season,1989
1989-11-05,Sun,Houston Oilers,Detroit Lions,35,31,Regular Season,1989
1989-11-05,Sun,Kansas City Chiefs,Seattle Seahawks,20,10,Regular Season,1989
1989-11-05,Sun,Minnesota Vikings,Los Angeles Rams,23,21,Regular Season,1989
1989-11-05,Sun,New York Jets,New England Patriots,27,26,Regular Season,1989
1989-11-05,Sun,Los Angeles Raiders,Cincinnati Bengals,28,7,Regular Season,1989
1989-11-05,Sun,New York Giants,Phoenix Cardinals,20,13,Regular Season,1989
1989-11-05,Sun,Denver Broncos,Pittsburgh Steelers,34,7,Regular Season,1989
1989-11-05,Sun,San Diego Chargers,Philadelphia Eagles,20,17,Regular Season,1989
1989-11-05,Sun,Dallas Cowboys,Washington Redskins,13,3,Regular Season,1989
1989-11-06,Mon,San Francisco 49ers,New Orleans Saints,31,13,Regular Season,1989
1989-11-12,Sun,Buffalo Bills,Indianapolis Colts,30,7,Regular Season,1989
1989-11-12,Sun,Chicago Bears,Pittsburgh Steelers,20,0,Regular Season,1989
1989-11-12,Sun,Denver Broncos,Kansas City Chiefs,16,13,Regular Season,1989
1989-11-12,Sun,Detroit Lions,Green Bay Packers,31,22,Regular Season,1989
1989-11-12,Sun,Miami Dolphins,New York Jets,31,23,Regular Season,1989
1989-11-12,Sun,Minnesota Vikings,Tampa Bay Buccaneers,24,10,Regular Season,1989
1989-11-12,Sun,New Orleans Saints,New England Patriots,28,24,Regular Season,1989
1989-11-12,Sun,Washington Redskins,Philadelphia Eagles,10,3,Regular Season,1989
1989-11-12,Sun,San Francisco 49ers,Atlanta Falcons,45,3,Regular Season,1989
1989-11-12,Sun,Cleveland Browns,Seattle Seahawks,17,7,Regular Season,1989
1989-11-12,Sun,Phoenix Cardinals,Dallas Cowboys,24,20,Regular Season,1989
1989-11-12,Sun,Los Angeles Rams,New York Giants,31,10,Regular Season,1989
1989-11-12,Sun,San Diego Chargers,Los Angeles Raiders,14,12,Regular Season,1989
1989-11-13,Mon,Houston Oilers,Cincinnati Bengals,26,24,Regular Season,1989
1989-11-19,Sun,New Orleans Saints,Atlanta Falcons,26,17,Regular Season,1989
1989-11-19,Sun,New England Patriots,Buffalo Bills,33,24,Regular Season,1989
1989-11-19,Sun,Tampa Bay Buccaneers,Chicago Bears,32,31,Regular Season,1989
1989-11-19,Sun,Cincinnati Bengals,Detroit Lions,42,7,Regular Season,1989
1989-11-19,Sun,Kansas City Chiefs,Cleveland Browns,10,10,Regular Season,1989
1989-11-19,Sun,Miami Dolphins,Dallas Cowboys,17,14,Regular Season,1989
1989-11-19,Sun,Philadelphia Eagles,Minnesota Vikings,10,9,Regular Season,1989
1989-11-19,Sun,Pittsburgh Steelers,San Diego Chargers,20,17,Regular Season,1989
1989-11-19,Sun,Los Angeles Rams,Phoenix Cardinals,37,14,Regular Season,1989
1989-11-19,Sun,Green Bay Packers,San Francisco 49ers,21,17,Regular Season,1989
1989-11-19,Sun,New York Giants,Seattle Seahawks,15,3,Regular Season,1989
1989-11-19,Sun,Houston Oilers,Los Angeles Raiders,23,7,Regular Season,1989
1989-11-19,Sun,Indianapolis Colts,New York Jets,27,10,Regular Season,1989
1989-11-20,Mon,Denver Broncos,Washington Redskins,14,10,Regular Season,1989
1989-11-23,Thu,Detroit Lions,Cleveland Browns,13,10,Regular Season,1989
1989-11-23,Thu,Philadelphia Eagles,Dallas Cowboys,27,0,Regular Season,1989
1989-11-26,Sun,New York Jets,Atlanta Falcons,27,7,Regular Season,1989
1989-11-26,Sun,Buffalo Bills,Cincinnati Bengals,24,7,Regular Season,1989
1989-11-26,Sun,Indianapolis Colts,San Diego Chargers,10,6,Regular Season,1989
1989-11-26,Sun,Green Bay Packers,Minnesota Vikings,20,19,Regular Season,1989
1989-11-26,Sun,Kansas City Chiefs,Houston Oilers,34,0,Regular Season,1989
1989-11-26,Sun,Pittsburgh Steelers,Miami Dolphins,34,14,Regular Season,1989
1989-11-26,Sun,Washington Redskins,Chicago Bears,38,14,Regular Season,1989
1989-11-26,Sun,Tampa Bay Buccaneers,Phoenix Cardinals,14,13,Regular Season,1989
1989-11-26,Sun,Denver Broncos,Seattle Seahawks,41,14,Regular Season,1989
1989-11-26,Sun,Los Angeles Raiders,New England Patriots,24,21,Regular Season,1989
1989-11-26,Sun,Los Angeles Rams,New Orleans Saints,20,17,Regular Season,1989
1989-11-27,Mon,San Francisco 49ers,New York Giants,34,24,Regular Season,1989
1989-12-03,Sun,San Francisco 49ers,Atlanta Falcons,23,10,Regular Season,1989
1989-12-03,Sun,Cincinnati Bengals,Cleveland Browns,21,0,Regular Season,1989
1989-12-03,Sun,New England Patriots,Indianapolis Colts,22,16,Regular Season,1989
1989-12-03,Sun,Los Angeles Rams,Dallas Cowboys,35,31,Regular Season,1989
1989-12-03,Sun,Detroit Lions,New Orleans Saints,21,14,Regular Season,1989
1989-12-03,Sun,Green Bay Packers,Tampa Bay Buccaneers,17,16,Regular Season,1989
1989-12-03,Sun,Kansas City Chiefs,Miami Dolphins,26,21,Regular Season,1989
1989-12-03,Sun,Philadelphia Eagles,New York Giants,24,17,Regular Season,1989
1989-12-03,Sun,Houston Oilers,Pittsburgh Steelers,23,16,Regular Season,1989
1989-12-03,Sun,Washington Redskins,Phoenix Cardinals,29,10,Regular Season,1989
1989-12-03,Sun,Los Angeles Raiders,Denver Broncos,16,13,Regular Season,1989
1989-12-03,Sun,New York Jets,San Diego Chargers,20,17,Regular Season,1989
1989-12-03,Sun,Minnesota Vikings,Chicago Bears,27,16,Regular Season,1989
1989-12-04,Mon,Seattle Seahawks,Buffalo Bills,17,16,Regular Season,1989
1989-12-10,Sun,Minnesota Vikings,Atlanta Falcons,43,17,Regular Season,1989
1989-12-10,Sun,New Orleans Saints,Buffalo Bills,22,19,Regular Season,1989
1989-12-10,Sun,Detroit Lions,Chicago Bears,27,17,Regular Season,1989
1989-12-10,Sun,Seattle Seahawks,Cincinnati Bengals,24,17,Regular Season,1989
1989-12-10,Sun,Philadelphia Eagles,Dallas Cowboys,20,10,Regular Season,1989
1989-12-10,Sun,Kansas City Chiefs,Green Bay Packers,21,3,Regular Season,1989
1989-12-10,Sun,Pittsburgh Steelers,New York Jets,13,0,Regular Season,1989
1989-12-10,Sun,Houston Oilers,Tampa Bay Buccaneers,20,17,Regular Season,1989
1989-12-10,Sun,Washington Redskins,San Diego Chargers,26,21,Regular Season,1989
1989-12-10,Sun,Indianapolis Colts,Cleveland Browns,23,17,Regular Season,1989
1989-12-10,Sun,Los Angeles Raiders,Phoenix Cardinals,16,14,Regular Season,1989
1989-12-10,Sun,New York Giants,Denver Broncos,14,7,Regular Season,1989
1989-12-10,Sun,Miami Dolphins,New England Patriots,31,10,Regular Season,1989
1989-12-11,Mon,San Francisco 49ers,Los Angeles Rams,30,27,Regular Season,1989
1989-12-16,Sat,New York Giants,Dallas Cowboys,15,0,Regular Season,1989
1989-12-16,Sat,Denver Broncos,Phoenix Cardinals,37,0,Regular Season,1989
1989-12-17,Sun,Green Bay Packers,Chicago Bears,40,28,Regular Season,1989
1989-12-17,Sun,Cincinnati Bengals,Houston Oilers,61,7,Regular Season,1989
1989-12-17,Sun,Cleveland Browns,Minnesota Vikings,23,17,Regular Season,1989
1989-12-17,Sun,Indianapolis Colts,Miami Dolphins,42,13,Regular Season,1989
1989-12-17,Sun,Detroit Lions,Tampa Bay Buccaneers,33,7,Regular Season,1989
1989-12-17,Sun,San Diego Chargers,Kansas City Chiefs,20,13,Regular Season,1989
1989-12-17,Sun,Pittsburgh Steelers,New England Patriots,28,10,Regular Season,1989
1989-12-17,Sun,Washington Redskins,Atlanta Falcons,31,30,Regular Season,1989
1989-12-17,Sun,San Francisco 49ers,Buffalo Bills,21,10,Regular Season,1989
1989-12-17,Sun,Los Angeles Rams,New York Jets,38,14,Regular Season,1989
1989-12-17,Sun,Seattle Seahawks,Los Angeles Raiders,23,17,Regular Season,1989
1989-12-18,Mon,New Orleans Saints,Philadelphia Eagles,30,20,Regular Season,1989
1989-12-23,Sat,Buffalo Bills,New York Jets,37,0,Regular Season,1989
1989-12-23,Sat,Washington Redskins,Seattle Seahawks,29,0,Regular Season,1989
1989-12-23,Sat,Cleveland Browns,Houston Oilers,24,20,Regular Season,1989
1989-12-24,Sun,Detroit Lions,Atlanta Falcons,31,24,Regular Season,1989
1989-12-24,Sun,New Orleans Saints,Indianapolis Colts,41,6,Regular Season,1989
1989-12-24,Sun,Philadelphia Eagles,Phoenix Cardinals,31,14,Regular Season,1989
1989-12-24,Sun,Green Bay Packers,Dallas Cowboys,20,10,Regular Season,1989
1989-12-24,Sun,Kansas City Chiefs,Miami Dolphins,27,24,Regular Season,1989
1989-12-24,Sun,Los Angeles Rams,New England Patriots,24,20,Regular Season,1989
1989-12-24,Sun,New York Giants,Los Angeles Raiders,34,17,Regular Season,1989
1989-12-24,Sun,Pittsburgh Steelers,Tampa Bay Buccaneers,31,22,Regular Season,1989
1989-12-24,Sun,San Francisco 49ers,Chicago Bears,26,0,Regular Season,1989
1989-12-24,Sun,San Diego Chargers,Denver Broncos,19,16,Regular Season,1989
1989-12-25,Mon,Minnesota Vikings,Cincinnati Bengals,29,21,Regular Season,1989
Playoffs,,,,,,Playoff,1989
1989-12-31,Sun,Los Angeles Rams,Philadelphia Eagles,21,7,Playoff,1989
1989-12-31,Sun,Pittsburgh Steelers,Houston Oilers,26,23,Playoff,1989
1990-01-06,Sat,Cleveland Browns,Buffalo Bills,34,30,Playoff,1989
1990-01-06,Sat,San Francisco 49ers,Minnesota Vikings,41,13,Playoff,1989
1990-01-07,Sun,Los Angeles Rams,New York Giants,19,13,Playoff,1989
1990-01-07,Sun,Denver Broncos,Pittsburgh Steelers,24,23,Playoff,1989
1990-01-14,Sun,Denver Broncos,Cleveland Browns,37,21,Playoff,1989
1990-01-14,Sun,San Francisco 49ers,Los Angeles Rams,30,3,Playoff,1989
1990-01-28,Sun,San Francisco 49ers,Denver Broncos,55,10,Playoff,1989
