Date,DOW,WT,LT,WTS,LTS,Type,Season
1990-09-09,Sun,Chicago Bears,Seattle Seahawks,17,0,Regular Season,1990
1990-09-09,Sun,Washington Redskins,Phoenix Cardinals,31,0,Regular Season,1990
1990-09-09,Sun,Tampa Bay Buccaneers,Detroit Lions,38,21,Regular Season,1990
1990-09-09,Sun,Green Bay Packers,Los Angeles Rams,36,24,Regular Season,1990
1990-09-09,Sun,Kansas City Chiefs,Minnesota Vikings,24,21,Regular Season,1990
1990-09-09,Sun,Atlanta Falcons,Houston Oilers,47,27,Regular Season,1990
1990-09-09,Sun,Buffalo Bills,Indianapolis Colts,26,10,Regular Season,1990
1990-09-09,Sun,Cincinnati Bengals,New York Jets,25,20,Regular Season,1990
1990-09-09,Sun,Cleveland Browns,Pittsburgh Steelers,13,3,Regular Season,1990
1990-09-09,Sun,Dallas Cowboys,San Diego Chargers,17,14,Regular Season,1990
1990-09-09,Sun,Los Angeles Raiders,Denver Broncos,14,9,Regular Season,1990
1990-09-09,Sun,Miami Dolphins,New England Patriots,27,24,Regular Season,1990
1990-09-09,Sun,New York Giants,Philadelphia Eagles,27,20,Regular Season,1990
1990-09-10,Mon,San Francisco 49ers,New Orleans Saints,13,12,Regular Season,1990
1990-09-16,Sun,Detroit Lions,Atlanta Falcons,21,14,Regular Season,1990
1990-09-16,Sun,Miami Dolphins,Buffalo Bills,30,7,Regular Season,1990
1990-09-16,Sun,Chicago Bears,Green Bay Packers,31,13,Regular Season,1990
1990-09-16,Sun,New York Jets,Cleveland Browns,24,21,Regular Season,1990
1990-09-16,Sun,New England Patriots,Indianapolis Colts,16,14,Regular Season,1990
1990-09-16,Sun,Phoenix Cardinals,Philadelphia Eagles,23,21,Regular Season,1990
1990-09-16,Sun,Los Angeles Rams,Tampa Bay Buccaneers,35,14,Regular Season,1990
1990-09-16,Sun,Cincinnati Bengals,San Diego Chargers,21,16,Regular Season,1990
1990-09-16,Sun,New York Giants,Dallas Cowboys,28,7,Regular Season,1990
1990-09-16,Sun,Minnesota Vikings,New Orleans Saints,32,3,Regular Season,1990
1990-09-16,Sun,Los Angeles Raiders,Seattle Seahawks,17,13,Regular Season,1990
1990-09-16,Sun,San Francisco 49ers,Washington Redskins,26,13,Regular Season,1990
1990-09-16,Sun,Pittsburgh Steelers,Houston Oilers,20,9,Regular Season,1990
1990-09-17,Mon,Denver Broncos,Kansas City Chiefs,24,23,Regular Season,1990
1990-09-23,Sun,Chicago Bears,Minnesota Vikings,19,16,Regular Season,1990
1990-09-23,Sun,Cincinnati Bengals,New England Patriots,41,7,Regular Season,1990
1990-09-23,Sun,San Diego Chargers,Cleveland Browns,24,14,Regular Season,1990
1990-09-23,Sun,Houston Oilers,Indianapolis Colts,24,10,Regular Season,1990
1990-09-23,Sun,New Orleans Saints,Phoenix Cardinals,28,7,Regular Season,1990
1990-09-23,Sun,Washington Redskins,Dallas Cowboys,19,15,Regular Season,1990
1990-09-23,Sun,Kansas City Chiefs,Green Bay Packers,17,3,Regular Season,1990
1990-09-23,Sun,New York Giants,Miami Dolphins,20,3,Regular Season,1990
1990-09-23,Sun,San Francisco 49ers,Atlanta Falcons,19,13,Regular Season,1990
1990-09-23,Sun,Denver Broncos,Seattle Seahawks,34,31,Regular Season,1990
1990-09-23,Sun,Philadelphia Eagles,Los Angeles Rams,27,21,Regular Season,1990
1990-09-23,Sun,Los Angeles Raiders,Pittsburgh Steelers,20,3,Regular Season,1990
1990-09-23,Sun,Tampa Bay Buccaneers,Detroit Lions,23,20,Regular Season,1990
1990-09-24,Mon,Buffalo Bills,New York Jets,30,7,Regular Season,1990
1990-09-30,Sun,Buffalo Bills,Denver Broncos,29,28,Regular Season,1990
1990-09-30,Sun,Indianapolis Colts,Philadelphia Eagles,24,23,Regular Season,1990
1990-09-30,Sun,New York Giants,Dallas Cowboys,31,17,Regular Season,1990
1990-09-30,Sun,Green Bay Packers,Detroit Lions,24,21,Regular Season,1990
1990-09-30,Sun,Miami Dolphins,Pittsburgh Steelers,28,6,Regular Season,1990
1990-09-30,Sun,Tampa Bay Buccaneers,Minnesota Vikings,23,20,Regular Season,1990
1990-09-30,Sun,Los Angeles Raiders,Chicago Bears,24,10,Regular Season,1990
1990-09-30,Sun,Kansas City Chiefs,Cleveland Browns,34,0,Regular Season,1990
1990-09-30,Sun,New York Jets,New England Patriots,37,13,Regular Season,1990
1990-09-30,Sun,Houston Oilers,San Diego Chargers,17,7,Regular Season,1990
1990-09-30,Sun,Washington Redskins,Phoenix Cardinals,38,10,Regular Season,1990
1990-10-01,Mon,Seattle Seahawks,Cincinnati Bengals,31,16,Regular Season,1990
1990-10-07,Sun,Atlanta Falcons,New Orleans Saints,28,27,Regular Season,1990
1990-10-07,Sun,Indianapolis Colts,Kansas City Chiefs,23,19,Regular Season,1990
1990-10-07,Sun,Dallas Cowboys,Tampa Bay Buccaneers,14,10,Regular Season,1990
1990-10-07,Sun,Detroit Lions,Minnesota Vikings,34,27,Regular Season,1990
1990-10-07,Sun,Miami Dolphins,New York Jets,20,16,Regular Season,1990
1990-10-07,Sun,Seattle Seahawks,New England Patriots,33,20,Regular Season,1990
1990-10-07,Sun,San Francisco 49ers,Houston Oilers,24,21,Regular Season,1990
1990-10-07,Sun,Pittsburgh Steelers,San Diego Chargers,36,14,Regular Season,1990
1990-10-07,Sun,Chicago Bears,Green Bay Packers,27,13,Regular Season,1990
1990-10-07,Sun,Cincinnati Bengals,Los Angeles Rams,34,31,Regular Season,1990
1990-10-07,Sun,Buffalo Bills,Los Angeles Raiders,38,24,Regular Season,1990
1990-10-08,Mon,Cleveland Browns,Denver Broncos,30,29,Regular Season,1990
1990-10-14,Sun,San Francisco 49ers,Atlanta Falcons,45,35,Regular Season,1990
1990-10-14,Sun,Houston Oilers,Cincinnati Bengals,48,17,Regular Season,1990
1990-10-14,Sun,New Orleans Saints,Cleveland Browns,25,20,Regular Season,1990
1990-10-14,Sun,Kansas City Chiefs,Detroit Lions,43,24,Regular Season,1990
1990-10-14,Sun,Tampa Bay Buccaneers,Green Bay Packers,26,14,Regular Season,1990
1990-10-14,Sun,San Diego Chargers,New York Jets,39,3,Regular Season,1990
1990-10-14,Sun,Phoenix Cardinals,Dallas Cowboys,20,3,Regular Season,1990
1990-10-14,Sun,New York Giants,Washington Redskins,24,20,Regular Season,1990
1990-10-14,Sun,Pittsburgh Steelers,Denver Broncos,34,17,Regular Season,1990
1990-10-14,Sun,Los Angeles Raiders,Seattle Seahawks,24,17,Regular Season,1990
1990-10-14,Sun,Chicago Bears,Los Angeles Rams,38,9,Regular Season,1990
1990-10-15,Mon,Philadelphia Eagles,Minnesota Vikings,32,24,Regular Season,1990
1990-10-18,Thu,Miami Dolphins,New England Patriots,17,10,Regular Season,1990
1990-10-21,Sun,Buffalo Bills,New York Jets,30,27,Regular Season,1990
1990-10-21,Sun,Denver Broncos,Indianapolis Colts,27,17,Regular Season,1990
1990-10-21,Sun,Houston Oilers,New Orleans Saints,23,10,Regular Season,1990
1990-10-21,Sun,Washington Redskins,Philadelphia Eagles,13,7,Regular Season,1990
1990-10-21,Sun,Dallas Cowboys,Tampa Bay Buccaneers,17,13,Regular Season,1990
1990-10-21,Sun,Los Angeles Rams,Atlanta Falcons,44,24,Regular Season,1990
1990-10-21,Sun,New York Giants,Phoenix Cardinals,20,19,Regular Season,1990
1990-10-21,Sun,Seattle Seahawks,Kansas City Chiefs,19,7,Regular Season,1990
1990-10-21,Sun,San Francisco 49ers,Pittsburgh Steelers,27,7,Regular Season,1990
1990-10-21,Sun,Los Angeles Raiders,San Diego Chargers,24,9,Regular Season,1990
1990-10-22,Mon,Cincinnati Bengals,Cleveland Browns,34,13,Regular Season,1990
1990-10-28,Sun,Buffalo Bills,New England Patriots,27,10,Regular Season,1990
1990-10-28,Sun,Miami Dolphins,Indianapolis Colts,27,7,Regular Season,1990
1990-10-28,Sun,Detroit Lions,New Orleans Saints,27,10,Regular Season,1990
1990-10-28,Sun,Green Bay Packers,Minnesota Vikings,24,10,Regular Season,1990
1990-10-28,Sun,Philadelphia Eagles,Dallas Cowboys,21,20,Regular Season,1990
1990-10-28,Sun,New York Jets,Houston Oilers,17,12,Regular Season,1990
1990-10-28,Sun,Chicago Bears,Phoenix Cardinals,31,21,Regular Season,1990
1990-10-28,Sun,New York Giants,Washington Redskins,21,10,Regular Season,1990
1990-10-28,Sun,San Francisco 49ers,Cleveland Browns,20,17,Regular Season,1990
1990-10-28,Sun,San Diego Chargers,Tampa Bay Buccaneers,41,10,Regular Season,1990
1990-10-28,Sun,Atlanta Falcons,Cincinnati Bengals,38,17,Regular Season,1990
1990-10-29,Mon,Pittsburgh Steelers,Los Angeles Rams,41,10,Regular Season,1990
1990-11-04,Sun,Pittsburgh Steelers,Atlanta Falcons,21,9,Regular Season,1990
1990-11-04,Sun,Miami Dolphins,Phoenix Cardinals,23,3,Regular Season,1990
1990-11-04,Sun,Washington Redskins,Detroit Lions,41,38,Regular Season,1990
1990-11-04,Sun,San Francisco 49ers,Green Bay Packers,24,20,Regular Season,1990
1990-11-04,Sun,Kansas City Chiefs,Los Angeles Raiders,9,7,Regular Season,1990
1990-11-04,Sun,Philadelphia Eagles,New England Patriots,48,20,Regular Season,1990
1990-11-04,Sun,New Orleans Saints,Cincinnati Bengals,21,7,Regular Season,1990
1990-11-04,Sun,New York Jets,Dallas Cowboys,24,9,Regular Season,1990
1990-11-04,Sun,Buffalo Bills,Cleveland Browns,42,0,Regular Season,1990
1990-11-04,Sun,Chicago Bears,Tampa Bay Buccaneers,26,6,Regular Season,1990
1990-11-04,Sun,Los Angeles Rams,Houston Oilers,17,13,Regular Season,1990
1990-11-04,Sun,San Diego Chargers,Seattle Seahawks,31,14,Regular Season,1990
1990-11-04,Sun,Minnesota Vikings,Denver Broncos,27,22,Regular Season,1990
1990-11-05,Mon,New York Giants,Indianapolis Colts,24,7,Regular Season,1990
1990-11-11,Sun,Chicago Bears,Atlanta Falcons,30,24,Regular Season,1990
1990-11-11,Sun,Buffalo Bills,Phoenix Cardinals,45,14,Regular Season,1990
1990-11-11,Sun,Indianapolis Colts,New England Patriots,13,10,Regular Season,1990
1990-11-11,Sun,Minnesota Vikings,Detroit Lions,17,7,Regular Season,1990
1990-11-11,Sun,Seattle Seahawks,Kansas City Chiefs,17,16,Regular Season,1990
1990-11-11,Sun,Miami Dolphins,New York Jets,17,3,Regular Season,1990
1990-11-11,Sun,New Orleans Saints,Tampa Bay Buccaneers,35,7,Regular Season,1990
1990-11-11,Sun,San Diego Chargers,Denver Broncos,19,7,Regular Season,1990
1990-11-11,Sun,Green Bay Packers,Los Angeles Raiders,29,16,Regular Season,1990
1990-11-11,Sun,New York Giants,Los Angeles Rams,31,7,Regular Season,1990
1990-11-11,Sun,San Francisco 49ers,Dallas Cowboys,24,6,Regular Season,1990
1990-11-12,Mon,Philadelphia Eagles,Washington Redskins,28,14,Regular Season,1990
1990-11-18,Sun,Philadelphia Eagles,Atlanta Falcons,24,23,Regular Season,1990
1990-11-18,Sun,Buffalo Bills,New England Patriots,14,0,Regular Season,1990
1990-11-18,Sun,Houston Oilers,Cleveland Browns,35,23,Regular Season,1990
1990-11-18,Sun,New York Giants,Detroit Lions,20,0,Regular Season,1990
1990-11-18,Sun,Kansas City Chiefs,San Diego Chargers,27,10,Regular Season,1990
1990-11-18,Sun,Washington Redskins,New Orleans Saints,31,17,Regular Season,1990
1990-11-18,Sun,Chicago Bears,Denver Broncos,16,13,Regular Season,1990
1990-11-18,Sun,Indianapolis Colts,New York Jets,17,14,Regular Season,1990
1990-11-18,Sun,Green Bay Packers,Phoenix Cardinals,24,21,Regular Season,1990
1990-11-18,Sun,Minnesota Vikings,Seattle Seahawks,24,21,Regular Season,1990
1990-11-18,Sun,San Francisco 49ers,Tampa Bay Buccaneers,31,7,Regular Season,1990
1990-11-18,Sun,Dallas Cowboys,Los Angeles Rams,24,21,Regular Season,1990
1990-11-18,Sun,Cincinnati Bengals,Pittsburgh Steelers,27,3,Regular Season,1990
1990-11-19,Mon,Los Angeles Raiders,Miami Dolphins,13,10,Regular Season,1990
1990-11-22,Thu,Detroit Lions,Denver Broncos,40,27,Regular Season,1990
1990-11-22,Thu,Dallas Cowboys,Washington Redskins,27,17,Regular Season,1990
1990-11-25,Sun,New Orleans Saints,Atlanta Falcons,10,7,Regular Season,1990
1990-11-25,Sun,Minnesota Vikings,Chicago Bears,41,13,Regular Season,1990
1990-11-25,Sun,Indianapolis Colts,Cincinnati Bengals,34,20,Regular Season,1990
1990-11-25,Sun,Miami Dolphins,Cleveland Browns,30,13,Regular Season,1990
1990-11-25,Sun,Green Bay Packers,Tampa Bay Buccaneers,20,10,Regular Season,1990
1990-11-25,Sun,Philadelphia Eagles,New York Giants,31,13,Regular Season,1990
1990-11-25,Sun,Phoenix Cardinals,New England Patriots,34,14,Regular Season,1990
1990-11-25,Sun,Kansas City Chiefs,Los Angeles Raiders,27,24,Regular Season,1990
1990-11-25,Sun,Los Angeles Rams,San Francisco 49ers,28,17,Regular Season,1990
1990-11-25,Sun,Pittsburgh Steelers,New York Jets,24,7,Regular Season,1990
1990-11-25,Sun,Seattle Seahawks,San Diego Chargers,13,10,Regular Season,1990
1990-11-26,Mon,Houston Oilers,Buffalo Bills,27,24,Regular Season,1990
1990-12-02,Sun,Tampa Bay Buccaneers,Atlanta Falcons,23,17,Regular Season,1990
1990-12-02,Sun,Buffalo Bills,Philadelphia Eagles,30,23,Regular Season,1990
1990-12-02,Sun,Chicago Bears,Detroit Lions,23,17,Regular Season,1990
1990-12-02,Sun,Cincinnati Bengals,Pittsburgh Steelers,16,12,Regular Season,1990
1990-12-02,Sun,Los Angeles Rams,Cleveland Browns,38,23,Regular Season,1990
1990-12-02,Sun,Kansas City Chiefs,New England Patriots,37,7,Regular Season,1990
1990-12-02,Sun,Washington Redskins,Miami Dolphins,42,20,Regular Season,1990
1990-12-02,Sun,Phoenix Cardinals,Indianapolis Colts,20,17,Regular Season,1990
1990-12-02,Sun,Los Angeles Raiders,Denver Broncos,23,20,Regular Season,1990
1990-12-02,Sun,Seattle Seahawks,Houston Oilers,13,10,Regular Season,1990
1990-12-02,Sun,Dallas Cowboys,New Orleans Saints,17,13,Regular Season,1990
1990-12-02,Sun,San Diego Chargers,New York Jets,38,17,Regular Season,1990
1990-12-02,Sun,Minnesota Vikings,Green Bay Packers,23,7,Regular Season,1990
1990-12-03,Mon,San Francisco 49ers,New York Giants,7,3,Regular Season,1990
1990-12-09,Sun,Phoenix Cardinals,Atlanta Falcons,24,13,Regular Season,1990
1990-12-09,Sun,Buffalo Bills,Indianapolis Colts,31,7,Regular Season,1990
1990-12-09,Sun,San Francisco 49ers,Cincinnati Bengals,20,17,Regular Season,1990
1990-12-09,Sun,Houston Oilers,Cleveland Browns,58,14,Regular Season,1990
1990-12-09,Sun,Seattle Seahawks,Green Bay Packers,20,14,Regular Season,1990
1990-12-09,Sun,New York Giants,Minnesota Vikings,23,15,Regular Season,1990
1990-12-09,Sun,Pittsburgh Steelers,New England Patriots,24,3,Regular Season,1990
1990-12-09,Sun,Washington Redskins,Chicago Bears,10,9,Regular Season,1990
1990-12-09,Sun,Kansas City Chiefs,Denver Broncos,31,20,Regular Season,1990
1990-12-09,Sun,New Orleans Saints,Los Angeles Rams,24,20,Regular Season,1990
1990-12-09,Sun,Miami Dolphins,Philadelphia Eagles,23,20,Regular Season,1990
1990-12-10,Mon,Los Angeles Raiders,Detroit Lions,38,31,Regular Season,1990
1990-12-15,Sat,Buffalo Bills,New York Giants,17,13,Regular Season,1990
1990-12-15,Sat,Washington Redskins,New England Patriots,25,10,Regular Season,1990
1990-12-16,Sun,Cleveland Browns,Atlanta Falcons,13,10,Regular Season,1990
1990-12-16,Sun,Indianapolis Colts,New York Jets,29,21,Regular Season,1990
1990-12-16,Sun,Dallas Cowboys,Phoenix Cardinals,41,10,Regular Season,1990
1990-12-16,Sun,Houston Oilers,Kansas City Chiefs,27,10,Regular Season,1990
1990-12-16,Sun,Miami Dolphins,Seattle Seahawks,24,17,Regular Season,1990
1990-12-16,Sun,Tampa Bay Buccaneers,Minnesota Vikings,26,13,Regular Season,1990
1990-12-16,Sun,Pittsburgh Steelers,New Orleans Saints,9,6,Regular Season,1990
1990-12-16,Sun,Los Angeles Raiders,Cincinnati Bengals,24,7,Regular Season,1990
1990-12-16,Sun,Denver Broncos,San Diego Chargers,20,10,Regular Season,1990
1990-12-16,Sun,Philadelphia Eagles,Green Bay Packers,31,0,Regular Season,1990
1990-12-16,Sun,Detroit Lions,Chicago Bears,38,21,Regular Season,1990
1990-12-17,Mon,San Francisco 49ers,Los Angeles Rams,26,10,Regular Season,1990
1990-12-22,Sat,Detroit Lions,Green Bay Packers,24,17,Regular Season,1990
1990-12-22,Sat,Los Angeles Raiders,Minnesota Vikings,28,24,Regular Season,1990
1990-12-22,Sat,Indianapolis Colts,Washington Redskins,35,28,Regular Season,1990
1990-12-23,Sun,Atlanta Falcons,Los Angeles Rams,20,13,Regular Season,1990
1990-12-23,Sun,Buffalo Bills,Miami Dolphins,24,14,Regular Season,1990
1990-12-23,Sun,Chicago Bears,Tampa Bay Buccaneers,27,14,Regular Season,1990
1990-12-23,Sun,Cincinnati Bengals,Houston Oilers,40,20,Regular Season,1990
1990-12-23,Sun,Pittsburgh Steelers,Cleveland Browns,35,0,Regular Season,1990
1990-12-23,Sun,Philadelphia Eagles,Dallas Cowboys,17,3,Regular Season,1990
1990-12-23,Sun,New York Jets,New England Patriots,42,7,Regular Season,1990
1990-12-23,Sun,New York Giants,Phoenix Cardinals,24,21,Regular Season,1990
1990-12-23,Sun,Kansas City Chiefs,San Diego Chargers,24,21,Regular Season,1990
1990-12-23,Sun,New Orleans Saints,San Francisco 49ers,13,10,Regular Season,1990
1990-12-23,Sun,Seattle Seahawks,Denver Broncos,17,12,Regular Season,1990
1990-12-29,Sat,Kansas City Chiefs,Chicago Bears,21,10,Regular Season,1990
1990-12-29,Sat,Philadelphia Eagles,Phoenix Cardinals,23,21,Regular Season,1990
1990-12-30,Sun,Atlanta Falcons,Dallas Cowboys,26,7,Regular Season,1990
1990-12-30,Sun,Washington Redskins,Buffalo Bills,29,14,Regular Season,1990
1990-12-30,Sun,Cincinnati Bengals,Cleveland Browns,21,14,Regular Season,1990
1990-12-30,Sun,Miami Dolphins,Indianapolis Colts,23,17,Regular Season,1990
1990-12-30,Sun,San Francisco 49ers,Minnesota Vikings,20,17,Regular Season,1990
1990-12-30,Sun,New York Giants,New England Patriots,13,10,Regular Season,1990
1990-12-30,Sun,Denver Broncos,Green Bay Packers,22,13,Regular Season,1990
1990-12-30,Sun,Seattle Seahawks,Detroit Lions,30,10,Regular Season,1990
1990-12-30,Sun,New York Jets,Tampa Bay Buccaneers,16,14,Regular Season,1990
1990-12-30,Sun,Los Angeles Raiders,San Diego Chargers,17,12,Regular Season,1990
1990-12-30,Sun,Houston Oilers,Pittsburgh Steelers,34,14,Regular Season,1990
1990-12-31,Mon,New Orleans Saints,Los Angeles Rams,20,17,Regular Season,1990
Playoffs,,,,,,Playoff,1990
1991-01-05,Sat,Washington Redskins,Philadelphia Eagles,20,6,Playoff,1990
1991-01-05,Sat,Miami Dolphins,Kansas City Chiefs,17,16,Playoff,1990
1991-01-06,Sun,Cincinnati Bengals,Houston Oilers,41,14,Playoff,1990
1991-01-06,Sun,Chicago Bears,New Orleans Saints,16,6,Playoff,1990
1991-01-12,Sat,Buffalo Bills,Miami Dolphins,44,34,Playoff,1990
1991-01-12,Sat,San Francisco 49ers,Washington Redskins,28,10,Playoff,1990
1991-01-13,Sun,New York Giants,Chicago Bears,31,3,Playoff,1990
1991-01-13,Sun,Los Angeles Raiders,Cincinnati Bengals,20,10,Playoff,1990
1991-01-20,Sun,Buffalo Bills,Los Angeles Raiders,51,3,Playoff,1990
1991-01-20,Sun,New York Giants,San Francisco 49ers,15,13,Playoff,1990
1991-01-27,Sun,New York Giants,Buffalo Bills,20,19,Playoff,1990
