Date,DOW,WT,LT,WTS,LTS,Type,Season
1991-09-01,Sun,Kansas City Chiefs,Atlanta Falcons,14,3,Regular Season,1991
1991-09-01,Sun,Dallas Cowboys,Cleveland Browns,26,14,Regular Season,1991
1991-09-01,Sun,Philadelphia Eagles,Green Bay Packers,20,3,Regular Season,1991
1991-09-01,Sun,New Orleans Saints,Seattle Seahawks,27,24,Regular Season,1991
1991-09-01,Sun,New York Jets,Tampa Bay Buccaneers,16,13,Regular Season,1991
1991-09-01,Sun,Buffalo Bills,Miami Dolphins,35,31,Regular Season,1991
1991-09-01,Sun,Chicago Bears,Minnesota Vikings,10,6,Regular Season,1991
1991-09-01,Sun,Denver Broncos,Cincinnati Bengals,45,14,Regular Season,1991
1991-09-01,Sun,New England Patriots,Indianapolis Colts,16,7,Regular Season,1991
1991-09-01,Sun,Phoenix Cardinals,Los Angeles Rams,24,14,Regular Season,1991
1991-09-01,Sun,Houston Oilers,Los Angeles Raiders,47,17,Regular Season,1991
1991-09-01,Sun,Pittsburgh Steelers,San Diego Chargers,26,20,Regular Season,1991
1991-09-01,Sun,Washington Redskins,Detroit Lions,45,0,Regular Season,1991
1991-09-02,Mon,New York Giants,San Francisco 49ers,16,14,Regular Season,1991
1991-09-08,Sun,Minnesota Vikings,Atlanta Falcons,20,19,Regular Season,1991
1991-09-08,Sun,Buffalo Bills,Pittsburgh Steelers,52,34,Regular Season,1991
1991-09-08,Sun,Chicago Bears,Tampa Bay Buccaneers,21,20,Regular Season,1991
1991-09-08,Sun,Cleveland Browns,New England Patriots,20,0,Regular Season,1991
1991-09-08,Sun,Miami Dolphins,Indianapolis Colts,17,6,Regular Season,1991
1991-09-08,Sun,Phoenix Cardinals,Philadelphia Eagles,26,10,Regular Season,1991
1991-09-08,Sun,Detroit Lions,Green Bay Packers,23,14,Regular Season,1991
1991-09-08,Sun,New Orleans Saints,Kansas City Chiefs,17,10,Regular Season,1991
1991-09-08,Sun,Los Angeles Rams,New York Giants,19,13,Regular Season,1991
1991-09-08,Sun,Los Angeles Raiders,Denver Broncos,16,13,Regular Season,1991
1991-09-08,Sun,Seattle Seahawks,New York Jets,20,13,Regular Season,1991
1991-09-08,Sun,San Francisco 49ers,San Diego Chargers,34,14,Regular Season,1991
1991-09-08,Sun,Houston Oilers,Cincinnati Bengals,30,7,Regular Season,1991
1991-09-09,Mon,Washington Redskins,Dallas Cowboys,33,31,Regular Season,1991
1991-09-15,Sun,Chicago Bears,New York Giants,20,17,Regular Season,1991
1991-09-15,Sun,Cleveland Browns,Cincinnati Bengals,14,13,Regular Season,1991
1991-09-15,Sun,Washington Redskins,Phoenix Cardinals,34,0,Regular Season,1991
1991-09-15,Sun,Philadelphia Eagles,Dallas Cowboys,24,0,Regular Season,1991
1991-09-15,Sun,Detroit Lions,Miami Dolphins,17,13,Regular Season,1991
1991-09-15,Sun,Green Bay Packers,Tampa Bay Buccaneers,15,13,Regular Season,1991
1991-09-15,Sun,Minnesota Vikings,San Francisco 49ers,17,14,Regular Season,1991
1991-09-15,Sun,Pittsburgh Steelers,New England Patriots,20,6,Regular Season,1991
1991-09-15,Sun,Atlanta Falcons,San Diego Chargers,13,10,Regular Season,1991
1991-09-15,Sun,Buffalo Bills,New York Jets,23,20,Regular Season,1991
1991-09-15,Sun,Los Angeles Raiders,Indianapolis Colts,16,0,Regular Season,1991
1991-09-15,Sun,Denver Broncos,Seattle Seahawks,16,10,Regular Season,1991
1991-09-15,Sun,New Orleans Saints,Los Angeles Rams,24,7,Regular Season,1991
1991-09-16,Mon,Houston Oilers,Kansas City Chiefs,17,7,Regular Season,1991
1991-09-22,Sun,Atlanta Falcons,Los Angeles Raiders,21,17,Regular Season,1991
1991-09-22,Sun,Washington Redskins,Cincinnati Bengals,34,27,Regular Season,1991
1991-09-22,Sun,New York Giants,Cleveland Browns,13,10,Regular Season,1991
1991-09-22,Sun,Detroit Lions,Indianapolis Colts,33,24,Regular Season,1991
1991-09-22,Sun,Miami Dolphins,Green Bay Packers,16,13,Regular Season,1991
1991-09-22,Sun,New Orleans Saints,Minnesota Vikings,26,0,Regular Season,1991
1991-09-22,Sun,New England Patriots,Houston Oilers,24,20,Regular Season,1991
1991-09-22,Sun,Philadelphia Eagles,Pittsburgh Steelers,23,14,Regular Season,1991
1991-09-22,Sun,Buffalo Bills,Tampa Bay Buccaneers,17,10,Regular Season,1991
1991-09-22,Sun,Denver Broncos,San Diego Chargers,27,19,Regular Season,1991
1991-09-22,Sun,Kansas City Chiefs,Seattle Seahawks,20,13,Regular Season,1991
1991-09-22,Sun,San Francisco 49ers,Los Angeles Rams,27,10,Regular Season,1991
1991-09-22,Sun,Dallas Cowboys,Phoenix Cardinals,17,9,Regular Season,1991
1991-09-23,Mon,Chicago Bears,New York Jets,19,13,Regular Season,1991
1991-09-29,Sun,New Orleans Saints,Atlanta Falcons,27,6,Regular Season,1991
1991-09-29,Sun,Buffalo Bills,Chicago Bears,35,20,Regular Season,1991
1991-09-29,Sun,Dallas Cowboys,New York Giants,21,16,Regular Season,1991
1991-09-29,Sun,Detroit Lions,Tampa Bay Buccaneers,31,3,Regular Season,1991
1991-09-29,Sun,Seattle Seahawks,Indianapolis Colts,31,3,Regular Season,1991
1991-09-29,Sun,Phoenix Cardinals,New England Patriots,24,10,Regular Season,1991
1991-09-29,Sun,Los Angeles Rams,Green Bay Packers,23,21,Regular Season,1991
1991-09-29,Sun,Kansas City Chiefs,San Diego Chargers,14,13,Regular Season,1991
1991-09-29,Sun,New York Jets,Miami Dolphins,41,23,Regular Season,1991
1991-09-29,Sun,Los Angeles Raiders,San Francisco 49ers,12,6,Regular Season,1991
1991-09-29,Sun,Denver Broncos,Minnesota Vikings,13,6,Regular Season,1991
1991-09-30,Mon,Washington Redskins,Philadelphia Eagles,23,0,Regular Season,1991
1991-10-06,Sun,Seattle Seahawks,Cincinnati Bengals,13,7,Regular Season,1991
1991-10-06,Sun,New York Jets,Cleveland Browns,17,14,Regular Season,1991
1991-10-06,Sun,Washington Redskins,Chicago Bears,20,7,Regular Season,1991
1991-10-06,Sun,Dallas Cowboys,Green Bay Packers,20,17,Regular Season,1991
1991-10-06,Sun,Houston Oilers,Denver Broncos,42,14,Regular Season,1991
1991-10-06,Sun,Detroit Lions,Minnesota Vikings,24,20,Regular Season,1991
1991-10-06,Sun,Miami Dolphins,New England Patriots,20,10,Regular Season,1991
1991-10-06,Sun,Tampa Bay Buccaneers,Philadelphia Eagles,14,13,Regular Season,1991
1991-10-06,Sun,New York Giants,Phoenix Cardinals,20,9,Regular Season,1991
1991-10-06,Sun,San Diego Chargers,Los Angeles Raiders,21,13,Regular Season,1991
1991-10-06,Sun,Pittsburgh Steelers,Indianapolis Colts,21,3,Regular Season,1991
1991-10-07,Mon,Kansas City Chiefs,Buffalo Bills,33,6,Regular Season,1991
1991-10-13,Sun,Dallas Cowboys,Cincinnati Bengals,35,23,Regular Season,1991
1991-10-13,Sun,Washington Redskins,Cleveland Browns,42,17,Regular Season,1991
1991-10-13,Sun,New Orleans Saints,Philadelphia Eagles,13,6,Regular Season,1991
1991-10-13,Sun,Buffalo Bills,Indianapolis Colts,42,6,Regular Season,1991
1991-10-13,Sun,Minnesota Vikings,Phoenix Cardinals,34,7,Regular Season,1991
1991-10-13,Sun,Atlanta Falcons,San Francisco 49ers,39,34,Regular Season,1991
1991-10-13,Sun,Los Angeles Rams,San Diego Chargers,30,24,Regular Season,1991
1991-10-13,Sun,Kansas City Chiefs,Miami Dolphins,42,7,Regular Season,1991
1991-10-13,Sun,Houston Oilers,New York Jets,23,20,Regular Season,1991
1991-10-13,Sun,Los Angeles Raiders,Seattle Seahawks,23,20,Regular Season,1991
1991-10-14,Mon,New York Giants,Pittsburgh Steelers,23,20,Regular Season,1991
1991-10-17,Thu,Chicago Bears,Green Bay Packers,10,0,Regular Season,1991
1991-10-20,Sun,New Orleans Saints,Tampa Bay Buccaneers,23,7,Regular Season,1991
1991-10-20,Sun,Seattle Seahawks,Pittsburgh Steelers,27,7,Regular Season,1991
1991-10-20,Sun,New York Jets,Indianapolis Colts,17,6,Regular Season,1991
1991-10-20,Sun,Houston Oilers,Miami Dolphins,17,13,Regular Season,1991
1991-10-20,Sun,New England Patriots,Minnesota Vikings,26,23,Regular Season,1991
1991-10-20,Sun,Phoenix Cardinals,Atlanta Falcons,16,10,Regular Season,1991
1991-10-20,Sun,Cleveland Browns,San Diego Chargers,30,24,Regular Season,1991
1991-10-20,Sun,Denver Broncos,Kansas City Chiefs,19,16,Regular Season,1991
1991-10-20,Sun,San Francisco 49ers,Detroit Lions,35,3,Regular Season,1991
1991-10-20,Sun,Los Angeles Raiders,Los Angeles Rams,20,17,Regular Season,1991
1991-10-21,Mon,Buffalo Bills,Cincinnati Bengals,35,16,Regular Season,1991
1991-10-27,Sun,Atlanta Falcons,Los Angeles Rams,31,14,Regular Season,1991
1991-10-27,Sun,Chicago Bears,New Orleans Saints,20,17,Regular Season,1991
1991-10-27,Sun,Houston Oilers,Cincinnati Bengals,35,3,Regular Season,1991
1991-10-27,Sun,Green Bay Packers,Tampa Bay Buccaneers,27,0,Regular Season,1991
1991-10-27,Sun,San Francisco 49ers,Philadelphia Eagles,23,7,Regular Season,1991
1991-10-27,Sun,Cleveland Browns,Pittsburgh Steelers,17,14,Regular Season,1991
1991-10-27,Sun,Detroit Lions,Dallas Cowboys,34,10,Regular Season,1991
1991-10-27,Sun,Denver Broncos,New England Patriots,9,6,Regular Season,1991
1991-10-27,Sun,Minnesota Vikings,Phoenix Cardinals,28,0,Regular Season,1991
1991-10-27,Sun,Seattle Seahawks,San Diego Chargers,20,9,Regular Season,1991
1991-10-27,Sun,Washington Redskins,New York Giants,17,13,Regular Season,1991
1991-10-28,Mon,Kansas City Chiefs,Los Angeles Raiders,24,21,Regular Season,1991
1991-11-03,Sun,Atlanta Falcons,San Francisco 49ers,17,14,Regular Season,1991
1991-11-03,Sun,Buffalo Bills,New England Patriots,22,17,Regular Season,1991
1991-11-03,Sun,Chicago Bears,Detroit Lions,20,10,Regular Season,1991
1991-11-03,Sun,Cincinnati Bengals,Cleveland Browns,23,21,Regular Season,1991
1991-11-03,Sun,New York Jets,Green Bay Packers,19,16,Regular Season,1991
1991-11-03,Sun,Washington Redskins,Houston Oilers,16,13,Regular Season,1991
1991-11-03,Sun,Minnesota Vikings,Tampa Bay Buccaneers,28,13,Regular Season,1991
1991-11-03,Sun,Miami Dolphins,Indianapolis Colts,10,6,Regular Season,1991
1991-11-03,Sun,New Orleans Saints,Los Angeles Rams,24,17,Regular Season,1991
1991-11-03,Sun,Dallas Cowboys,Phoenix Cardinals,27,7,Regular Season,1991
1991-11-03,Sun,Denver Broncos,Pittsburgh Steelers,20,13,Regular Season,1991
1991-11-04,Mon,Philadelphia Eagles,New York Giants,30,7,Regular Season,1991
1991-11-10,Sun,Washington Redskins,Atlanta Falcons,56,17,Regular Season,1991
1991-11-10,Sun,Buffalo Bills,Green Bay Packers,34,24,Regular Season,1991
1991-11-10,Sun,Pittsburgh Steelers,Cincinnati Bengals,33,27,Regular Season,1991
1991-11-10,Sun,Philadelphia Eagles,Cleveland Browns,32,30,Regular Season,1991
1991-11-10,Sun,Indianapolis Colts,New York Jets,28,27,Regular Season,1991
1991-11-10,Sun,Houston Oilers,Dallas Cowboys,26,23,Regular Season,1991
1991-11-10,Sun,Tampa Bay Buccaneers,Detroit Lions,30,21,Regular Season,1991
1991-11-10,Sun,New Orleans Saints,San Francisco 49ers,10,3,Regular Season,1991
1991-11-10,Sun,Los Angeles Raiders,Denver Broncos,17,16,Regular Season,1991
1991-11-10,Sun,Kansas City Chiefs,Los Angeles Rams,27,20,Regular Season,1991
1991-11-10,Sun,San Diego Chargers,Seattle Seahawks,17,14,Regular Season,1991
1991-11-10,Sun,New York Giants,Phoenix Cardinals,21,14,Regular Season,1991
1991-11-10,Sun,Miami Dolphins,New England Patriots,30,20,Regular Season,1991
1991-11-11,Mon,Chicago Bears,Minnesota Vikings,34,17,Regular Season,1991
1991-11-17,Sun,Atlanta Falcons,Tampa Bay Buccaneers,43,7,Regular Season,1991
1991-11-17,Sun,Chicago Bears,Indianapolis Colts,31,17,Regular Season,1991
1991-11-17,Sun,Philadelphia Eagles,Cincinnati Bengals,17,10,Regular Season,1991
1991-11-17,Sun,Denver Broncos,Kansas City Chiefs,24,20,Regular Season,1991
1991-11-17,Sun,Minnesota Vikings,Green Bay Packers,35,21,Regular Season,1991
1991-11-17,Sun,New York Jets,New England Patriots,28,21,Regular Season,1991
1991-11-17,Sun,Washington Redskins,Pittsburgh Steelers,41,14,Regular Season,1991
1991-11-17,Sun,New York Giants,Dallas Cowboys,22,9,Regular Season,1991
1991-11-17,Sun,Detroit Lions,Los Angeles Rams,21,10,Regular Season,1991
1991-11-17,Sun,San Diego Chargers,New Orleans Saints,24,21,Regular Season,1991
1991-11-17,Sun,Los Angeles Raiders,Seattle Seahawks,31,7,Regular Season,1991
1991-11-17,Sun,San Francisco 49ers,Phoenix Cardinals,14,10,Regular Season,1991
1991-11-17,Sun,Houston Oilers,Cleveland Browns,28,24,Regular Season,1991
1991-11-18,Mon,Buffalo Bills,Miami Dolphins,41,27,Regular Season,1991
1991-11-24,Sun,New England Patriots,Buffalo Bills,16,13,Regular Season,1991
1991-11-24,Sun,Los Angeles Raiders,Cincinnati Bengals,38,14,Regular Season,1991
1991-11-24,Sun,Cleveland Browns,Kansas City Chiefs,20,15,Regular Season,1991
1991-11-24,Sun,Green Bay Packers,Indianapolis Colts,14,10,Regular Season,1991
1991-11-24,Sun,Dallas Cowboys,Washington Redskins,24,21,Regular Season,1991
1991-11-24,Sun,Detroit Lions,Minnesota Vikings,34,14,Regular Season,1991
1991-11-24,Sun,New York Giants,Tampa Bay Buccaneers,21,14,Regular Season,1991
1991-11-24,Sun,Pittsburgh Steelers,Houston Oilers,26,14,Regular Season,1991
1991-11-24,Sun,Miami Dolphins,Chicago Bears,16,13,Regular Season,1991
1991-11-24,Sun,Seattle Seahawks,Denver Broncos,13,10,Regular Season,1991
1991-11-24,Sun,New York Jets,San Diego Chargers,24,3,Regular Season,1991
1991-11-24,Sun,Philadelphia Eagles,Phoenix Cardinals,34,14,Regular Season,1991
1991-11-24,Sun,Atlanta Falcons,New Orleans Saints,23,20,Regular Season,1991
1991-11-25,Mon,San Francisco 49ers,Los Angeles Rams,33,10,Regular Season,1991
1991-11-28,Thu,Detroit Lions,Chicago Bears,16,6,Regular Season,1991
1991-11-28,Thu,Dallas Cowboys,Pittsburgh Steelers,20,10,Regular Season,1991
1991-12-01,Sun,Atlanta Falcons,Green Bay Packers,35,31,Regular Season,1991
1991-12-01,Sun,Buffalo Bills,New York Jets,24,13,Regular Season,1991
1991-12-01,Sun,Cleveland Browns,Indianapolis Colts,31,0,Regular Season,1991
1991-12-01,Sun,Miami Dolphins,Tampa Bay Buccaneers,33,14,Regular Season,1991
1991-12-01,Sun,Cincinnati Bengals,New York Giants,27,24,Regular Season,1991
1991-12-01,Sun,Denver Broncos,New England Patriots,20,3,Regular Season,1991
1991-12-01,Sun,Kansas City Chiefs,Seattle Seahawks,19,6,Regular Season,1991
1991-12-01,Sun,San Francisco 49ers,New Orleans Saints,38,24,Regular Season,1991
1991-12-01,Sun,Washington Redskins,Los Angeles Rams,27,6,Regular Season,1991
1991-12-01,Sun,Los Angeles Raiders,San Diego Chargers,9,7,Regular Season,1991
1991-12-02,Mon,Philadelphia Eagles,Houston Oilers,13,6,Regular Season,1991
1991-12-08,Sun,Chicago Bears,Green Bay Packers,27,13,Regular Season,1991
1991-12-08,Sun,Denver Broncos,Cleveland Browns,17,7,Regular Season,1991
1991-12-08,Sun,New England Patriots,Indianapolis Colts,23,17,Regular Season,1991
1991-12-08,Sun,Dallas Cowboys,New Orleans Saints,23,14,Regular Season,1991
1991-12-08,Sun,Kansas City Chiefs,San Diego Chargers,20,17,Regular Season,1991
1991-12-08,Sun,Philadelphia Eagles,New York Giants,19,14,Regular Season,1991
1991-12-08,Sun,Houston Oilers,Pittsburgh Steelers,31,6,Regular Season,1991
1991-12-08,Sun,Atlanta Falcons,Los Angeles Rams,31,14,Regular Season,1991
1991-12-08,Sun,Buffalo Bills,Los Angeles Raiders,30,27,Regular Season,1991
1991-12-08,Sun,Washington Redskins,Phoenix Cardinals,20,14,Regular Season,1991
1991-12-08,Sun,Detroit Lions,New York Jets,34,20,Regular Season,1991
1991-12-08,Sun,San Francisco 49ers,Seattle Seahawks,24,22,Regular Season,1991
1991-12-08,Sun,Minnesota Vikings,Tampa Bay Buccaneers,26,24,Regular Season,1991
1991-12-09,Mon,Miami Dolphins,Cincinnati Bengals,37,13,Regular Season,1991
1991-12-14,Sat,Chicago Bears,Tampa Bay Buccaneers,27,0,Regular Season,1991
1991-12-14,Sat,San Francisco 49ers,Kansas City Chiefs,28,14,Regular Season,1991
1991-12-15,Sun,Atlanta Falcons,Seattle Seahawks,26,13,Regular Season,1991
1991-12-15,Sun,Pittsburgh Steelers,Cincinnati Bengals,17,10,Regular Season,1991
1991-12-15,Sun,Houston Oilers,Cleveland Browns,17,14,Regular Season,1991
1991-12-15,Sun,Dallas Cowboys,Philadelphia Eagles,25,13,Regular Season,1991
1991-12-15,Sun,Detroit Lions,Green Bay Packers,21,17,Regular Season,1991
1991-12-15,Sun,Minnesota Vikings,Los Angeles Rams,20,14,Regular Season,1991
1991-12-15,Sun,New England Patriots,New York Jets,6,3,Regular Season,1991
1991-12-15,Sun,Denver Broncos,Phoenix Cardinals,24,19,Regular Season,1991
1991-12-15,Sun,San Diego Chargers,Miami Dolphins,38,30,Regular Season,1991
1991-12-15,Sun,Washington Redskins,New York Giants,34,17,Regular Season,1991
1991-12-15,Sun,Buffalo Bills,Indianapolis Colts,35,7,Regular Season,1991
1991-12-16,Mon,New Orleans Saints,Los Angeles Raiders,27,0,Regular Season,1991
1991-12-21,Sat,New York Giants,Houston Oilers,24,20,Regular Season,1991
1991-12-21,Sat,Green Bay Packers,Minnesota Vikings,27,7,Regular Season,1991
1991-12-22,Sun,Dallas Cowboys,Atlanta Falcons,31,27,Regular Season,1991
1991-12-22,Sun,Detroit Lions,Buffalo Bills,17,14,Regular Season,1991
1991-12-22,Sun,Cincinnati Bengals,New England Patriots,29,7,Regular Season,1991
1991-12-22,Sun,Pittsburgh Steelers,Cleveland Browns,17,10,Regular Season,1991
1991-12-22,Sun,Tampa Bay Buccaneers,Indianapolis Colts,17,3,Regular Season,1991
1991-12-22,Sun,New York Jets,Miami Dolphins,23,20,Regular Season,1991
1991-12-22,Sun,New Orleans Saints,Phoenix Cardinals,27,3,Regular Season,1991
1991-12-22,Sun,Denver Broncos,San Diego Chargers,17,14,Regular Season,1991
1991-12-22,Sun,Kansas City Chiefs,Los Angeles Raiders,27,21,Regular Season,1991
1991-12-22,Sun,Philadelphia Eagles,Washington Redskins,24,22,Regular Season,1991
1991-12-22,Sun,Seattle Seahawks,Los Angeles Rams,23,9,Regular Season,1991
1991-12-23,Mon,San Francisco 49ers,Chicago Bears,52,14,Regular Season,1991
Playoffs,,,,,,Playoff,1991
1991-12-28,Sat,Kansas City Chiefs,Los Angeles Raiders,10,6,Playoff,1991
1991-12-28,Sat,Atlanta Falcons,New Orleans Saints,27,20,Playoff,1991
1991-12-29,Sun,Dallas Cowboys,Chicago Bears,17,13,Playoff,1991
1991-12-29,Sun,Houston Oilers,New York Jets,17,10,Playoff,1991
1992-01-04,Sat,Washington Redskins,Atlanta Falcons,24,7,Playoff,1991
1992-01-04,Sat,Denver Broncos,Houston Oilers,26,24,Playoff,1991
1992-01-05,Sun,Buffalo Bills,Kansas City Chiefs,37,14,Playoff,1991
1992-01-05,Sun,Detroit Lions,Dallas Cowboys,38,6,Playoff,1991
1992-01-12,Sun,Buffalo Bills,Denver Broncos,10,7,Playoff,1991
1992-01-12,Sun,Washington Redskins,Detroit Lions,41,10,Playoff,1991
1992-01-26,Sun,Washington Redskins,Buffalo Bills,37,24,Playoff,1991
