Date,DOW,WT,LT,WTS,LTS,Type,Season
1992-09-06,Sun,Atlanta Falcons,New York Jets,20,17,Regular Season,1992
1992-09-06,Sun,Buffalo Bills,Los Angeles Rams,40,7,Regular Season,1992
1992-09-06,Sun,Chicago Bears,Detroit Lions,27,24,Regular Season,1992
1992-09-06,Sun,Indianapolis Colts,Cleveland Browns,14,3,Regular Season,1992
1992-09-06,Sun,Minnesota Vikings,Green Bay Packers,23,20,Regular Season,1992
1992-09-06,Sun,Philadelphia Eagles,New Orleans Saints,15,13,Regular Season,1992
1992-09-06,Sun,Pittsburgh Steelers,Houston Oilers,29,24,Regular Season,1992
1992-09-06,Sun,Cincinnati Bengals,Seattle Seahawks,21,3,Regular Season,1992
1992-09-06,Sun,Tampa Bay Buccaneers,Phoenix Cardinals,23,7,Regular Season,1992
1992-09-06,Sun,Kansas City Chiefs,San Diego Chargers,24,10,Regular Season,1992
1992-09-06,Sun,San Francisco 49ers,New York Giants,31,14,Regular Season,1992
1992-09-06,Sun,Denver Broncos,Los Angeles Raiders,17,13,Regular Season,1992
1992-09-07,Mon,Dallas Cowboys,Washington Redskins,23,10,Regular Season,1992
1992-09-13,Sun,Washington Redskins,Atlanta Falcons,24,17,Regular Season,1992
1992-09-13,Sun,New Orleans Saints,Chicago Bears,28,6,Regular Season,1992
1992-09-13,Sun,Cincinnati Bengals,Los Angeles Raiders,24,21,Regular Season,1992
1992-09-13,Sun,Dallas Cowboys,New York Giants,34,28,Regular Season,1992
1992-09-13,Sun,Detroit Lions,Minnesota Vikings,31,17,Regular Season,1992
1992-09-13,Sun,Tampa Bay Buccaneers,Green Bay Packers,31,3,Regular Season,1992
1992-09-13,Sun,Kansas City Chiefs,Seattle Seahawks,26,7,Regular Season,1992
1992-09-13,Sun,Los Angeles Rams,New England Patriots,14,0,Regular Season,1992
1992-09-13,Sun,Buffalo Bills,San Francisco 49ers,34,31,Regular Season,1992
1992-09-13,Sun,Houston Oilers,Indianapolis Colts,20,10,Regular Season,1992
1992-09-13,Sun,Denver Broncos,San Diego Chargers,21,13,Regular Season,1992
1992-09-13,Sun,Pittsburgh Steelers,New York Jets,27,10,Regular Season,1992
1992-09-13,Sun,Philadelphia Eagles,Phoenix Cardinals,31,14,Regular Season,1992
1992-09-14,Mon,Miami Dolphins,Cleveland Browns,27,23,Regular Season,1992
1992-09-20,Sun,Seattle Seahawks,New England Patriots,10,6,Regular Season,1992
1992-09-20,Sun,New Orleans Saints,Atlanta Falcons,10,7,Regular Season,1992
1992-09-20,Sun,Green Bay Packers,Cincinnati Bengals,24,23,Regular Season,1992
1992-09-20,Sun,Philadelphia Eagles,Denver Broncos,30,0,Regular Season,1992
1992-09-20,Sun,Houston Oilers,Kansas City Chiefs,23,20,Regular Season,1992
1992-09-20,Sun,Minnesota Vikings,Tampa Bay Buccaneers,26,20,Regular Season,1992
1992-09-20,Sun,San Francisco 49ers,New York Jets,31,14,Regular Season,1992
1992-09-20,Sun,Miami Dolphins,Los Angeles Rams,26,10,Regular Season,1992
1992-09-20,Sun,Cleveland Browns,Los Angeles Raiders,28,16,Regular Season,1992
1992-09-20,Sun,Dallas Cowboys,Phoenix Cardinals,31,20,Regular Season,1992
1992-09-20,Sun,Washington Redskins,Detroit Lions,13,10,Regular Season,1992
1992-09-20,Sun,Pittsburgh Steelers,San Diego Chargers,23,6,Regular Season,1992
1992-09-20,Sun,Buffalo Bills,Indianapolis Colts,38,0,Regular Season,1992
1992-09-21,Mon,New York Giants,Chicago Bears,27,14,Regular Season,1992
1992-09-27,Sun,Chicago Bears,Atlanta Falcons,41,31,Regular Season,1992
1992-09-27,Sun,Buffalo Bills,New England Patriots,41,7,Regular Season,1992
1992-09-27,Sun,Minnesota Vikings,Cincinnati Bengals,42,7,Regular Season,1992
1992-09-27,Sun,Denver Broncos,Cleveland Browns,12,0,Regular Season,1992
1992-09-27,Sun,Tampa Bay Buccaneers,Detroit Lions,27,23,Regular Season,1992
1992-09-27,Sun,Houston Oilers,San Diego Chargers,27,0,Regular Season,1992
1992-09-27,Sun,Miami Dolphins,Seattle Seahawks,19,17,Regular Season,1992
1992-09-27,Sun,Green Bay Packers,Pittsburgh Steelers,17,3,Regular Season,1992
1992-09-27,Sun,Los Angeles Rams,New York Jets,18,10,Regular Season,1992
1992-09-27,Sun,San Francisco 49ers,New Orleans Saints,16,10,Regular Season,1992
1992-09-28,Mon,Kansas City Chiefs,Los Angeles Raiders,27,7,Regular Season,1992
1992-10-04,Sun,Indianapolis Colts,Tampa Bay Buccaneers,24,14,Regular Season,1992
1992-10-04,Sun,Atlanta Falcons,Green Bay Packers,24,10,Regular Season,1992
1992-10-04,Sun,Miami Dolphins,Buffalo Bills,37,10,Regular Season,1992
1992-10-04,Sun,Minnesota Vikings,Chicago Bears,21,20,Regular Season,1992
1992-10-04,Sun,New Orleans Saints,Detroit Lions,13,7,Regular Season,1992
1992-10-04,Sun,Phoenix Cardinals,Washington Redskins,27,24,Regular Season,1992
1992-10-04,Sun,Los Angeles Raiders,New York Giants,13,10,Regular Season,1992
1992-10-04,Sun,Denver Broncos,Kansas City Chiefs,20,19,Regular Season,1992
1992-10-04,Sun,San Francisco 49ers,Los Angeles Rams,27,24,Regular Season,1992
1992-10-04,Sun,San Diego Chargers,Seattle Seahawks,17,6,Regular Season,1992
1992-10-04,Sun,New York Jets,New England Patriots,30,21,Regular Season,1992
1992-10-05,Mon,Philadelphia Eagles,Dallas Cowboys,31,7,Regular Season,1992
1992-10-11,Sun,Cleveland Browns,Pittsburgh Steelers,17,9,Regular Season,1992
1992-10-11,Sun,New York Giants,Phoenix Cardinals,31,21,Regular Season,1992
1992-10-11,Sun,Dallas Cowboys,Seattle Seahawks,27,0,Regular Season,1992
1992-10-11,Sun,San Francisco 49ers,New England Patriots,24,12,Regular Season,1992
1992-10-11,Sun,Miami Dolphins,Atlanta Falcons,21,17,Regular Season,1992
1992-10-11,Sun,Kansas City Chiefs,Philadelphia Eagles,24,17,Regular Season,1992
1992-10-11,Sun,Houston Oilers,Cincinnati Bengals,38,24,Regular Season,1992
1992-10-11,Sun,Indianapolis Colts,New York Jets,6,3,Regular Season,1992
1992-10-11,Sun,Los Angeles Raiders,Buffalo Bills,20,3,Regular Season,1992
1992-10-11,Sun,New Orleans Saints,Los Angeles Rams,13,10,Regular Season,1992
1992-10-12,Mon,Washington Redskins,Denver Broncos,34,3,Regular Season,1992
1992-10-15,Thu,Minnesota Vikings,Detroit Lions,31,14,Regular Season,1992
1992-10-18,Sun,Chicago Bears,Tampa Bay Buccaneers,31,14,Regular Season,1992
1992-10-18,Sun,Cleveland Browns,Green Bay Packers,17,6,Regular Season,1992
1992-10-18,Sun,San Diego Chargers,Indianapolis Colts,34,14,Regular Season,1992
1992-10-18,Sun,Dallas Cowboys,Kansas City Chiefs,17,10,Regular Season,1992
1992-10-18,Sun,Washington Redskins,Philadelphia Eagles,16,12,Regular Season,1992
1992-10-18,Sun,New Orleans Saints,Phoenix Cardinals,30,21,Regular Season,1992
1992-10-18,Sun,Miami Dolphins,New England Patriots,38,17,Regular Season,1992
1992-10-18,Sun,Los Angeles Rams,New York Giants,38,17,Regular Season,1992
1992-10-18,Sun,San Francisco 49ers,Atlanta Falcons,56,17,Regular Season,1992
1992-10-18,Sun,Denver Broncos,Houston Oilers,27,21,Regular Season,1992
1992-10-18,Sun,Los Angeles Raiders,Seattle Seahawks,19,0,Regular Season,1992
1992-10-19,Mon,Pittsburgh Steelers,Cincinnati Bengals,20,0,Regular Season,1992
1992-10-25,Sun,Chicago Bears,Green Bay Packers,30,10,Regular Season,1992
1992-10-25,Sun,Houston Oilers,Cincinnati Bengals,26,10,Regular Season,1992
1992-10-25,Sun,Philadelphia Eagles,Phoenix Cardinals,7,3,Regular Season,1992
1992-10-25,Sun,Detroit Lions,Tampa Bay Buccaneers,38,7,Regular Season,1992
1992-10-25,Sun,Washington Redskins,Minnesota Vikings,15,13,Regular Season,1992
1992-10-25,Sun,New York Giants,Seattle Seahawks,23,10,Regular Season,1992
1992-10-25,Sun,Cleveland Browns,New England Patriots,19,17,Regular Season,1992
1992-10-25,Sun,Indianapolis Colts,Miami Dolphins,31,20,Regular Season,1992
1992-10-25,Sun,Dallas Cowboys,Los Angeles Raiders,28,13,Regular Season,1992
1992-10-25,Sun,San Diego Chargers,Denver Broncos,24,21,Regular Season,1992
1992-10-25,Sun,Pittsburgh Steelers,Kansas City Chiefs,27,3,Regular Season,1992
1992-10-26,Mon,Buffalo Bills,New York Jets,24,20,Regular Season,1992
1992-11-01,Sun,Atlanta Falcons,Los Angeles Rams,30,28,Regular Season,1992
1992-11-01,Sun,Buffalo Bills,New England Patriots,16,7,Regular Season,1992
1992-11-01,Sun,Green Bay Packers,Detroit Lions,27,13,Regular Season,1992
1992-11-01,Sun,New York Jets,Miami Dolphins,26,14,Regular Season,1992
1992-11-01,Sun,New Orleans Saints,Tampa Bay Buccaneers,23,21,Regular Season,1992
1992-11-01,Sun,Pittsburgh Steelers,Houston Oilers,21,20,Regular Season,1992
1992-11-01,Sun,Cincinnati Bengals,Cleveland Browns,30,10,Regular Season,1992
1992-11-01,Sun,San Diego Chargers,Indianapolis Colts,26,0,Regular Season,1992
1992-11-01,Sun,Phoenix Cardinals,San Francisco 49ers,24,14,Regular Season,1992
1992-11-01,Sun,Dallas Cowboys,Philadelphia Eagles,20,10,Regular Season,1992
1992-11-01,Sun,New York Giants,Washington Redskins,24,7,Regular Season,1992
1992-11-02,Mon,Minnesota Vikings,Chicago Bears,38,10,Regular Season,1992
1992-11-08,Sun,Cleveland Browns,Houston Oilers,24,14,Regular Season,1992
1992-11-08,Sun,Miami Dolphins,Indianapolis Colts,28,0,Regular Season,1992
1992-11-08,Sun,Dallas Cowboys,Detroit Lions,37,3,Regular Season,1992
1992-11-08,Sun,New York Giants,Green Bay Packers,27,7,Regular Season,1992
1992-11-08,Sun,Minnesota Vikings,Tampa Bay Buccaneers,35,7,Regular Season,1992
1992-11-08,Sun,New Orleans Saints,New England Patriots,31,14,Regular Season,1992
1992-11-08,Sun,Philadelphia Eagles,Los Angeles Raiders,31,10,Regular Season,1992
1992-11-08,Sun,Buffalo Bills,Pittsburgh Steelers,28,20,Regular Season,1992
1992-11-08,Sun,Phoenix Cardinals,Los Angeles Rams,20,14,Regular Season,1992
1992-11-08,Sun,Denver Broncos,New York Jets,27,16,Regular Season,1992
1992-11-08,Sun,Kansas City Chiefs,San Diego Chargers,16,14,Regular Season,1992
1992-11-08,Sun,Washington Redskins,Seattle Seahawks,16,3,Regular Season,1992
1992-11-08,Sun,Cincinnati Bengals,Chicago Bears,31,28,Regular Season,1992
1992-11-09,Mon,San Francisco 49ers,Atlanta Falcons,41,3,Regular Season,1992
1992-11-15,Sun,Atlanta Falcons,Phoenix Cardinals,20,17,Regular Season,1992
1992-11-15,Sun,New York Jets,Cincinnati Bengals,17,14,Regular Season,1992
1992-11-15,Sun,San Diego Chargers,Cleveland Browns,14,13,Regular Season,1992
1992-11-15,Sun,New England Patriots,Indianapolis Colts,37,34,Regular Season,1992
1992-11-15,Sun,Pittsburgh Steelers,Detroit Lions,17,14,Regular Season,1992
1992-11-15,Sun,Green Bay Packers,Philadelphia Eagles,27,24,Regular Season,1992
1992-11-15,Sun,Kansas City Chiefs,Washington Redskins,35,16,Regular Season,1992
1992-11-15,Sun,Houston Oilers,Minnesota Vikings,17,13,Regular Season,1992
1992-11-15,Sun,Tampa Bay Buccaneers,Chicago Bears,20,17,Regular Season,1992
1992-11-15,Sun,Los Angeles Rams,Dallas Cowboys,27,23,Regular Season,1992
1992-11-15,Sun,San Francisco 49ers,New Orleans Saints,21,20,Regular Season,1992
1992-11-15,Sun,Los Angeles Raiders,Seattle Seahawks,20,3,Regular Season,1992
1992-11-15,Sun,Denver Broncos,New York Giants,27,13,Regular Season,1992
1992-11-16,Mon,Buffalo Bills,Miami Dolphins,26,20,Regular Season,1992
1992-11-22,Sun,Buffalo Bills,Atlanta Falcons,41,14,Regular Season,1992
1992-11-22,Sun,Green Bay Packers,Chicago Bears,17,3,Regular Season,1992
1992-11-22,Sun,Detroit Lions,Cincinnati Bengals,19,13,Regular Season,1992
1992-11-22,Sun,Minnesota Vikings,Cleveland Browns,17,13,Regular Season,1992
1992-11-22,Sun,Pittsburgh Steelers,Indianapolis Colts,30,14,Regular Season,1992
1992-11-22,Sun,Miami Dolphins,Houston Oilers,19,16,Regular Season,1992
1992-11-22,Sun,Philadelphia Eagles,New York Giants,47,34,Regular Season,1992
1992-11-22,Sun,Dallas Cowboys,Phoenix Cardinals,16,10,Regular Season,1992
1992-11-22,Sun,Los Angeles Raiders,Denver Broncos,24,0,Regular Season,1992
1992-11-22,Sun,New England Patriots,New York Jets,24,3,Regular Season,1992
1992-11-22,Sun,San Francisco 49ers,Los Angeles Rams,27,10,Regular Season,1992
1992-11-22,Sun,San Diego Chargers,Tampa Bay Buccaneers,29,14,Regular Season,1992
1992-11-22,Sun,Kansas City Chiefs,Seattle Seahawks,24,14,Regular Season,1992
1992-11-23,Mon,New Orleans Saints,Washington Redskins,20,3,Regular Season,1992
1992-11-26,Thu,Houston Oilers,Detroit Lions,24,21,Regular Season,1992
1992-11-26,Thu,Dallas Cowboys,New York Giants,30,3,Regular Season,1992
1992-11-29,Sun,Atlanta Falcons,New England Patriots,34,0,Regular Season,1992
1992-11-29,Sun,Cleveland Browns,Chicago Bears,27,14,Regular Season,1992
1992-11-29,Sun,Pittsburgh Steelers,Cincinnati Bengals,21,9,Regular Season,1992
1992-11-29,Sun,Washington Redskins,Phoenix Cardinals,41,3,Regular Season,1992
1992-11-29,Sun,Green Bay Packers,Tampa Bay Buccaneers,19,14,Regular Season,1992
1992-11-29,Sun,Kansas City Chiefs,New York Jets,23,7,Regular Season,1992
1992-11-29,Sun,New Orleans Saints,Miami Dolphins,24,13,Regular Season,1992
1992-11-29,Sun,Indianapolis Colts,Buffalo Bills,16,13,Regular Season,1992
1992-11-29,Sun,Minnesota Vikings,Los Angeles Rams,31,17,Regular Season,1992
1992-11-29,Sun,San Francisco 49ers,Philadelphia Eagles,20,14,Regular Season,1992
1992-11-29,Sun,San Diego Chargers,Los Angeles Raiders,27,3,Regular Season,1992
1992-11-30,Mon,Seattle Seahawks,Denver Broncos,16,13,Regular Season,1992
1992-12-03,Thu,New Orleans Saints,Atlanta Falcons,22,14,Regular Season,1992
1992-12-06,Sun,New York Jets,Buffalo Bills,24,17,Regular Season,1992
1992-12-06,Sun,Cleveland Browns,Cincinnati Bengals,37,21,Regular Season,1992
1992-12-06,Sun,Indianapolis Colts,New England Patriots,6,0,Regular Season,1992
1992-12-06,Sun,Green Bay Packers,Detroit Lions,38,10,Regular Season,1992
1992-12-06,Sun,Philadelphia Eagles,Minnesota Vikings,28,17,Regular Season,1992
1992-12-06,Sun,Pittsburgh Steelers,Seattle Seahawks,20,14,Regular Season,1992
1992-12-06,Sun,San Diego Chargers,Phoenix Cardinals,27,21,Regular Season,1992
1992-12-06,Sun,Dallas Cowboys,Denver Broncos,31,27,Regular Season,1992
1992-12-06,Sun,Los Angeles Raiders,Kansas City Chiefs,28,7,Regular Season,1992
1992-12-06,Sun,San Francisco 49ers,Miami Dolphins,27,3,Regular Season,1992
1992-12-06,Sun,Washington Redskins,New York Giants,28,10,Regular Season,1992
1992-12-06,Sun,Los Angeles Rams,Tampa Bay Buccaneers,31,27,Regular Season,1992
1992-12-07,Mon,Houston Oilers,Chicago Bears,24,7,Regular Season,1992
1992-12-12,Sat,Buffalo Bills,Denver Broncos,27,17,Regular Season,1992
1992-12-12,Sat,Phoenix Cardinals,New York Giants,19,0,Regular Season,1992
1992-12-13,Sun,Atlanta Falcons,Tampa Bay Buccaneers,35,7,Regular Season,1992
1992-12-13,Sun,Chicago Bears,Pittsburgh Steelers,30,6,Regular Season,1992
1992-12-13,Sun,Detroit Lions,Cleveland Browns,24,14,Regular Season,1992
1992-12-13,Sun,Indianapolis Colts,New York Jets,10,6,Regular Season,1992
1992-12-13,Sun,Kansas City Chiefs,New England Patriots,27,20,Regular Season,1992
1992-12-13,Sun,San Francisco 49ers,Minnesota Vikings,20,17,Regular Season,1992
1992-12-13,Sun,San Diego Chargers,Cincinnati Bengals,27,10,Regular Season,1992
1992-12-13,Sun,Washington Redskins,Dallas Cowboys,20,17,Regular Season,1992
1992-12-13,Sun,New Orleans Saints,Los Angeles Rams,37,14,Regular Season,1992
1992-12-13,Sun,Philadelphia Eagles,Seattle Seahawks,20,17,Regular Season,1992
1992-12-13,Sun,Green Bay Packers,Houston Oilers,16,14,Regular Season,1992
1992-12-14,Mon,Miami Dolphins,Los Angeles Raiders,20,7,Regular Season,1992
1992-12-19,Sat,New York Giants,Kansas City Chiefs,35,21,Regular Season,1992
1992-12-19,Sat,San Francisco 49ers,Tampa Bay Buccaneers,21,14,Regular Season,1992
1992-12-20,Sun,Buffalo Bills,New Orleans Saints,20,16,Regular Season,1992
1992-12-20,Sun,Cincinnati Bengals,New England Patriots,20,10,Regular Season,1992
1992-12-20,Sun,Houston Oilers,Cleveland Browns,17,14,Regular Season,1992
1992-12-20,Sun,Indianapolis Colts,Phoenix Cardinals,16,13,Regular Season,1992
1992-12-20,Sun,Green Bay Packers,Los Angeles Rams,28,13,Regular Season,1992
1992-12-20,Sun,Minnesota Vikings,Pittsburgh Steelers,6,3,Regular Season,1992
1992-12-20,Sun,Philadelphia Eagles,Washington Redskins,17,13,Regular Season,1992
1992-12-20,Sun,Detroit Lions,Chicago Bears,16,3,Regular Season,1992
1992-12-20,Sun,Denver Broncos,Seattle Seahawks,10,6,Regular Season,1992
1992-12-20,Sun,San Diego Chargers,Los Angeles Raiders,36,14,Regular Season,1992
1992-12-20,Sun,Miami Dolphins,New York Jets,19,17,Regular Season,1992
1992-12-21,Mon,Dallas Cowboys,Atlanta Falcons,41,17,Regular Season,1992
1992-12-26,Sat,New Orleans Saints,New York Jets,20,0,Regular Season,1992
1992-12-26,Sat,Los Angeles Raiders,Washington Redskins,21,20,Regular Season,1992
1992-12-27,Sun,Indianapolis Colts,Cincinnati Bengals,21,17,Regular Season,1992
1992-12-27,Sun,Pittsburgh Steelers,Cleveland Browns,23,13,Regular Season,1992
1992-12-27,Sun,Kansas City Chiefs,Denver Broncos,42,20,Regular Season,1992
1992-12-27,Sun,Minnesota Vikings,Green Bay Packers,27,7,Regular Season,1992
1992-12-27,Sun,Miami Dolphins,New England Patriots,16,13,Regular Season,1992
1992-12-27,Sun,Philadelphia Eagles,New York Giants,20,10,Regular Season,1992
1992-12-27,Sun,Los Angeles Rams,Atlanta Falcons,38,27,Regular Season,1992
1992-12-27,Sun,Dallas Cowboys,Chicago Bears,27,14,Regular Season,1992
1992-12-27,Sun,Tampa Bay Buccaneers,Phoenix Cardinals,7,3,Regular Season,1992
1992-12-27,Sun,San Diego Chargers,Seattle Seahawks,31,14,Regular Season,1992
1992-12-27,Sun,Houston Oilers,Buffalo Bills,27,3,Regular Season,1992
1992-12-28,Mon,San Francisco 49ers,Detroit Lions,24,6,Regular Season,1992
Playoffs,,,,,,Playoff,1992
1993-01-02,Sat,Washington Redskins,Minnesota Vikings,24,7,Playoff,1992
1993-01-02,Sat,San Diego Chargers,Kansas City Chiefs,17,0,Playoff,1992
1993-01-03,Sun,Buffalo Bills,Houston Oilers,41,38,Playoff,1992
1993-01-03,Sun,Philadelphia Eagles,New Orleans Saints,36,20,Playoff,1992
1993-01-09,Sat,Buffalo Bills,Pittsburgh Steelers,24,3,Playoff,1992
1993-01-09,Sat,San Francisco 49ers,Washington Redskins,20,13,Playoff,1992
1993-01-10,Sun,Dallas Cowboys,Philadelphia Eagles,34,10,Playoff,1992
1993-01-10,Sun,Miami Dolphins,San Diego Chargers,31,0,Playoff,1992
1993-01-17,Sun,Buffalo Bills,Miami Dolphins,29,10,Playoff,1992
1993-01-17,Sun,Dallas Cowboys,San Francisco 49ers,30,20,Playoff,1992
1993-01-31,Sun,Dallas Cowboys,Buffalo Bills,52,17,Playoff,1992
