Date,DOW,WT,LT,WTS,LTS,Type,Season
1993-09-05,Sun,Detroit Lions,Atlanta Falcons,30,13,Regular Season,1993
1993-09-05,Sun,Buffalo Bills,New England Patriots,38,14,Regular Season,1993
1993-09-05,Sun,Cleveland Browns,Cincinnati Bengals,27,14,Regular Season,1993
1993-09-05,Sun,Miami Dolphins,Indianapolis Colts,24,20,Regular Season,1993
1993-09-05,Sun,Philadelphia Eagles,Phoenix Cardinals,23,17,Regular Season,1993
1993-09-05,Sun,Denver Broncos,New York Jets,26,20,Regular Season,1993
1993-09-05,Sun,Green Bay Packers,Los Angeles Rams,36,6,Regular Season,1993
1993-09-05,Sun,Kansas City Chiefs,Tampa Bay Buccaneers,27,3,Regular Season,1993
1993-09-05,Sun,San Francisco 49ers,Pittsburgh Steelers,24,13,Regular Season,1993
1993-09-05,Sun,New York Giants,Chicago Bears,26,20,Regular Season,1993
1993-09-05,Sun,Los Angeles Raiders,Minnesota Vikings,24,7,Regular Season,1993
1993-09-05,Sun,San Diego Chargers,Seattle Seahawks,18,12,Regular Season,1993
1993-09-05,Sun,New Orleans Saints,Houston Oilers,33,21,Regular Season,1993
1993-09-06,Mon,Washington Redskins,Dallas Cowboys,35,16,Regular Season,1993
1993-09-12,Sun,New Orleans Saints,Atlanta Falcons,34,31,Regular Season,1993
1993-09-12,Sun,Minnesota Vikings,Chicago Bears,10,7,Regular Season,1993
1993-09-12,Sun,Indianapolis Colts,Cincinnati Bengals,9,6,Regular Season,1993
1993-09-12,Sun,Phoenix Cardinals,Washington Redskins,17,10,Regular Season,1993
1993-09-12,Sun,Detroit Lions,New England Patriots,19,16,Regular Season,1993
1993-09-12,Sun,Philadelphia Eagles,Green Bay Packers,20,17,Regular Season,1993
1993-09-12,Sun,Houston Oilers,Kansas City Chiefs,30,0,Regular Season,1993
1993-09-12,Sun,New York Giants,Tampa Bay Buccaneers,23,7,Regular Season,1993
1993-09-12,Sun,Buffalo Bills,Dallas Cowboys,13,10,Regular Season,1993
1993-09-12,Sun,Denver Broncos,San Diego Chargers,34,17,Regular Season,1993
1993-09-12,Sun,New York Jets,Miami Dolphins,24,14,Regular Season,1993
1993-09-12,Sun,Los Angeles Rams,Pittsburgh Steelers,27,0,Regular Season,1993
1993-09-12,Sun,Los Angeles Raiders,Seattle Seahawks,17,13,Regular Season,1993
1993-09-13,Mon,Cleveland Browns,San Francisco 49ers,23,13,Regular Season,1993
1993-09-19,Sun,Pittsburgh Steelers,Cincinnati Bengals,34,7,Regular Season,1993
1993-09-19,Sun,New Orleans Saints,Detroit Lions,14,3,Regular Season,1993
1993-09-19,Sun,Seattle Seahawks,New England Patriots,17,14,Regular Season,1993
1993-09-19,Sun,New York Giants,Los Angeles Rams,20,10,Regular Season,1993
1993-09-19,Sun,Philadelphia Eagles,Washington Redskins,34,31,Regular Season,1993
1993-09-19,Sun,San Francisco 49ers,Atlanta Falcons,37,30,Regular Season,1993
1993-09-19,Sun,Cleveland Browns,Los Angeles Raiders,19,16,Regular Season,1993
1993-09-19,Sun,San Diego Chargers,Houston Oilers,18,17,Regular Season,1993
1993-09-19,Sun,Dallas Cowboys,Phoenix Cardinals,17,10,Regular Season,1993
1993-09-20,Mon,Kansas City Chiefs,Denver Broncos,15,7,Regular Season,1993
1993-09-26,Sun,Miami Dolphins,Buffalo Bills,22,13,Regular Season,1993
1993-09-26,Sun,Chicago Bears,Tampa Bay Buccaneers,47,17,Regular Season,1993
1993-09-26,Sun,Minnesota Vikings,Green Bay Packers,15,13,Regular Season,1993
1993-09-26,Sun,Indianapolis Colts,Cleveland Browns,23,10,Regular Season,1993
1993-09-26,Sun,Detroit Lions,Phoenix Cardinals,26,20,Regular Season,1993
1993-09-26,Sun,Los Angeles Rams,Houston Oilers,28,13,Regular Season,1993
1993-09-26,Sun,Seattle Seahawks,Cincinnati Bengals,19,10,Regular Season,1993
1993-09-26,Sun,New Orleans Saints,San Francisco 49ers,16,13,Regular Season,1993
1993-09-26,Sun,New York Jets,New England Patriots,45,7,Regular Season,1993
1993-09-27,Mon,Pittsburgh Steelers,Atlanta Falcons,45,17,Regular Season,1993
1993-10-03,Sun,Dallas Cowboys,Green Bay Packers,36,14,Regular Season,1993
1993-10-03,Sun,Kansas City Chiefs,Los Angeles Raiders,24,9,Regular Season,1993
1993-10-03,Sun,Chicago Bears,Atlanta Falcons,6,0,Regular Season,1993
1993-10-03,Sun,Tampa Bay Buccaneers,Detroit Lions,27,10,Regular Season,1993
1993-10-03,Sun,Denver Broncos,Indianapolis Colts,35,13,Regular Season,1993
1993-10-03,Sun,San Francisco 49ers,Minnesota Vikings,38,19,Regular Season,1993
1993-10-03,Sun,Philadelphia Eagles,New York Jets,35,30,Regular Season,1993
1993-10-03,Sun,Seattle Seahawks,San Diego Chargers,31,14,Regular Season,1993
1993-10-03,Sun,New Orleans Saints,Los Angeles Rams,37,6,Regular Season,1993
1993-10-03,Sun,Buffalo Bills,New York Giants,17,14,Regular Season,1993
1993-10-04,Mon,Miami Dolphins,Washington Redskins,17,10,Regular Season,1993
1993-10-10,Sun,Chicago Bears,Philadelphia Eagles,17,6,Regular Season,1993
1993-10-10,Sun,Kansas City Chiefs,Cincinnati Bengals,17,15,Regular Season,1993
1993-10-10,Sun,Miami Dolphins,Cleveland Browns,24,14,Regular Season,1993
1993-10-10,Sun,Dallas Cowboys,Indianapolis Colts,27,3,Regular Season,1993
1993-10-10,Sun,Minnesota Vikings,Tampa Bay Buccaneers,15,0,Regular Season,1993
1993-10-10,Sun,New York Giants,Washington Redskins,41,7,Regular Season,1993
1993-10-10,Sun,New England Patriots,Phoenix Cardinals,23,21,Regular Season,1993
1993-10-10,Sun,Los Angeles Raiders,New York Jets,24,20,Regular Season,1993
1993-10-10,Sun,Pittsburgh Steelers,San Diego Chargers,16,3,Regular Season,1993
1993-10-10,Sun,Green Bay Packers,Denver Broncos,30,27,Regular Season,1993
1993-10-11,Mon,Buffalo Bills,Houston Oilers,35,7,Regular Season,1993
1993-10-14,Thu,Atlanta Falcons,Los Angeles Rams,30,24,Regular Season,1993
1993-10-17,Sun,Cleveland Browns,Cincinnati Bengals,28,17,Regular Season,1993
1993-10-17,Sun,Detroit Lions,Seattle Seahawks,30,10,Regular Season,1993
1993-10-17,Sun,Pittsburgh Steelers,New Orleans Saints,37,14,Regular Season,1993
1993-10-17,Sun,Houston Oilers,New England Patriots,28,14,Regular Season,1993
1993-10-17,Sun,New York Giants,Philadelphia Eagles,21,10,Regular Season,1993
1993-10-17,Sun,Phoenix Cardinals,Washington Redskins,36,6,Regular Season,1993
1993-10-17,Sun,Dallas Cowboys,San Francisco 49ers,26,17,Regular Season,1993
1993-10-17,Sun,Kansas City Chiefs,San Diego Chargers,17,14,Regular Season,1993
1993-10-18,Mon,Los Angeles Raiders,Denver Broncos,23,20,Regular Season,1993
1993-10-24,Sun,Buffalo Bills,New York Jets,19,10,Regular Season,1993
1993-10-24,Sun,Green Bay Packers,Tampa Bay Buccaneers,37,14,Regular Season,1993
1993-10-24,Sun,Atlanta Falcons,New Orleans Saints,26,15,Regular Season,1993
1993-10-24,Sun,Houston Oilers,Cincinnati Bengals,28,12,Regular Season,1993
1993-10-24,Sun,Cleveland Browns,Pittsburgh Steelers,28,23,Regular Season,1993
1993-10-24,Sun,San Francisco 49ers,Phoenix Cardinals,28,14,Regular Season,1993
1993-10-24,Sun,Detroit Lions,Los Angeles Rams,16,13,Regular Season,1993
1993-10-24,Sun,Seattle Seahawks,New England Patriots,10,9,Regular Season,1993
1993-10-24,Sun,Miami Dolphins,Indianapolis Colts,41,27,Regular Season,1993
1993-10-25,Mon,Minnesota Vikings,Chicago Bears,19,12,Regular Season,1993
1993-10-31,Sun,Green Bay Packers,Chicago Bears,17,3,Regular Season,1993
1993-10-31,Sun,Indianapolis Colts,New England Patriots,9,6,Regular Season,1993
1993-10-31,Sun,Miami Dolphins,Kansas City Chiefs,30,10,Regular Season,1993
1993-10-31,Sun,New York Jets,New York Giants,10,6,Regular Season,1993
1993-10-31,Sun,Tampa Bay Buccaneers,Atlanta Falcons,31,24,Regular Season,1993
1993-10-31,Sun,Dallas Cowboys,Philadelphia Eagles,23,10,Regular Season,1993
1993-10-31,Sun,Denver Broncos,Seattle Seahawks,28,17,Regular Season,1993
1993-10-31,Sun,San Diego Chargers,Los Angeles Raiders,30,23,Regular Season,1993
1993-10-31,Sun,New Orleans Saints,Phoenix Cardinals,20,17,Regular Season,1993
1993-10-31,Sun,San Francisco 49ers,Los Angeles Rams,40,17,Regular Season,1993
1993-10-31,Sun,Detroit Lions,Minnesota Vikings,30,27,Regular Season,1993
1993-11-01,Mon,Buffalo Bills,Washington Redskins,24,10,Regular Season,1993
1993-11-07,Sun,Buffalo Bills,New England Patriots,13,10,Regular Season,1993
1993-11-07,Sun,Pittsburgh Steelers,Cincinnati Bengals,24,16,Regular Season,1993
1993-11-07,Sun,Denver Broncos,Cleveland Browns,29,14,Regular Season,1993
1993-11-07,Sun,Dallas Cowboys,New York Giants,31,9,Regular Season,1993
1993-11-07,Sun,San Diego Chargers,Minnesota Vikings,30,17,Regular Season,1993
1993-11-07,Sun,Houston Oilers,Seattle Seahawks,24,14,Regular Season,1993
1993-11-07,Sun,Detroit Lions,Tampa Bay Buccaneers,23,0,Regular Season,1993
1993-11-07,Sun,Los Angeles Raiders,Chicago Bears,16,14,Regular Season,1993
1993-11-07,Sun,New York Jets,Miami Dolphins,27,10,Regular Season,1993
1993-11-07,Sun,Phoenix Cardinals,Philadelphia Eagles,16,3,Regular Season,1993
1993-11-07,Sun,Washington Redskins,Indianapolis Colts,30,24,Regular Season,1993
1993-11-08,Mon,Kansas City Chiefs,Green Bay Packers,23,16,Regular Season,1993
1993-11-14,Sun,Houston Oilers,Cincinnati Bengals,38,3,Regular Season,1993
1993-11-14,Sun,Green Bay Packers,New Orleans Saints,19,17,Regular Season,1993
1993-11-14,Sun,Miami Dolphins,Philadelphia Eagles,19,14,Regular Season,1993
1993-11-14,Sun,New York Giants,Washington Redskins,20,6,Regular Season,1993
1993-11-14,Sun,San Francisco 49ers,Tampa Bay Buccaneers,45,21,Regular Season,1993
1993-11-14,Sun,Dallas Cowboys,Phoenix Cardinals,20,15,Regular Season,1993
1993-11-14,Sun,Atlanta Falcons,Los Angeles Rams,13,0,Regular Season,1993
1993-11-14,Sun,Seattle Seahawks,Cleveland Browns,22,5,Regular Season,1993
1993-11-14,Sun,New York Jets,Indianapolis Colts,31,17,Regular Season,1993
1993-11-14,Sun,Minnesota Vikings,Denver Broncos,26,23,Regular Season,1993
1993-11-14,Sun,Kansas City Chiefs,Los Angeles Raiders,31,20,Regular Season,1993
1993-11-14,Sun,Chicago Bears,San Diego Chargers,16,13,Regular Season,1993
1993-11-15,Mon,Pittsburgh Steelers,Buffalo Bills,23,0,Regular Season,1993
1993-11-21,Sun,Atlanta Falcons,Dallas Cowboys,27,14,Regular Season,1993
1993-11-21,Sun,Buffalo Bills,Indianapolis Colts,23,9,Regular Season,1993
1993-11-21,Sun,Chicago Bears,Kansas City Chiefs,19,17,Regular Season,1993
1993-11-21,Sun,New York Jets,Cincinnati Bengals,17,12,Regular Season,1993
1993-11-21,Sun,Houston Oilers,Cleveland Browns,27,20,Regular Season,1993
1993-11-21,Sun,Green Bay Packers,Detroit Lions,26,17,Regular Season,1993
1993-11-21,Sun,Miami Dolphins,New England Patriots,17,13,Regular Season,1993
1993-11-21,Sun,Denver Broncos,Pittsburgh Steelers,37,13,Regular Season,1993
1993-11-21,Sun,New York Giants,Philadelphia Eagles,7,3,Regular Season,1993
1993-11-21,Sun,Los Angeles Raiders,San Diego Chargers,12,7,Regular Season,1993
1993-11-21,Sun,Los Angeles Rams,Washington Redskins,10,6,Regular Season,1993
1993-11-21,Sun,Tampa Bay Buccaneers,Minnesota Vikings,23,10,Regular Season,1993
1993-11-22,Mon,San Francisco 49ers,New Orleans Saints,42,7,Regular Season,1993
1993-11-25,Thu,Chicago Bears,Detroit Lions,10,6,Regular Season,1993
1993-11-25,Thu,Miami Dolphins,Dallas Cowboys,16,14,Regular Season,1993
1993-11-28,Sun,Atlanta Falcons,Cleveland Browns,17,14,Regular Season,1993
1993-11-28,Sun,Cincinnati Bengals,Los Angeles Raiders,16,10,Regular Season,1993
1993-11-28,Sun,Green Bay Packers,Tampa Bay Buccaneers,13,10,Regular Season,1993
1993-11-28,Sun,New Orleans Saints,Minnesota Vikings,17,14,Regular Season,1993
1993-11-28,Sun,New York Jets,New England Patriots,6,0,Regular Season,1993
1993-11-28,Sun,Philadelphia Eagles,Washington Redskins,17,14,Regular Season,1993
1993-11-28,Sun,Kansas City Chiefs,Buffalo Bills,23,7,Regular Season,1993
1993-11-28,Sun,New York Giants,Phoenix Cardinals,19,17,Regular Season,1993
1993-11-28,Sun,Denver Broncos,Seattle Seahawks,17,9,Regular Season,1993
1993-11-28,Sun,San Francisco 49ers,Los Angeles Rams,35,10,Regular Season,1993
1993-11-28,Sun,Houston Oilers,Pittsburgh Steelers,23,3,Regular Season,1993
1993-11-29,Mon,San Diego Chargers,Indianapolis Colts,31,0,Regular Season,1993
1993-12-05,Sun,Houston Oilers,Atlanta Falcons,33,17,Regular Season,1993
1993-12-05,Sun,Los Angeles Raiders,Buffalo Bills,25,24,Regular Season,1993
1993-12-05,Sun,Chicago Bears,Green Bay Packers,30,17,Regular Season,1993
1993-12-05,Sun,Cleveland Browns,New Orleans Saints,17,13,Regular Season,1993
1993-12-05,Sun,Indianapolis Colts,New York Jets,9,6,Regular Season,1993
1993-12-05,Sun,Minnesota Vikings,Detroit Lions,13,0,Regular Season,1993
1993-12-05,Sun,Pittsburgh Steelers,New England Patriots,17,14,Regular Season,1993
1993-12-05,Sun,Washington Redskins,Tampa Bay Buccaneers,23,17,Regular Season,1993
1993-12-05,Sun,Phoenix Cardinals,Los Angeles Rams,38,10,Regular Season,1993
1993-12-05,Sun,San Diego Chargers,Denver Broncos,13,10,Regular Season,1993
1993-12-05,Sun,Kansas City Chiefs,Seattle Seahawks,31,16,Regular Season,1993
1993-12-05,Sun,New York Giants,Miami Dolphins,19,14,Regular Season,1993
1993-12-05,Sun,San Francisco 49ers,Cincinnati Bengals,21,8,Regular Season,1993
1993-12-06,Mon,Dallas Cowboys,Philadelphia Eagles,23,17,Regular Season,1993
1993-12-11,Sat,New York Jets,Washington Redskins,3,0,Regular Season,1993
1993-12-11,Sat,Atlanta Falcons,San Francisco 49ers,27,24,Regular Season,1993
1993-12-12,Sun,Buffalo Bills,Philadelphia Eagles,10,7,Regular Season,1993
1993-12-12,Sun,Tampa Bay Buccaneers,Chicago Bears,13,10,Regular Season,1993
1993-12-12,Sun,New England Patriots,Cincinnati Bengals,7,2,Regular Season,1993
1993-12-12,Sun,Houston Oilers,Cleveland Browns,19,17,Regular Season,1993
1993-12-12,Sun,New York Giants,Indianapolis Colts,20,6,Regular Season,1993
1993-12-12,Sun,Los Angeles Rams,New Orleans Saints,23,20,Regular Season,1993
1993-12-12,Sun,Detroit Lions,Phoenix Cardinals,21,14,Regular Season,1993
1993-12-12,Sun,Dallas Cowboys,Minnesota Vikings,37,20,Regular Season,1993
1993-12-12,Sun,Denver Broncos,Kansas City Chiefs,27,21,Regular Season,1993
1993-12-12,Sun,Los Angeles Raiders,Seattle Seahawks,27,23,Regular Season,1993
1993-12-12,Sun,Green Bay Packers,San Diego Chargers,20,13,Regular Season,1993
1993-12-13,Mon,Pittsburgh Steelers,Miami Dolphins,21,20,Regular Season,1993
1993-12-18,Sat,Denver Broncos,Chicago Bears,13,3,Regular Season,1993
1993-12-18,Sat,Dallas Cowboys,New York Jets,28,7,Regular Season,1993
1993-12-19,Sun,Washington Redskins,Atlanta Falcons,30,17,Regular Season,1993
1993-12-19,Sun,Buffalo Bills,Miami Dolphins,47,34,Regular Season,1993
1993-12-19,Sun,Cincinnati Bengals,Los Angeles Rams,15,3,Regular Season,1993
1993-12-19,Sun,New England Patriots,Cleveland Browns,20,17,Regular Season,1993
1993-12-19,Sun,Minnesota Vikings,Green Bay Packers,21,17,Regular Season,1993
1993-12-19,Sun,Houston Oilers,Pittsburgh Steelers,26,17,Regular Season,1993
1993-12-19,Sun,Phoenix Cardinals,Seattle Seahawks,30,27,Regular Season,1993
1993-12-19,Sun,San Francisco 49ers,Detroit Lions,55,17,Regular Season,1993
1993-12-19,Sun,Kansas City Chiefs,San Diego Chargers,28,24,Regular Season,1993
1993-12-19,Sun,Los Angeles Raiders,Tampa Bay Buccaneers,27,20,Regular Season,1993
1993-12-19,Sun,Philadelphia Eagles,Indianapolis Colts,20,10,Regular Season,1993
1993-12-20,Mon,New York Giants,New Orleans Saints,24,14,Regular Season,1993
1993-12-25,Sat,Houston Oilers,San Francisco 49ers,10,7,Regular Season,1993
1993-12-26,Sun,Cincinnati Bengals,Atlanta Falcons,21,17,Regular Season,1993
1993-12-26,Sun,Buffalo Bills,New York Jets,16,14,Regular Season,1993
1993-12-26,Sun,Detroit Lions,Chicago Bears,20,14,Regular Season,1993
1993-12-26,Sun,New England Patriots,Indianapolis Colts,38,0,Regular Season,1993
1993-12-26,Sun,Green Bay Packers,Los Angeles Raiders,28,0,Regular Season,1993
1993-12-26,Sun,Philadelphia Eagles,New Orleans Saints,37,26,Regular Season,1993
1993-12-26,Sun,Cleveland Browns,Los Angeles Rams,42,14,Regular Season,1993
1993-12-26,Sun,Phoenix Cardinals,New York Giants,17,6,Regular Season,1993
1993-12-26,Sun,Dallas Cowboys,Washington Redskins,38,3,Regular Season,1993
1993-12-26,Sun,Tampa Bay Buccaneers,Denver Broncos,17,10,Regular Season,1993
1993-12-26,Sun,Seattle Seahawks,Pittsburgh Steelers,16,6,Regular Season,1993
1993-12-26,Sun,Minnesota Vikings,Kansas City Chiefs,30,10,Regular Season,1993
1993-12-27,Mon,San Diego Chargers,Miami Dolphins,45,20,Regular Season,1993
1993-12-31,Fri,Minnesota Vikings,Washington Redskins,14,9,Regular Season,1993
1994-01-02,Sun,Phoenix Cardinals,Atlanta Falcons,27,10,Regular Season,1993
1994-01-02,Sun,Buffalo Bills,Indianapolis Colts,30,10,Regular Season,1993
1994-01-02,Sun,Pittsburgh Steelers,Cleveland Browns,16,9,Regular Season,1993
1994-01-02,Sun,Dallas Cowboys,New York Giants,16,13,Regular Season,1993
1994-01-02,Sun,Detroit Lions,Green Bay Packers,30,20,Regular Season,1993
1994-01-02,Sun,Kansas City Chiefs,Seattle Seahawks,34,24,Regular Season,1993
1994-01-02,Sun,New England Patriots,Miami Dolphins,33,27,Regular Season,1993
1994-01-02,Sun,Los Angeles Rams,Chicago Bears,20,6,Regular Season,1993
1994-01-02,Sun,New Orleans Saints,Cincinnati Bengals,20,13,Regular Season,1993
1994-01-02,Sun,Los Angeles Raiders,Denver Broncos,33,30,Regular Season,1993
1994-01-02,Sun,San Diego Chargers,Tampa Bay Buccaneers,32,17,Regular Season,1993
1994-01-02,Sun,Houston Oilers,New York Jets,24,0,Regular Season,1993
1994-01-03,Mon,Philadelphia Eagles,San Francisco 49ers,37,34,Regular Season,1993
Playoffs,,,,,,Playoff,1993
1994-01-08,Sat,Kansas City Chiefs,Pittsburgh Steelers,27,24,Playoff,1993
1994-01-08,Sat,Green Bay Packers,Detroit Lions,28,24,Playoff,1993
1994-01-09,Sun,New York Giants,Minnesota Vikings,17,10,Playoff,1993
1994-01-09,Sun,Los Angeles Raiders,Denver Broncos,42,24,Playoff,1993
1994-01-15,Sat,Buffalo Bills,Los Angeles Raiders,29,23,Playoff,1993
1994-01-15,Sat,San Francisco 49ers,New York Giants,44,3,Playoff,1993
1994-01-16,Sun,Dallas Cowboys,Green Bay Packers,27,17,Playoff,1993
1994-01-16,Sun,Kansas City Chiefs,Houston Oilers,28,20,Playoff,1993
1994-01-23,Sun,Buffalo Bills,Kansas City Chiefs,30,13,Playoff,1993
1994-01-23,Sun,Dallas Cowboys,San Francisco 49ers,38,21,Playoff,1993
1994-01-30,Sun,Dallas Cowboys,Buffalo Bills,30,13,Playoff,1993
