Date,DOW,WT,LT,WTS,LTS,Type,Season
1996-09-01,Sun,Carolina Panthers,Atlanta Falcons,29,6,Regular Season,1996
1996-09-01,Sun,St. Louis Rams,Cincinnati Bengals,26,16,Regular Season,1996
1996-09-01,Sun,Indianapolis Colts,Arizona Cardinals,20,13,Regular Season,1996
1996-09-01,Sun,Minnesota Vikings,Detroit Lions,17,13,Regular Season,1996
1996-09-01,Sun,Jacksonville Jaguars,Pittsburgh Steelers,24,9,Regular Season,1996
1996-09-01,Sun,Kansas City Chiefs,Houston Oilers,20,19,Regular Season,1996
1996-09-01,Sun,Philadelphia Eagles,Washington Redskins,17,14,Regular Season,1996
1996-09-01,Sun,Baltimore Ravens,Oakland Raiders,19,14,Regular Season,1996
1996-09-01,Sun,Denver Broncos,New York Jets,31,6,Regular Season,1996
1996-09-01,Sun,Green Bay Packers,Tampa Bay Buccaneers,34,3,Regular Season,1996
1996-09-01,Sun,Miami Dolphins,New England Patriots,24,10,Regular Season,1996
1996-09-01,Sun,San Francisco 49ers,New Orleans Saints,27,11,Regular Season,1996
1996-09-01,Sun,San Diego Chargers,Seattle Seahawks,29,7,Regular Season,1996
1996-09-01,Sun,Buffalo Bills,New York Giants,23,20,Regular Season,1996
1996-09-02,Mon,Chicago Bears,Dallas Cowboys,22,6,Regular Season,1996
1996-09-08,Sun,Minnesota Vikings,Atlanta Falcons,23,17,Regular Season,1996
1996-09-08,Sun,Buffalo Bills,New England Patriots,17,10,Regular Season,1996
1996-09-08,Sun,Carolina Panthers,New Orleans Saints,22,20,Regular Season,1996
1996-09-08,Sun,Washington Redskins,Chicago Bears,10,3,Regular Season,1996
1996-09-08,Sun,Indianapolis Colts,New York Jets,21,7,Regular Season,1996
1996-09-08,Sun,Detroit Lions,Tampa Bay Buccaneers,21,6,Regular Season,1996
1996-09-08,Sun,Houston Oilers,Jacksonville Jaguars,34,27,Regular Season,1996
1996-09-08,Sun,Kansas City Chiefs,Oakland Raiders,19,3,Regular Season,1996
1996-09-08,Sun,Pittsburgh Steelers,Baltimore Ravens,31,17,Regular Season,1996
1996-09-08,Sun,San Diego Chargers,Cincinnati Bengals,27,14,Regular Season,1996
1996-09-08,Sun,Dallas Cowboys,New York Giants,27,0,Regular Season,1996
1996-09-08,Sun,Denver Broncos,Seattle Seahawks,30,20,Regular Season,1996
1996-09-08,Sun,San Francisco 49ers,St. Louis Rams,34,0,Regular Season,1996
1996-09-08,Sun,Miami Dolphins,Arizona Cardinals,38,10,Regular Season,1996
1996-09-09,Mon,Green Bay Packers,Philadelphia Eagles,39,13,Regular Season,1996
1996-09-15,Sun,Minnesota Vikings,Chicago Bears,20,14,Regular Season,1996
1996-09-15,Sun,Cincinnati Bengals,New Orleans Saints,30,15,Regular Season,1996
1996-09-15,Sun,New England Patriots,Arizona Cardinals,31,0,Regular Season,1996
1996-09-15,Sun,Philadelphia Eagles,Detroit Lions,24,17,Regular Season,1996
1996-09-15,Sun,Green Bay Packers,San Diego Chargers,42,10,Regular Season,1996
1996-09-15,Sun,Miami Dolphins,New York Jets,36,27,Regular Season,1996
1996-09-15,Sun,Houston Oilers,Baltimore Ravens,29,13,Regular Season,1996
1996-09-15,Sun,Indianapolis Colts,Dallas Cowboys,25,24,Regular Season,1996
1996-09-15,Sun,Oakland Raiders,Jacksonville Jaguars,17,3,Regular Season,1996
1996-09-15,Sun,Kansas City Chiefs,Seattle Seahawks,35,17,Regular Season,1996
1996-09-15,Sun,Washington Redskins,New York Giants,31,10,Regular Season,1996
1996-09-15,Sun,Denver Broncos,Tampa Bay Buccaneers,27,23,Regular Season,1996
1996-09-16,Mon,Pittsburgh Steelers,Buffalo Bills,24,6,Regular Season,1996
1996-09-22,Sun,Carolina Panthers,San Francisco 49ers,23,7,Regular Season,1996
1996-09-22,Sun,Washington Redskins,St. Louis Rams,17,10,Regular Season,1996
1996-09-22,Sun,Arizona Cardinals,New Orleans Saints,28,14,Regular Season,1996
1996-09-22,Sun,Kansas City Chiefs,Denver Broncos,17,14,Regular Season,1996
1996-09-22,Sun,Minnesota Vikings,Green Bay Packers,30,21,Regular Season,1996
1996-09-22,Sun,New England Patriots,Jacksonville Jaguars,28,25,Regular Season,1996
1996-09-22,Sun,New York Giants,New York Jets,13,6,Regular Season,1996
1996-09-22,Sun,Buffalo Bills,Dallas Cowboys,10,7,Regular Season,1996
1996-09-22,Sun,Detroit Lions,Chicago Bears,35,16,Regular Season,1996
1996-09-22,Sun,San Diego Chargers,Oakland Raiders,40,34,Regular Season,1996
1996-09-22,Sun,Seattle Seahawks,Tampa Bay Buccaneers,17,13,Regular Season,1996
1996-09-22,Sun,Philadelphia Eagles,Atlanta Falcons,33,18,Regular Season,1996
1996-09-23,Mon,Indianapolis Colts,Miami Dolphins,10,6,Regular Season,1996
1996-09-29,Sun,Jacksonville Jaguars,Carolina Panthers,24,14,Regular Season,1996
1996-09-29,Sun,Denver Broncos,Cincinnati Bengals,14,10,Regular Season,1996
1996-09-29,Sun,Pittsburgh Steelers,Houston Oilers,30,16,Regular Season,1996
1996-09-29,Sun,Chicago Bears,Oakland Raiders,19,17,Regular Season,1996
1996-09-29,Sun,Detroit Lions,Tampa Bay Buccaneers,27,0,Regular Season,1996
1996-09-29,Sun,New York Giants,Minnesota Vikings,15,10,Regular Season,1996
1996-09-29,Sun,Baltimore Ravens,New Orleans Saints,17,10,Regular Season,1996
1996-09-29,Sun,San Francisco 49ers,Atlanta Falcons,39,17,Regular Season,1996
1996-09-29,Sun,Arizona Cardinals,St. Louis Rams,31,28,Regular Season,1996
1996-09-29,Sun,Green Bay Packers,Seattle Seahawks,31,10,Regular Season,1996
1996-09-29,Sun,San Diego Chargers,Kansas City Chiefs,22,19,Regular Season,1996
1996-09-29,Sun,Washington Redskins,New York Jets,31,16,Regular Season,1996
1996-09-30,Mon,Dallas Cowboys,Philadelphia Eagles,23,19,Regular Season,1996
1996-10-06,Sun,Detroit Lions,Atlanta Falcons,28,24,Regular Season,1996
1996-10-06,Sun,Minnesota Vikings,Carolina Panthers,14,12,Regular Season,1996
1996-10-06,Sun,Seattle Seahawks,Miami Dolphins,22,15,Regular Season,1996
1996-10-06,Sun,New England Patriots,Baltimore Ravens,46,38,Regular Season,1996
1996-10-06,Sun,Green Bay Packers,Chicago Bears,37,6,Regular Season,1996
1996-10-06,Sun,Oakland Raiders,New York Jets,34,13,Regular Season,1996
1996-10-06,Sun,Buffalo Bills,Indianapolis Colts,16,13,Regular Season,1996
1996-10-06,Sun,San Francisco 49ers,St. Louis Rams,28,11,Regular Season,1996
1996-10-06,Sun,Denver Broncos,San Diego Chargers,28,17,Regular Season,1996
1996-10-06,Sun,New Orleans Saints,Jacksonville Jaguars,17,13,Regular Season,1996
1996-10-06,Sun,Houston Oilers,Cincinnati Bengals,30,27,Regular Season,1996
1996-10-07,Mon,Pittsburgh Steelers,Kansas City Chiefs,17,7,Regular Season,1996
1996-10-13,Sun,Houston Oilers,Atlanta Falcons,23,13,Regular Season,1996
1996-10-13,Sun,Miami Dolphins,Buffalo Bills,21,7,Regular Season,1996
1996-10-13,Sun,Carolina Panthers,St. Louis Rams,45,13,Regular Season,1996
1996-10-13,Sun,Pittsburgh Steelers,Cincinnati Bengals,20,10,Regular Season,1996
1996-10-13,Sun,Dallas Cowboys,Arizona Cardinals,17,3,Regular Season,1996
1996-10-13,Sun,Washington Redskins,New England Patriots,27,22,Regular Season,1996
1996-10-13,Sun,New Orleans Saints,Chicago Bears,27,24,Regular Season,1996
1996-10-13,Sun,Jacksonville Jaguars,New York Jets,21,17,Regular Season,1996
1996-10-13,Sun,Tampa Bay Buccaneers,Minnesota Vikings,24,13,Regular Season,1996
1996-10-13,Sun,Philadelphia Eagles,New York Giants,19,10,Regular Season,1996
1996-10-13,Sun,Oakland Raiders,Detroit Lions,37,21,Regular Season,1996
1996-10-13,Sun,Indianapolis Colts,Baltimore Ravens,26,21,Regular Season,1996
1996-10-14,Mon,Green Bay Packers,San Francisco 49ers,23,20,Regular Season,1996
1996-10-17,Thu,Kansas City Chiefs,Seattle Seahawks,34,16,Regular Season,1996
1996-10-20,Sun,Dallas Cowboys,Atlanta Falcons,32,28,Regular Season,1996
1996-10-20,Sun,Carolina Panthers,New Orleans Saints,19,7,Regular Season,1996
1996-10-20,Sun,New England Patriots,Indianapolis Colts,27,9,Regular Season,1996
1996-10-20,Sun,Philadelphia Eagles,Miami Dolphins,35,28,Regular Season,1996
1996-10-20,Sun,Washington Redskins,New York Giants,31,21,Regular Season,1996
1996-10-20,Sun,Buffalo Bills,New York Jets,25,22,Regular Season,1996
1996-10-20,Sun,San Francisco 49ers,Cincinnati Bengals,28,21,Regular Season,1996
1996-10-20,Sun,Arizona Cardinals,Tampa Bay Buccaneers,13,9,Regular Season,1996
1996-10-20,Sun,Denver Broncos,Baltimore Ravens,45,34,Regular Season,1996
1996-10-20,Sun,Houston Oilers,Pittsburgh Steelers,23,13,Regular Season,1996
1996-10-20,Sun,St. Louis Rams,Jacksonville Jaguars,17,14,Regular Season,1996
1996-10-21,Mon,Oakland Raiders,San Diego Chargers,23,14,Regular Season,1996
1996-10-27,Sun,Pittsburgh Steelers,Atlanta Falcons,20,17,Regular Season,1996
1996-10-27,Sun,Philadelphia Eagles,Carolina Panthers,20,9,Regular Season,1996
1996-10-27,Sun,Cincinnati Bengals,Jacksonville Jaguars,28,21,Regular Season,1996
1996-10-27,Sun,Washington Redskins,Indianapolis Colts,31,16,Regular Season,1996
1996-10-27,Sun,New York Giants,Detroit Lions,35,7,Regular Season,1996
1996-10-27,Sun,Green Bay Packers,Tampa Bay Buccaneers,13,7,Regular Season,1996
1996-10-27,Sun,San Francisco 49ers,Houston Oilers,10,9,Regular Season,1996
1996-10-27,Sun,Baltimore Ravens,St. Louis Rams,37,31,Regular Season,1996
1996-10-27,Sun,New York Jets,Arizona Cardinals,31,21,Regular Season,1996
1996-10-27,Sun,Dallas Cowboys,Miami Dolphins,29,10,Regular Season,1996
1996-10-27,Sun,Denver Broncos,Kansas City Chiefs,34,7,Regular Season,1996
1996-10-27,Sun,Seattle Seahawks,San Diego Chargers,32,13,Regular Season,1996
1996-10-27,Sun,New England Patriots,Buffalo Bills,28,25,Regular Season,1996
1996-10-28,Mon,Chicago Bears,Minnesota Vikings,15,13,Regular Season,1996
1996-11-03,Sun,Atlanta Falcons,Carolina Panthers,20,17,Regular Season,1996
1996-11-03,Sun,Chicago Bears,Tampa Bay Buccaneers,13,10,Regular Season,1996
1996-11-03,Sun,Cincinnati Bengals,Baltimore Ravens,24,21,Regular Season,1996
1996-11-03,Sun,San Diego Chargers,Indianapolis Colts,26,19,Regular Season,1996
1996-11-03,Sun,New York Giants,Arizona Cardinals,16,8,Regular Season,1996
1996-11-03,Sun,Philadelphia Eagles,Dallas Cowboys,31,21,Regular Season,1996
1996-11-03,Sun,Green Bay Packers,Detroit Lions,28,18,Regular Season,1996
1996-11-03,Sun,Pittsburgh Steelers,St. Louis Rams,42,6,Regular Season,1996
1996-11-03,Sun,Buffalo Bills,Washington Redskins,38,13,Regular Season,1996
1996-11-03,Sun,Kansas City Chiefs,Minnesota Vikings,21,6,Regular Season,1996
1996-11-03,Sun,New England Patriots,Miami Dolphins,42,23,Regular Season,1996
1996-11-03,Sun,Seattle Seahawks,Houston Oilers,23,16,Regular Season,1996
1996-11-03,Sun,San Francisco 49ers,New Orleans Saints,24,17,Regular Season,1996
1996-11-04,Mon,Denver Broncos,Oakland Raiders,22,21,Regular Season,1996
1996-11-10,Sun,St. Louis Rams,Atlanta Falcons,59,16,Regular Season,1996
1996-11-10,Sun,Buffalo Bills,Philadelphia Eagles,24,17,Regular Season,1996
1996-11-10,Sun,Cincinnati Bengals,Pittsburgh Steelers,34,24,Regular Season,1996
1996-11-10,Sun,Miami Dolphins,Indianapolis Colts,37,13,Regular Season,1996
1996-11-10,Sun,Arizona Cardinals,Washington Redskins,37,34,Regular Season,1996
1996-11-10,Sun,Kansas City Chiefs,Green Bay Packers,27,20,Regular Season,1996
1996-11-10,Sun,Houston Oilers,New Orleans Saints,31,14,Regular Season,1996
1996-11-10,Sun,New England Patriots,New York Jets,31,27,Regular Season,1996
1996-11-10,Sun,Tampa Bay Buccaneers,Oakland Raiders,20,17,Regular Season,1996
1996-11-10,Sun,Denver Broncos,Chicago Bears,17,12,Regular Season,1996
1996-11-10,Sun,Dallas Cowboys,San Francisco 49ers,20,17,Regular Season,1996
1996-11-10,Sun,Jacksonville Jaguars,Baltimore Ravens,30,27,Regular Season,1996
1996-11-10,Sun,Seattle Seahawks,Minnesota Vikings,42,23,Regular Season,1996
1996-11-10,Sun,Carolina Panthers,New York Giants,27,17,Regular Season,1996
1996-11-11,Mon,San Diego Chargers,Detroit Lions,27,21,Regular Season,1996
1996-11-17,Sun,Atlanta Falcons,New Orleans Saints,17,15,Regular Season,1996
1996-11-17,Sun,Buffalo Bills,Cincinnati Bengals,31,17,Regular Season,1996
1996-11-17,Sun,Carolina Panthers,St. Louis Rams,20,10,Regular Season,1996
1996-11-17,Sun,Kansas City Chiefs,Chicago Bears,14,10,Regular Season,1996
1996-11-17,Sun,Indianapolis Colts,New York Jets,34,29,Regular Season,1996
1996-11-17,Sun,Denver Broncos,New England Patriots,34,8,Regular Season,1996
1996-11-17,Sun,Detroit Lions,Seattle Seahawks,17,16,Regular Season,1996
1996-11-17,Sun,Pittsburgh Steelers,Jacksonville Jaguars,28,3,Regular Season,1996
1996-11-17,Sun,Washington Redskins,Philadelphia Eagles,26,21,Regular Season,1996
1996-11-17,Sun,Arizona Cardinals,New York Giants,31,23,Regular Season,1996
1996-11-17,Sun,Miami Dolphins,Houston Oilers,23,20,Regular Season,1996
1996-11-17,Sun,San Francisco 49ers,Baltimore Ravens,38,20,Regular Season,1996
1996-11-17,Sun,Tampa Bay Buccaneers,San Diego Chargers,25,17,Regular Season,1996
1996-11-17,Sun,Minnesota Vikings,Oakland Raiders,16,13,Regular Season,1996
1996-11-18,Mon,Dallas Cowboys,Green Bay Packers,21,6,Regular Season,1996
1996-11-24,Sun,Cincinnati Bengals,Atlanta Falcons,41,31,Regular Season,1996
1996-11-24,Sun,Buffalo Bills,New York Jets,35,10,Regular Season,1996
1996-11-24,Sun,Carolina Panthers,Houston Oilers,31,6,Regular Season,1996
1996-11-24,Sun,Chicago Bears,Detroit Lions,31,14,Regular Season,1996
1996-11-24,Sun,New England Patriots,Indianapolis Colts,27,13,Regular Season,1996
1996-11-24,Sun,Denver Broncos,Minnesota Vikings,21,17,Regular Season,1996
1996-11-24,Sun,Jacksonville Jaguars,Baltimore Ravens,28,25,Regular Season,1996
1996-11-24,Sun,San Diego Chargers,Kansas City Chiefs,28,14,Regular Season,1996
1996-11-24,Sun,Tampa Bay Buccaneers,New Orleans Saints,13,7,Regular Season,1996
1996-11-24,Sun,San Francisco 49ers,Washington Redskins,19,16,Regular Season,1996
1996-11-24,Sun,Arizona Cardinals,Philadelphia Eagles,36,30,Regular Season,1996
1996-11-24,Sun,New York Giants,Dallas Cowboys,20,6,Regular Season,1996
1996-11-24,Sun,Oakland Raiders,Seattle Seahawks,27,21,Regular Season,1996
1996-11-24,Sun,Green Bay Packers,St. Louis Rams,24,9,Regular Season,1996
1996-11-25,Mon,Pittsburgh Steelers,Miami Dolphins,24,17,Regular Season,1996
1996-11-28,Thu,Kansas City Chiefs,Detroit Lions,28,24,Regular Season,1996
1996-11-28,Thu,Dallas Cowboys,Washington Redskins,21,10,Regular Season,1996
1996-12-01,Sun,Indianapolis Colts,Buffalo Bills,13,10,Regular Season,1996
1996-12-01,Sun,Carolina Panthers,Tampa Bay Buccaneers,24,0,Regular Season,1996
1996-12-01,Sun,Green Bay Packers,Chicago Bears,28,17,Regular Season,1996
1996-12-01,Sun,Jacksonville Jaguars,Cincinnati Bengals,30,27,Regular Season,1996
1996-12-01,Sun,Minnesota Vikings,Arizona Cardinals,41,17,Regular Season,1996
1996-12-01,Sun,Philadelphia Eagles,New York Giants,24,0,Regular Season,1996
1996-12-01,Sun,Baltimore Ravens,Pittsburgh Steelers,31,17,Regular Season,1996
1996-12-01,Sun,Denver Broncos,Seattle Seahawks,34,7,Regular Season,1996
1996-12-01,Sun,Oakland Raiders,Miami Dolphins,17,7,Regular Season,1996
1996-12-01,Sun,St. Louis Rams,New Orleans Saints,26,10,Regular Season,1996
1996-12-01,Sun,Houston Oilers,New York Jets,35,10,Regular Season,1996
1996-12-01,Sun,New England Patriots,San Diego Chargers,45,7,Regular Season,1996
1996-12-02,Mon,San Francisco 49ers,Atlanta Falcons,34,10,Regular Season,1996
1996-12-05,Thu,Indianapolis Colts,Philadelphia Eagles,37,10,Regular Season,1996
1996-12-08,Sun,Atlanta Falcons,New Orleans Saints,31,15,Regular Season,1996
1996-12-08,Sun,Chicago Bears,St. Louis Rams,35,9,Regular Season,1996
1996-12-08,Sun,Cincinnati Bengals,Baltimore Ravens,21,14,Regular Season,1996
1996-12-08,Sun,Green Bay Packers,Denver Broncos,41,6,Regular Season,1996
1996-12-08,Sun,Jacksonville Jaguars,Houston Oilers,23,17,Regular Season,1996
1996-12-08,Sun,New York Giants,Miami Dolphins,17,7,Regular Season,1996
1996-12-08,Sun,Pittsburgh Steelers,San Diego Chargers,16,3,Regular Season,1996
1996-12-08,Sun,Tampa Bay Buccaneers,Washington Redskins,24,10,Regular Season,1996
1996-12-08,Sun,Seattle Seahawks,Buffalo Bills,26,18,Regular Season,1996
1996-12-08,Sun,Carolina Panthers,San Francisco 49ers,30,24,Regular Season,1996
1996-12-08,Sun,Dallas Cowboys,Arizona Cardinals,10,6,Regular Season,1996
1996-12-08,Sun,New England Patriots,New York Jets,34,10,Regular Season,1996
1996-12-08,Sun,Minnesota Vikings,Detroit Lions,24,22,Regular Season,1996
1996-12-09,Mon,Oakland Raiders,Kansas City Chiefs,26,7,Regular Season,1996
1996-12-14,Sat,Philadelphia Eagles,New York Jets,21,20,Regular Season,1996
1996-12-14,Sat,Chicago Bears,San Diego Chargers,27,14,Regular Season,1996
1996-12-15,Sun,St. Louis Rams,Atlanta Falcons,34,27,Regular Season,1996
1996-12-15,Sun,Carolina Panthers,Baltimore Ravens,27,16,Regular Season,1996
1996-12-15,Sun,Cincinnati Bengals,Houston Oilers,21,13,Regular Season,1996
1996-12-15,Sun,Dallas Cowboys,New England Patriots,12,6,Regular Season,1996
1996-12-15,Sun,Green Bay Packers,Detroit Lions,31,3,Regular Season,1996
1996-12-15,Sun,Minnesota Vikings,Tampa Bay Buccaneers,21,10,Regular Season,1996
1996-12-15,Sun,New Orleans Saints,New York Giants,17,3,Regular Season,1996
1996-12-15,Sun,San Francisco 49ers,Pittsburgh Steelers,25,15,Regular Season,1996
1996-12-15,Sun,Indianapolis Colts,Kansas City Chiefs,24,19,Regular Season,1996
1996-12-15,Sun,Arizona Cardinals,Washington Redskins,27,26,Regular Season,1996
1996-12-15,Sun,Denver Broncos,Oakland Raiders,24,19,Regular Season,1996
1996-12-15,Sun,Jacksonville Jaguars,Seattle Seahawks,20,13,Regular Season,1996
1996-12-16,Mon,Miami Dolphins,Buffalo Bills,16,14,Regular Season,1996
1996-12-21,Sat,New England Patriots,New York Giants,23,22,Regular Season,1996
1996-12-21,Sat,St. Louis Rams,New Orleans Saints,14,13,Regular Season,1996
1996-12-22,Sun,Jacksonville Jaguars,Atlanta Falcons,19,17,Regular Season,1996
1996-12-22,Sun,Buffalo Bills,Kansas City Chiefs,20,9,Regular Season,1996
1996-12-22,Sun,Carolina Panthers,Pittsburgh Steelers,18,14,Regular Season,1996
1996-12-22,Sun,Tampa Bay Buccaneers,Chicago Bears,34,19,Regular Season,1996
1996-12-22,Sun,Cincinnati Bengals,Indianapolis Colts,31,24,Regular Season,1996
1996-12-22,Sun,Philadelphia Eagles,Arizona Cardinals,29,19,Regular Season,1996
1996-12-22,Sun,Green Bay Packers,Minnesota Vikings,38,10,Regular Season,1996
1996-12-22,Sun,Miami Dolphins,New York Jets,31,28,Regular Season,1996
1996-12-22,Sun,Houston Oilers,Baltimore Ravens,24,21,Regular Season,1996
1996-12-22,Sun,Washington Redskins,Dallas Cowboys,37,10,Regular Season,1996
1996-12-22,Sun,Seattle Seahawks,Oakland Raiders,28,21,Regular Season,1996
1996-12-22,Sun,San Diego Chargers,Denver Broncos,16,10,Regular Season,1996
1996-12-23,Mon,San Francisco 49ers,Detroit Lions,24,14,Regular Season,1996
Playoffs,,,,,,Playoff,1996
1996-12-28,Sat,Jacksonville Jaguars,Buffalo Bills,30,27,Playoff,1996
1996-12-28,Sat,Dallas Cowboys,Minnesota Vikings,40,15,Playoff,1996
1996-12-29,Sun,Pittsburgh Steelers,Indianapolis Colts,42,14,Playoff,1996
1996-12-29,Sun,San Francisco 49ers,Philadelphia Eagles,14,0,Playoff,1996
1997-01-04,Sat,Green Bay Packers,San Francisco 49ers,35,14,Playoff,1996
1997-01-04,Sat,Jacksonville Jaguars,Denver Broncos,30,27,Playoff,1996
1997-01-05,Sun,New England Patriots,Pittsburgh Steelers,28,3,Playoff,1996
1997-01-05,Sun,Carolina Panthers,Dallas Cowboys,26,17,Playoff,1996
1997-01-12,Sun,Green Bay Packers,Carolina Panthers,30,13,Playoff,1996
1997-01-12,Sun,New England Patriots,Jacksonville Jaguars,20,6,Playoff,1996
1997-01-26,Sun,Green Bay Packers,New England Patriots,35,21,Playoff,1996
