Date,DOW,WT,LT,WTS,LTS,Type,Season
1997-08-31,Sun,Detroit Lions,Atlanta Falcons,28,17,Regular Season,1997
1997-08-31,Sun,Minnesota Vikings,Buffalo Bills,34,13,Regular Season,1997
1997-08-31,Sun,Cincinnati Bengals,Arizona Cardinals,24,21,Regular Season,1997
1997-08-31,Sun,Miami Dolphins,Indianapolis Colts,16,10,Regular Season,1997
1997-08-31,Sun,Dallas Cowboys,Pittsburgh Steelers,37,7,Regular Season,1997
1997-08-31,Sun,St. Louis Rams,New Orleans Saints,38,24,Regular Season,1997
1997-08-31,Sun,New England Patriots,San Diego Chargers,41,7,Regular Season,1997
1997-08-31,Sun,New York Giants,Philadelphia Eagles,31,17,Regular Season,1997
1997-08-31,Sun,Tennessee Oilers,Oakland Raiders,24,21,Regular Season,1997
1997-08-31,Sun,Denver Broncos,Kansas City Chiefs,19,3,Regular Season,1997
1997-08-31,Sun,Jacksonville Jaguars,Baltimore Ravens,28,27,Regular Season,1997
1997-08-31,Sun,New York Jets,Seattle Seahawks,41,3,Regular Season,1997
1997-08-31,Sun,Tampa Bay Buccaneers,San Francisco 49ers,13,6,Regular Season,1997
1997-08-31,Sun,Washington Redskins,Carolina Panthers,24,10,Regular Season,1997
1997-09-01,Mon,Green Bay Packers,Chicago Bears,38,24,Regular Season,1997
1997-09-07,Sun,Carolina Panthers,Atlanta Falcons,9,6,Regular Season,1997
1997-09-07,Sun,Buffalo Bills,New York Jets,28,22,Regular Season,1997
1997-09-07,Sun,Minnesota Vikings,Chicago Bears,27,24,Regular Season,1997
1997-09-07,Sun,Baltimore Ravens,Cincinnati Bengals,23,10,Regular Season,1997
1997-09-07,Sun,New England Patriots,Indianapolis Colts,31,6,Regular Season,1997
1997-09-07,Sun,Tampa Bay Buccaneers,Detroit Lions,24,17,Regular Season,1997
1997-09-07,Sun,Miami Dolphins,Tennessee Oilers,16,13,Regular Season,1997
1997-09-07,Sun,San Diego Chargers,New Orleans Saints,20,6,Regular Season,1997
1997-09-07,Sun,Pittsburgh Steelers,Washington Redskins,14,13,Regular Season,1997
1997-09-07,Sun,San Francisco 49ers,St. Louis Rams,15,12,Regular Season,1997
1997-09-07,Sun,Denver Broncos,Seattle Seahawks,35,14,Regular Season,1997
1997-09-07,Sun,Philadelphia Eagles,Green Bay Packers,10,9,Regular Season,1997
1997-09-07,Sun,Jacksonville Jaguars,New York Giants,40,13,Regular Season,1997
1997-09-07,Sun,Arizona Cardinals,Dallas Cowboys,25,22,Regular Season,1997
1997-09-08,Mon,Kansas City Chiefs,Oakland Raiders,28,27,Regular Season,1997
1997-09-14,Sun,Oakland Raiders,Atlanta Falcons,36,31,Regular Season,1997
1997-09-14,Sun,Kansas City Chiefs,Buffalo Bills,22,16,Regular Season,1997
1997-09-14,Sun,Detroit Lions,Chicago Bears,32,7,Regular Season,1997
1997-09-14,Sun,Washington Redskins,Arizona Cardinals,19,13,Regular Season,1997
1997-09-14,Sun,Green Bay Packers,Miami Dolphins,23,18,Regular Season,1997
1997-09-14,Sun,Tampa Bay Buccaneers,Minnesota Vikings,28,14,Regular Season,1997
1997-09-14,Sun,Baltimore Ravens,New York Giants,24,23,Regular Season,1997
1997-09-14,Sun,Carolina Panthers,San Diego Chargers,26,7,Regular Season,1997
1997-09-14,Sun,Seattle Seahawks,Indianapolis Colts,31,3,Regular Season,1997
1997-09-14,Sun,Denver Broncos,St. Louis Rams,35,14,Regular Season,1997
1997-09-14,Sun,San Francisco 49ers,New Orleans Saints,33,7,Regular Season,1997
1997-09-14,Sun,New England Patriots,New York Jets,27,24,Regular Season,1997
1997-09-15,Mon,Dallas Cowboys,Philadelphia Eagles,21,20,Regular Season,1997
1997-09-21,Sun,Baltimore Ravens,Tennessee Oilers,36,10,Regular Season,1997
1997-09-21,Sun,Kansas City Chiefs,Carolina Panthers,35,14,Regular Season,1997
1997-09-21,Sun,New England Patriots,Chicago Bears,31,3,Regular Season,1997
1997-09-21,Sun,New Orleans Saints,Detroit Lions,35,17,Regular Season,1997
1997-09-21,Sun,Green Bay Packers,Minnesota Vikings,38,32,Regular Season,1997
1997-09-21,Sun,New York Jets,Oakland Raiders,23,22,Regular Season,1997
1997-09-21,Sun,Denver Broncos,Cincinnati Bengals,38,20,Regular Season,1997
1997-09-21,Sun,San Francisco 49ers,Atlanta Falcons,34,7,Regular Season,1997
1997-09-21,Sun,Buffalo Bills,Indianapolis Colts,37,35,Regular Season,1997
1997-09-21,Sun,St. Louis Rams,New York Giants,13,3,Regular Season,1997
1997-09-21,Sun,Seattle Seahawks,San Diego Chargers,26,22,Regular Season,1997
1997-09-21,Sun,Tampa Bay Buccaneers,Miami Dolphins,31,21,Regular Season,1997
1997-09-22,Mon,Jacksonville Jaguars,Pittsburgh Steelers,30,21,Regular Season,1997
1997-09-28,Sun,Tampa Bay Buccaneers,Arizona Cardinals,19,18,Regular Season,1997
1997-09-28,Sun,Washington Redskins,Jacksonville Jaguars,24,12,Regular Season,1997
1997-09-28,Sun,Pittsburgh Steelers,Tennessee Oilers,37,24,Regular Season,1997
1997-09-28,Sun,Denver Broncos,Atlanta Falcons,29,21,Regular Season,1997
1997-09-28,Sun,Detroit Lions,Green Bay Packers,26,15,Regular Season,1997
1997-09-28,Sun,New York Giants,New Orleans Saints,14,9,Regular Season,1997
1997-09-28,Sun,New York Jets,Cincinnati Bengals,31,14,Regular Season,1997
1997-09-28,Sun,Dallas Cowboys,Chicago Bears,27,3,Regular Season,1997
1997-09-28,Sun,Kansas City Chiefs,Seattle Seahawks,20,17,Regular Season,1997
1997-09-28,Sun,Oakland Raiders,St. Louis Rams,35,17,Regular Season,1997
1997-09-28,Sun,San Diego Chargers,Baltimore Ravens,21,17,Regular Season,1997
1997-09-28,Sun,Minnesota Vikings,Philadelphia Eagles,28,19,Regular Season,1997
1997-09-29,Mon,San Francisco 49ers,Carolina Panthers,34,21,Regular Season,1997
1997-10-05,Sun,Buffalo Bills,Detroit Lions,22,13,Regular Season,1997
1997-10-05,Sun,Jacksonville Jaguars,Cincinnati Bengals,21,13,Regular Season,1997
1997-10-05,Sun,New York Giants,Dallas Cowboys,20,17,Regular Season,1997
1997-10-05,Sun,Philadelphia Eagles,Washington Redskins,24,10,Regular Season,1997
1997-10-05,Sun,Pittsburgh Steelers,Baltimore Ravens,42,34,Regular Season,1997
1997-10-05,Sun,Green Bay Packers,Tampa Bay Buccaneers,21,16,Regular Season,1997
1997-10-05,Sun,Miami Dolphins,Kansas City Chiefs,17,14,Regular Season,1997
1997-10-05,Sun,New York Jets,Indianapolis Colts,16,12,Regular Season,1997
1997-10-05,Sun,Minnesota Vikings,Arizona Cardinals,20,19,Regular Season,1997
1997-10-05,Sun,Seattle Seahawks,Tennessee Oilers,16,13,Regular Season,1997
1997-10-05,Sun,San Diego Chargers,Oakland Raiders,25,10,Regular Season,1997
1997-10-05,Sun,New Orleans Saints,Chicago Bears,20,17,Regular Season,1997
1997-10-06,Mon,Denver Broncos,New England Patriots,34,13,Regular Season,1997
1997-10-12,Sun,Atlanta Falcons,New Orleans Saints,23,17,Regular Season,1997
1997-10-12,Sun,New England Patriots,Buffalo Bills,33,6,Regular Season,1997
1997-10-12,Sun,Tennessee Oilers,Cincinnati Bengals,30,7,Regular Season,1997
1997-10-12,Sun,Jacksonville Jaguars,Philadelphia Eagles,38,21,Regular Season,1997
1997-10-12,Sun,Miami Dolphins,New York Jets,31,20,Regular Season,1997
1997-10-12,Sun,Green Bay Packers,Chicago Bears,24,23,Regular Season,1997
1997-10-12,Sun,Detroit Lions,Tampa Bay Buccaneers,27,9,Regular Season,1997
1997-10-12,Sun,Minnesota Vikings,Carolina Panthers,21,14,Regular Season,1997
1997-10-12,Sun,New York Giants,Arizona Cardinals,27,13,Regular Season,1997
1997-10-12,Sun,San Francisco 49ers,St. Louis Rams,30,10,Regular Season,1997
1997-10-12,Sun,Pittsburgh Steelers,Indianapolis Colts,24,22,Regular Season,1997
1997-10-13,Mon,Washington Redskins,Dallas Cowboys,21,16,Regular Season,1997
1997-10-16,Thu,Kansas City Chiefs,San Diego Chargers,31,3,Regular Season,1997
1997-10-19,Sun,San Francisco 49ers,Atlanta Falcons,35,28,Regular Season,1997
1997-10-19,Sun,Carolina Panthers,New Orleans Saints,13,0,Regular Season,1997
1997-10-19,Sun,Philadelphia Eagles,Arizona Cardinals,13,10,Regular Season,1997
1997-10-19,Sun,Dallas Cowboys,Jacksonville Jaguars,26,22,Regular Season,1997
1997-10-19,Sun,New York Jets,New England Patriots,24,19,Regular Season,1997
1997-10-19,Sun,Tennessee Oilers,Washington Redskins,28,14,Regular Season,1997
1997-10-19,Sun,Seattle Seahawks,St. Louis Rams,17,9,Regular Season,1997
1997-10-19,Sun,Pittsburgh Steelers,Cincinnati Bengals,26,10,Regular Season,1997
1997-10-19,Sun,Oakland Raiders,Denver Broncos,28,25,Regular Season,1997
1997-10-19,Sun,Miami Dolphins,Baltimore Ravens,24,13,Regular Season,1997
1997-10-19,Sun,New York Giants,Detroit Lions,26,20,Regular Season,1997
1997-10-20,Mon,Buffalo Bills,Indianapolis Colts,9,6,Regular Season,1997
1997-10-26,Sun,Denver Broncos,Buffalo Bills,23,20,Regular Season,1997
1997-10-26,Sun,New York Giants,Cincinnati Bengals,29,27,Regular Season,1997
1997-10-26,Sun,Philadelphia Eagles,Dallas Cowboys,13,12,Regular Season,1997
1997-10-26,Sun,Kansas City Chiefs,St. Louis Rams,28,20,Regular Season,1997
1997-10-26,Sun,Baltimore Ravens,Washington Redskins,20,17,Regular Season,1997
1997-10-26,Sun,San Francisco 49ers,New Orleans Saints,23,0,Regular Season,1997
1997-10-26,Sun,San Diego Chargers,Indianapolis Colts,35,19,Regular Season,1997
1997-10-26,Sun,Tennessee Oilers,Arizona Cardinals,41,14,Regular Season,1997
1997-10-26,Sun,Pittsburgh Steelers,Jacksonville Jaguars,23,17,Regular Season,1997
1997-10-26,Sun,Minnesota Vikings,Tampa Bay Buccaneers,10,6,Regular Season,1997
1997-10-26,Sun,Seattle Seahawks,Oakland Raiders,45,34,Regular Season,1997
1997-10-26,Sun,Carolina Panthers,Atlanta Falcons,21,12,Regular Season,1997
1997-10-27,Mon,Chicago Bears,Miami Dolphins,36,33,Regular Season,1997
1997-10-27,Mon,Green Bay Packers,New England Patriots,28,10,Regular Season,1997
1997-11-02,Sun,Atlanta Falcons,St. Louis Rams,34,31,Regular Season,1997
1997-11-02,Sun,Buffalo Bills,Miami Dolphins,9,6,Regular Season,1997
1997-11-02,Sun,Carolina Panthers,Oakland Raiders,38,14,Regular Season,1997
1997-11-02,Sun,Washington Redskins,Chicago Bears,31,8,Regular Season,1997
1997-11-02,Sun,Cincinnati Bengals,San Diego Chargers,38,31,Regular Season,1997
1997-11-02,Sun,Tampa Bay Buccaneers,Indianapolis Colts,31,28,Regular Season,1997
1997-11-02,Sun,Minnesota Vikings,New England Patriots,23,18,Regular Season,1997
1997-11-02,Sun,New York Jets,Baltimore Ravens,19,16,Regular Season,1997
1997-11-02,Sun,Arizona Cardinals,Philadelphia Eagles,31,21,Regular Season,1997
1997-11-02,Sun,San Francisco 49ers,Dallas Cowboys,17,10,Regular Season,1997
1997-11-02,Sun,Denver Broncos,Seattle Seahawks,30,27,Regular Season,1997
1997-11-02,Sun,Jacksonville Jaguars,Tennessee Oilers,30,24,Regular Season,1997
1997-11-02,Sun,Green Bay Packers,Detroit Lions,20,10,Regular Season,1997
1997-11-03,Mon,Kansas City Chiefs,Pittsburgh Steelers,13,10,Regular Season,1997
1997-11-09,Sun,Tampa Bay Buccaneers,Atlanta Falcons,31,10,Regular Season,1997
1997-11-09,Sun,Minnesota Vikings,Chicago Bears,29,22,Regular Season,1997
1997-11-09,Sun,Cincinnati Bengals,Indianapolis Colts,28,13,Regular Season,1997
1997-11-09,Sun,Dallas Cowboys,Arizona Cardinals,24,6,Regular Season,1997
1997-11-09,Sun,Washington Redskins,Detroit Lions,30,7,Regular Season,1997
1997-11-09,Sun,Green Bay Packers,St. Louis Rams,17,7,Regular Season,1997
1997-11-09,Sun,Jacksonville Jaguars,Kansas City Chiefs,24,10,Regular Season,1997
1997-11-09,Sun,Miami Dolphins,New York Jets,24,17,Regular Season,1997
1997-11-09,Sun,New England Patriots,Buffalo Bills,31,10,Regular Season,1997
1997-11-09,Sun,Denver Broncos,Carolina Panthers,34,0,Regular Season,1997
1997-11-09,Sun,New Orleans Saints,Oakland Raiders,13,10,Regular Season,1997
1997-11-09,Sun,Tennessee Oilers,New York Giants,10,6,Regular Season,1997
1997-11-09,Sun,Seattle Seahawks,San Diego Chargers,37,31,Regular Season,1997
1997-11-09,Sun,Pittsburgh Steelers,Baltimore Ravens,37,0,Regular Season,1997
1997-11-10,Mon,San Francisco 49ers,Philadelphia Eagles,24,12,Regular Season,1997
1997-11-16,Sun,Atlanta Falcons,St. Louis Rams,27,21,Regular Season,1997
1997-11-16,Sun,Pittsburgh Steelers,Cincinnati Bengals,20,3,Regular Season,1997
1997-11-16,Sun,Indianapolis Colts,Green Bay Packers,41,38,Regular Season,1997
1997-11-16,Sun,New York Giants,Arizona Cardinals,19,10,Regular Season,1997
1997-11-16,Sun,Kansas City Chiefs,Denver Broncos,24,22,Regular Season,1997
1997-11-16,Sun,Detroit Lions,Minnesota Vikings,38,15,Regular Season,1997
1997-11-16,Sun,Jacksonville Jaguars,Tennessee Oilers,17,9,Regular Season,1997
1997-11-16,Sun,New Orleans Saints,Seattle Seahawks,20,17,Regular Season,1997
1997-11-16,Sun,Tampa Bay Buccaneers,New England Patriots,27,7,Regular Season,1997
1997-11-16,Sun,Baltimore Ravens,Philadelphia Eagles,10,10,Regular Season,1997
1997-11-16,Sun,San Francisco 49ers,Carolina Panthers,27,19,Regular Season,1997
1997-11-16,Sun,New York Jets,Chicago Bears,23,15,Regular Season,1997
1997-11-16,Sun,Dallas Cowboys,Washington Redskins,17,14,Regular Season,1997
1997-11-16,Sun,Oakland Raiders,San Diego Chargers,38,13,Regular Season,1997
1997-11-17,Mon,Miami Dolphins,Buffalo Bills,30,13,Regular Season,1997
1997-11-23,Sun,Atlanta Falcons,New Orleans Saints,20,3,Regular Season,1997
1997-11-23,Sun,Tennessee Oilers,Buffalo Bills,31,14,Regular Season,1997
1997-11-23,Sun,Chicago Bears,Tampa Bay Buccaneers,13,7,Regular Season,1997
1997-11-23,Sun,Detroit Lions,Indianapolis Colts,32,10,Regular Season,1997
1997-11-23,Sun,Arizona Cardinals,Baltimore Ravens,16,13,Regular Season,1997
1997-11-23,Sun,Green Bay Packers,Dallas Cowboys,45,17,Regular Season,1997
1997-11-23,Sun,New England Patriots,Miami Dolphins,27,24,Regular Season,1997
1997-11-23,Sun,New York Jets,Minnesota Vikings,23,21,Regular Season,1997
1997-11-23,Sun,Philadelphia Eagles,Pittsburgh Steelers,23,20,Regular Season,1997
1997-11-23,Sun,Carolina Panthers,St. Louis Rams,16,10,Regular Season,1997
1997-11-23,Sun,Cincinnati Bengals,Jacksonville Jaguars,31,26,Regular Season,1997
1997-11-23,Sun,Kansas City Chiefs,Seattle Seahawks,19,14,Regular Season,1997
1997-11-23,Sun,San Francisco 49ers,San Diego Chargers,17,10,Regular Season,1997
1997-11-23,Sun,Washington Redskins,New York Giants,7,7,Regular Season,1997
1997-11-24,Mon,Denver Broncos,Oakland Raiders,31,3,Regular Season,1997
1997-11-27,Thu,Detroit Lions,Chicago Bears,55,20,Regular Season,1997
1997-11-27,Thu,Tennessee Oilers,Dallas Cowboys,27,14,Regular Season,1997
1997-11-30,Sun,Buffalo Bills,New York Jets,20,10,Regular Season,1997
1997-11-30,Sun,New Orleans Saints,Carolina Panthers,16,13,Regular Season,1997
1997-11-30,Sun,Philadelphia Eagles,Cincinnati Bengals,44,42,Regular Season,1997
1997-11-30,Sun,New England Patriots,Indianapolis Colts,20,17,Regular Season,1997
1997-11-30,Sun,Jacksonville Jaguars,Baltimore Ravens,29,27,Regular Season,1997
1997-11-30,Sun,Kansas City Chiefs,San Francisco 49ers,44,9,Regular Season,1997
1997-11-30,Sun,St. Louis Rams,Washington Redskins,23,20,Regular Season,1997
1997-11-30,Sun,Atlanta Falcons,Seattle Seahawks,24,17,Regular Season,1997
1997-11-30,Sun,Pittsburgh Steelers,Arizona Cardinals,26,20,Regular Season,1997
1997-11-30,Sun,Miami Dolphins,Oakland Raiders,34,16,Regular Season,1997
1997-11-30,Sun,Tampa Bay Buccaneers,New York Giants,20,8,Regular Season,1997
1997-11-30,Sun,Denver Broncos,San Diego Chargers,38,28,Regular Season,1997
1997-12-01,Mon,Green Bay Packers,Minnesota Vikings,27,11,Regular Season,1997
1997-12-04,Thu,Cincinnati Bengals,Tennessee Oilers,41,14,Regular Season,1997
1997-12-07,Sun,Chicago Bears,Buffalo Bills,20,3,Regular Season,1997
1997-12-07,Sun,Pittsburgh Steelers,Denver Broncos,35,24,Regular Season,1997
1997-12-07,Sun,Green Bay Packers,Tampa Bay Buccaneers,17,6,Regular Season,1997
1997-12-07,Sun,New England Patriots,Jacksonville Jaguars,26,20,Regular Season,1997
1997-12-07,Sun,Kansas City Chiefs,Oakland Raiders,30,0,Regular Season,1997
1997-12-07,Sun,St. Louis Rams,New Orleans Saints,34,27,Regular Season,1997
1997-12-07,Sun,New York Giants,Philadelphia Eagles,31,21,Regular Season,1997
1997-12-07,Sun,Baltimore Ravens,Seattle Seahawks,31,24,Regular Season,1997
1997-12-07,Sun,Atlanta Falcons,San Diego Chargers,14,3,Regular Season,1997
1997-12-07,Sun,Indianapolis Colts,New York Jets,22,14,Regular Season,1997
1997-12-07,Sun,Washington Redskins,Arizona Cardinals,38,28,Regular Season,1997
1997-12-07,Sun,San Francisco 49ers,Minnesota Vikings,28,17,Regular Season,1997
1997-12-07,Sun,Miami Dolphins,Detroit Lions,33,30,Regular Season,1997
1997-12-08,Mon,Carolina Panthers,Dallas Cowboys,23,13,Regular Season,1997
1997-12-13,Sat,New York Giants,Washington Redskins,30,10,Regular Season,1997
1997-12-13,Sat,Pittsburgh Steelers,New England Patriots,24,21,Regular Season,1997
1997-12-14,Sun,Atlanta Falcons,Philadelphia Eagles,20,17,Regular Season,1997
1997-12-14,Sun,Jacksonville Jaguars,Buffalo Bills,20,14,Regular Season,1997
1997-12-14,Sun,Cincinnati Bengals,Dallas Cowboys,31,24,Regular Season,1997
1997-12-14,Sun,Indianapolis Colts,Miami Dolphins,41,0,Regular Season,1997
1997-12-14,Sun,Detroit Lions,Minnesota Vikings,14,13,Regular Season,1997
1997-12-14,Sun,New York Jets,Tampa Bay Buccaneers,31,0,Regular Season,1997
1997-12-14,Sun,Baltimore Ravens,Tennessee Oilers,21,19,Regular Season,1997
1997-12-14,Sun,Green Bay Packers,Carolina Panthers,31,10,Regular Season,1997
1997-12-14,Sun,New Orleans Saints,Arizona Cardinals,27,10,Regular Season,1997
1997-12-14,Sun,Kansas City Chiefs,San Diego Chargers,29,7,Regular Season,1997
1997-12-14,Sun,Seattle Seahawks,Oakland Raiders,22,21,Regular Season,1997
1997-12-14,Sun,Chicago Bears,St. Louis Rams,13,10,Regular Season,1997
1997-12-15,Mon,San Francisco 49ers,Denver Broncos,34,17,Regular Season,1997
1997-12-20,Sat,Green Bay Packers,Buffalo Bills,31,21,Regular Season,1997
1997-12-20,Sat,St. Louis Rams,Carolina Panthers,30,18,Regular Season,1997
1997-12-21,Sun,Tampa Bay Buccaneers,Chicago Bears,31,15,Regular Season,1997
1997-12-21,Sun,Cincinnati Bengals,Baltimore Ravens,16,14,Regular Season,1997
1997-12-21,Sun,Minnesota Vikings,Indianapolis Colts,39,28,Regular Season,1997
1997-12-21,Sun,New York Giants,Dallas Cowboys,20,7,Regular Season,1997
1997-12-21,Sun,Kansas City Chiefs,New Orleans Saints,25,13,Regular Season,1997
1997-12-21,Sun,Tennessee Oilers,Pittsburgh Steelers,16,6,Regular Season,1997
1997-12-21,Sun,Washington Redskins,Philadelphia Eagles,35,32,Regular Season,1997
1997-12-21,Sun,Arizona Cardinals,Atlanta Falcons,29,26,Regular Season,1997
1997-12-21,Sun,Denver Broncos,San Diego Chargers,38,3,Regular Season,1997
1997-12-21,Sun,Detroit Lions,New York Jets,13,10,Regular Season,1997
1997-12-21,Sun,Jacksonville Jaguars,Oakland Raiders,20,9,Regular Season,1997
1997-12-21,Sun,Seattle Seahawks,San Francisco 49ers,38,9,Regular Season,1997
1997-12-22,Mon,New England Patriots,Miami Dolphins,14,12,Regular Season,1997
Playoffs,,,,,,Playoff,1997
1997-12-27,Sat,Minnesota Vikings,New York Giants,23,22,Playoff,1997
1997-12-27,Sat,Denver Broncos,Jacksonville Jaguars,42,17,Playoff,1997
1997-12-28,Sun,New England Patriots,Miami Dolphins,17,3,Playoff,1997
1997-12-28,Sun,Tampa Bay Buccaneers,Detroit Lions,20,10,Playoff,1997
1998-01-03,Sat,Pittsburgh Steelers,New England Patriots,7,6,Playoff,1997
1998-01-03,Sat,San Francisco 49ers,Minnesota Vikings,38,22,Playoff,1997
1998-01-04,Sun,Green Bay Packers,Tampa Bay Buccaneers,21,7,Playoff,1997
1998-01-04,Sun,Denver Broncos,Kansas City Chiefs,14,10,Playoff,1997
1998-01-11,Sun,Denver Broncos,Pittsburgh Steelers,24,21,Playoff,1997
1998-01-11,Sun,Green Bay Packers,San Francisco 49ers,23,10,Playoff,1997
1998-01-25,Sun,Denver Broncos,Green Bay Packers,31,24,Playoff,1997
