Date,DOW,WT,LT,WTS,LTS,Type,Season
1998-09-06,Sun,Atlanta Falcons,Carolina Panthers,19,14,Regular Season,1998
1998-09-06,Sun,Jacksonville Jaguars,Chicago Bears,24,23,Regular Season,1998
1998-09-06,Sun,Tennessee Oilers,Cincinnati Bengals,23,14,Regular Season,1998
1998-09-06,Sun,Green Bay Packers,Detroit Lions,38,19,Regular Season,1998
1998-09-06,Sun,Minnesota Vikings,Tampa Bay Buccaneers,31,7,Regular Season,1998
1998-09-06,Sun,New Orleans Saints,St. Louis Rams,24,17,Regular Season,1998
1998-09-06,Sun,New York Giants,Washington Redskins,31,24,Regular Season,1998
1998-09-06,Sun,Seattle Seahawks,Philadelphia Eagles,38,0,Regular Season,1998
1998-09-06,Sun,Pittsburgh Steelers,Baltimore Ravens,20,13,Regular Season,1998
1998-09-06,Sun,Dallas Cowboys,Arizona Cardinals,38,10,Regular Season,1998
1998-09-06,Sun,San Diego Chargers,Buffalo Bills,16,14,Regular Season,1998
1998-09-06,Sun,Miami Dolphins,Indianapolis Colts,24,15,Regular Season,1998
1998-09-06,Sun,San Francisco 49ers,New York Jets,36,30,Regular Season,1998
1998-09-06,Sun,Kansas City Chiefs,Oakland Raiders,28,8,Regular Season,1998
1998-09-07,Mon,Denver Broncos,New England Patriots,27,21,Regular Season,1998
1998-09-13,Sun,Atlanta Falcons,Philadelphia Eagles,17,12,Regular Season,1998
1998-09-13,Sun,Miami Dolphins,Buffalo Bills,13,7,Regular Season,1998
1998-09-13,Sun,New Orleans Saints,Carolina Panthers,19,14,Regular Season,1998
1998-09-13,Sun,Pittsburgh Steelers,Chicago Bears,17,12,Regular Season,1998
1998-09-13,Sun,Cincinnati Bengals,Detroit Lions,34,28,Regular Season,1998
1998-09-13,Sun,Green Bay Packers,Tampa Bay Buccaneers,23,15,Regular Season,1998
1998-09-13,Sun,Jacksonville Jaguars,Kansas City Chiefs,21,16,Regular Season,1998
1998-09-13,Sun,Minnesota Vikings,St. Louis Rams,38,31,Regular Season,1998
1998-09-13,Sun,Baltimore Ravens,New York Jets,24,10,Regular Season,1998
1998-09-13,Sun,San Diego Chargers,Tennessee Oilers,13,7,Regular Season,1998
1998-09-13,Sun,Seattle Seahawks,Arizona Cardinals,33,14,Regular Season,1998
1998-09-13,Sun,Denver Broncos,Dallas Cowboys,42,23,Regular Season,1998
1998-09-13,Sun,Oakland Raiders,New York Giants,20,17,Regular Season,1998
1998-09-13,Sun,New England Patriots,Indianapolis Colts,29,6,Regular Season,1998
1998-09-14,Mon,San Francisco 49ers,Washington Redskins,45,10,Regular Season,1998
1998-09-20,Sun,St. Louis Rams,Buffalo Bills,34,33,Regular Season,1998
1998-09-20,Sun,Green Bay Packers,Cincinnati Bengals,13,6,Regular Season,1998
1998-09-20,Sun,New York Jets,Indianapolis Colts,44,6,Regular Season,1998
1998-09-20,Sun,Minnesota Vikings,Detroit Lions,29,6,Regular Season,1998
1998-09-20,Sun,Kansas City Chiefs,San Diego Chargers,23,7,Regular Season,1998
1998-09-20,Sun,Miami Dolphins,Pittsburgh Steelers,21,0,Regular Season,1998
1998-09-20,Sun,New England Patriots,Tennessee Oilers,27,16,Regular Season,1998
1998-09-20,Sun,Tampa Bay Buccaneers,Chicago Bears,27,15,Regular Season,1998
1998-09-20,Sun,Seattle Seahawks,Washington Redskins,24,14,Regular Season,1998
1998-09-20,Sun,Denver Broncos,Oakland Raiders,34,17,Regular Season,1998
1998-09-20,Sun,Jacksonville Jaguars,Baltimore Ravens,24,10,Regular Season,1998
1998-09-20,Sun,Arizona Cardinals,Philadelphia Eagles,17,3,Regular Season,1998
1998-09-21,Mon,Dallas Cowboys,New York Giants,31,7,Regular Season,1998
1998-09-27,Sun,Green Bay Packers,Carolina Panthers,37,30,Regular Season,1998
1998-09-27,Sun,New Orleans Saints,Indianapolis Colts,19,13,Regular Season,1998
1998-09-27,Sun,Arizona Cardinals,St. Louis Rams,20,17,Regular Season,1998
1998-09-27,Sun,Oakland Raiders,Dallas Cowboys,13,12,Regular Season,1998
1998-09-27,Sun,Denver Broncos,Washington Redskins,38,16,Regular Season,1998
1998-09-27,Sun,Jacksonville Jaguars,Tennessee Oilers,27,22,Regular Season,1998
1998-09-27,Sun,Kansas City Chiefs,Philadelphia Eagles,24,21,Regular Season,1998
1998-09-27,Sun,Pittsburgh Steelers,Seattle Seahawks,13,10,Regular Season,1998
1998-09-27,Sun,San Francisco 49ers,Atlanta Falcons,31,20,Regular Season,1998
1998-09-27,Sun,Minnesota Vikings,Chicago Bears,31,28,Regular Season,1998
1998-09-27,Sun,New York Giants,San Diego Chargers,34,16,Regular Season,1998
1998-09-27,Sun,Baltimore Ravens,Cincinnati Bengals,31,24,Regular Season,1998
1998-09-28,Mon,Detroit Lions,Tampa Bay Buccaneers,27,6,Regular Season,1998
1998-10-04,Sun,Atlanta Falcons,Carolina Panthers,51,23,Regular Season,1998
1998-10-04,Sun,Buffalo Bills,San Francisco 49ers,26,21,Regular Season,1998
1998-10-04,Sun,New York Jets,Miami Dolphins,20,9,Regular Season,1998
1998-10-04,Sun,New England Patriots,New Orleans Saints,30,27,Regular Season,1998
1998-10-04,Sun,Chicago Bears,Detroit Lions,31,27,Regular Season,1998
1998-10-04,Sun,Indianapolis Colts,San Diego Chargers,17,12,Regular Season,1998
1998-10-04,Sun,Dallas Cowboys,Washington Redskins,31,10,Regular Season,1998
1998-10-04,Sun,Oakland Raiders,Arizona Cardinals,23,20,Regular Season,1998
1998-10-04,Sun,Denver Broncos,Philadelphia Eagles,41,16,Regular Season,1998
1998-10-04,Sun,Tampa Bay Buccaneers,New York Giants,20,3,Regular Season,1998
1998-10-04,Sun,Kansas City Chiefs,Seattle Seahawks,17,6,Regular Season,1998
1998-10-05,Mon,Minnesota Vikings,Green Bay Packers,37,24,Regular Season,1998
1998-10-11,Sun,Buffalo Bills,Indianapolis Colts,31,24,Regular Season,1998
1998-10-11,Sun,Dallas Cowboys,Carolina Panthers,27,20,Regular Season,1998
1998-10-11,Sun,Cincinnati Bengals,Pittsburgh Steelers,25,20,Regular Season,1998
1998-10-11,Sun,San Francisco 49ers,New Orleans Saints,31,0,Regular Season,1998
1998-10-11,Sun,Tennessee Oilers,Baltimore Ravens,12,8,Regular Season,1998
1998-10-11,Sun,New England Patriots,Kansas City Chiefs,40,10,Regular Season,1998
1998-10-11,Sun,Philadelphia Eagles,Washington Redskins,17,12,Regular Season,1998
1998-10-11,Sun,Arizona Cardinals,Chicago Bears,20,7,Regular Season,1998
1998-10-11,Sun,St. Louis Rams,New York Jets,30,10,Regular Season,1998
1998-10-11,Sun,Denver Broncos,Seattle Seahawks,21,16,Regular Season,1998
1998-10-11,Sun,Oakland Raiders,San Diego Chargers,7,6,Regular Season,1998
1998-10-11,Sun,Atlanta Falcons,New York Giants,34,20,Regular Season,1998
1998-10-12,Mon,Jacksonville Jaguars,Miami Dolphins,28,21,Regular Season,1998
1998-10-15,Thu,Detroit Lions,Green Bay Packers,27,20,Regular Season,1998
1998-10-18,Sun,Atlanta Falcons,New Orleans Saints,31,23,Regular Season,1998
1998-10-18,Sun,Buffalo Bills,Jacksonville Jaguars,17,16,Regular Season,1998
1998-10-18,Sun,Tampa Bay Buccaneers,Carolina Panthers,16,13,Regular Season,1998
1998-10-18,Sun,Tennessee Oilers,Cincinnati Bengals,44,14,Regular Season,1998
1998-10-18,Sun,Minnesota Vikings,Washington Redskins,41,7,Regular Season,1998
1998-10-18,Sun,Pittsburgh Steelers,Baltimore Ravens,16,6,Regular Season,1998
1998-10-18,Sun,New York Giants,Arizona Cardinals,34,7,Regular Season,1998
1998-10-18,Sun,San Francisco 49ers,Indianapolis Colts,34,31,Regular Season,1998
1998-10-18,Sun,Miami Dolphins,St. Louis Rams,14,0,Regular Season,1998
1998-10-18,Sun,Chicago Bears,Dallas Cowboys,13,12,Regular Season,1998
1998-10-18,Sun,San Diego Chargers,Philadelphia Eagles,13,10,Regular Season,1998
1998-10-19,Mon,New York Jets,New England Patriots,24,14,Regular Season,1998
1998-10-25,Sun,New York Jets,Atlanta Falcons,28,3,Regular Season,1998
1998-10-25,Sun,Minnesota Vikings,Detroit Lions,34,13,Regular Season,1998
1998-10-25,Sun,Green Bay Packers,Baltimore Ravens,28,10,Regular Season,1998
1998-10-25,Sun,Miami Dolphins,New England Patriots,12,9,Regular Season,1998
1998-10-25,Sun,New Orleans Saints,Tampa Bay Buccaneers,9,3,Regular Season,1998
1998-10-25,Sun,San Francisco 49ers,St. Louis Rams,28,10,Regular Season,1998
1998-10-25,Sun,Chicago Bears,Tennessee Oilers,23,20,Regular Season,1998
1998-10-25,Sun,Oakland Raiders,Cincinnati Bengals,27,10,Regular Season,1998
1998-10-25,Sun,Denver Broncos,Jacksonville Jaguars,37,24,Regular Season,1998
1998-10-25,Sun,Seattle Seahawks,San Diego Chargers,27,20,Regular Season,1998
1998-10-25,Sun,Buffalo Bills,Carolina Panthers,30,14,Regular Season,1998
1998-10-26,Mon,Pittsburgh Steelers,Kansas City Chiefs,20,13,Regular Season,1998
1998-11-01,Sun,Atlanta Falcons,St. Louis Rams,37,15,Regular Season,1998
1998-11-01,Sun,Buffalo Bills,Miami Dolphins,30,24,Regular Season,1998
1998-11-01,Sun,Carolina Panthers,New Orleans Saints,31,17,Regular Season,1998
1998-11-01,Sun,Denver Broncos,Cincinnati Bengals,33,26,Regular Season,1998
1998-11-01,Sun,New England Patriots,Indianapolis Colts,21,16,Regular Season,1998
1998-11-01,Sun,Arizona Cardinals,Detroit Lions,17,15,Regular Season,1998
1998-11-01,Sun,Jacksonville Jaguars,Baltimore Ravens,45,19,Regular Season,1998
1998-11-01,Sun,Tampa Bay Buccaneers,Minnesota Vikings,27,24,Regular Season,1998
1998-11-01,Sun,Washington Redskins,New York Giants,21,14,Regular Season,1998
1998-11-01,Sun,Tennessee Oilers,Pittsburgh Steelers,41,31,Regular Season,1998
1998-11-01,Sun,New York Jets,Kansas City Chiefs,20,17,Regular Season,1998
1998-11-01,Sun,Green Bay Packers,San Francisco 49ers,36,22,Regular Season,1998
1998-11-01,Sun,Oakland Raiders,Seattle Seahawks,31,18,Regular Season,1998
1998-11-02,Mon,Dallas Cowboys,Philadelphia Eagles,34,0,Regular Season,1998
1998-11-08,Sun,Atlanta Falcons,New England Patriots,41,10,Regular Season,1998
1998-11-08,Sun,St. Louis Rams,Chicago Bears,20,12,Regular Season,1998
1998-11-08,Sun,Jacksonville Jaguars,Cincinnati Bengals,24,11,Regular Season,1998
1998-11-08,Sun,Miami Dolphins,Indianapolis Colts,27,14,Regular Season,1998
1998-11-08,Sun,Dallas Cowboys,New York Giants,16,6,Regular Season,1998
1998-11-08,Sun,Philadelphia Eagles,Detroit Lions,10,9,Regular Season,1998
1998-11-08,Sun,Minnesota Vikings,New Orleans Saints,31,24,Regular Season,1998
1998-11-08,Sun,Baltimore Ravens,Oakland Raiders,13,10,Regular Season,1998
1998-11-08,Sun,San Francisco 49ers,Carolina Panthers,25,23,Regular Season,1998
1998-11-08,Sun,Arizona Cardinals,Washington Redskins,29,27,Regular Season,1998
1998-11-08,Sun,New York Jets,Buffalo Bills,34,12,Regular Season,1998
1998-11-08,Sun,Denver Broncos,San Diego Chargers,27,10,Regular Season,1998
1998-11-08,Sun,Seattle Seahawks,Kansas City Chiefs,24,12,Regular Season,1998
1998-11-08,Sun,Tennessee Oilers,Tampa Bay Buccaneers,31,22,Regular Season,1998
1998-11-09,Mon,Pittsburgh Steelers,Green Bay Packers,27,20,Regular Season,1998
1998-11-15,Sun,Atlanta Falcons,San Francisco 49ers,31,19,Regular Season,1998
1998-11-15,Sun,Buffalo Bills,New England Patriots,13,10,Regular Season,1998
1998-11-15,Sun,Miami Dolphins,Carolina Panthers,13,9,Regular Season,1998
1998-11-15,Sun,Minnesota Vikings,Cincinnati Bengals,24,3,Regular Season,1998
1998-11-15,Sun,Indianapolis Colts,New York Jets,24,23,Regular Season,1998
1998-11-15,Sun,New Orleans Saints,St. Louis Rams,24,3,Regular Season,1998
1998-11-15,Sun,Tennessee Oilers,Pittsburgh Steelers,23,14,Regular Season,1998
1998-11-15,Sun,Washington Redskins,Philadelphia Eagles,28,3,Regular Season,1998
1998-11-15,Sun,Oakland Raiders,Seattle Seahawks,20,17,Regular Season,1998
1998-11-15,Sun,San Diego Chargers,Baltimore Ravens,14,13,Regular Season,1998
1998-11-15,Sun,Dallas Cowboys,Arizona Cardinals,35,28,Regular Season,1998
1998-11-15,Sun,Green Bay Packers,New York Giants,37,3,Regular Season,1998
1998-11-15,Sun,Jacksonville Jaguars,Tampa Bay Buccaneers,29,24,Regular Season,1998
1998-11-15,Sun,Detroit Lions,Chicago Bears,26,3,Regular Season,1998
1998-11-16,Mon,Denver Broncos,Kansas City Chiefs,30,7,Regular Season,1998
1998-11-22,Sun,Atlanta Falcons,Chicago Bears,20,13,Regular Season,1998
1998-11-22,Sun,Buffalo Bills,Indianapolis Colts,34,11,Regular Season,1998
1998-11-22,Sun,Dallas Cowboys,Seattle Seahawks,30,22,Regular Season,1998
1998-11-22,Sun,Detroit Lions,Tampa Bay Buccaneers,28,25,Regular Season,1998
1998-11-22,Sun,Minnesota Vikings,Green Bay Packers,28,14,Regular Season,1998
1998-11-22,Sun,Pittsburgh Steelers,Jacksonville Jaguars,30,15,Regular Season,1998
1998-11-22,Sun,New York Giants,Philadelphia Eagles,20,0,Regular Season,1998
1998-11-22,Sun,Arizona Cardinals,Washington Redskins,45,42,Regular Season,1998
1998-11-22,Sun,Carolina Panthers,St. Louis Rams,24,20,Regular Season,1998
1998-11-22,Sun,Baltimore Ravens,Cincinnati Bengals,20,13,Regular Season,1998
1998-11-22,Sun,Denver Broncos,Oakland Raiders,40,14,Regular Season,1998
1998-11-22,Sun,San Diego Chargers,Kansas City Chiefs,38,37,Regular Season,1998
1998-11-22,Sun,New York Jets,Tennessee Oilers,24,3,Regular Season,1998
1998-11-22,Sun,San Francisco 49ers,New Orleans Saints,31,20,Regular Season,1998
1998-11-23,Mon,New England Patriots,Miami Dolphins,26,23,Regular Season,1998
1998-11-26,Thu,Detroit Lions,Pittsburgh Steelers,19,16,Regular Season,1998
1998-11-26,Thu,Minnesota Vikings,Dallas Cowboys,46,36,Regular Season,1998
1998-11-29,Sun,Atlanta Falcons,St. Louis Rams,21,10,Regular Season,1998
1998-11-29,Sun,New York Jets,Carolina Panthers,48,21,Regular Season,1998
1998-11-29,Sun,Tampa Bay Buccaneers,Chicago Bears,31,17,Regular Season,1998
1998-11-29,Sun,Jacksonville Jaguars,Cincinnati Bengals,34,17,Regular Season,1998
1998-11-29,Sun,Baltimore Ravens,Indianapolis Colts,38,31,Regular Season,1998
1998-11-29,Sun,Kansas City Chiefs,Arizona Cardinals,34,24,Regular Season,1998
1998-11-29,Sun,New England Patriots,Buffalo Bills,25,21,Regular Season,1998
1998-11-29,Sun,Seattle Seahawks,Tennessee Oilers,20,18,Regular Season,1998
1998-11-29,Sun,Green Bay Packers,Philadelphia Eagles,24,16,Regular Season,1998
1998-11-29,Sun,Miami Dolphins,New Orleans Saints,30,10,Regular Season,1998
1998-11-29,Sun,Washington Redskins,Oakland Raiders,29,19,Regular Season,1998
1998-11-29,Sun,Denver Broncos,San Diego Chargers,31,16,Regular Season,1998
1998-11-30,Mon,San Francisco 49ers,New York Giants,31,7,Regular Season,1998
1998-12-03,Thu,Philadelphia Eagles,St. Louis Rams,17,14,Regular Season,1998
1998-12-06,Sun,Atlanta Falcons,Indianapolis Colts,28,21,Regular Season,1998
1998-12-06,Sun,Buffalo Bills,Cincinnati Bengals,33,20,Regular Season,1998
1998-12-06,Sun,San Francisco 49ers,Carolina Panthers,31,28,Regular Season,1998
1998-12-06,Sun,New Orleans Saints,Dallas Cowboys,22,3,Regular Season,1998
1998-12-06,Sun,Jacksonville Jaguars,Detroit Lions,37,22,Regular Season,1998
1998-12-06,Sun,New England Patriots,Pittsburgh Steelers,23,9,Regular Season,1998
1998-12-06,Sun,New York Jets,Seattle Seahawks,32,31,Regular Season,1998
1998-12-06,Sun,Washington Redskins,San Diego Chargers,24,20,Regular Season,1998
1998-12-06,Sun,New York Giants,Arizona Cardinals,23,19,Regular Season,1998
1998-12-06,Sun,Denver Broncos,Kansas City Chiefs,35,31,Regular Season,1998
1998-12-06,Sun,Miami Dolphins,Oakland Raiders,27,17,Regular Season,1998
1998-12-06,Sun,Tennessee Oilers,Baltimore Ravens,16,14,Regular Season,1998
1998-12-06,Sun,Minnesota Vikings,Chicago Bears,48,22,Regular Season,1998
1998-12-07,Mon,Tampa Bay Buccaneers,Green Bay Packers,24,22,Regular Season,1998
1998-12-13,Sun,Atlanta Falcons,New Orleans Saints,27,17,Regular Season,1998
1998-12-13,Sun,Buffalo Bills,Oakland Raiders,44,21,Regular Season,1998
1998-12-13,Sun,Washington Redskins,Carolina Panthers,28,25,Regular Season,1998
1998-12-13,Sun,Green Bay Packers,Chicago Bears,26,20,Regular Season,1998
1998-12-13,Sun,Indianapolis Colts,Cincinnati Bengals,39,26,Regular Season,1998
1998-12-13,Sun,Arizona Cardinals,Philadelphia Eagles,20,17,Regular Season,1998
1998-12-13,Sun,New York Giants,Denver Broncos,20,16,Regular Season,1998
1998-12-13,Sun,Tennessee Oilers,Jacksonville Jaguars,16,13,Regular Season,1998
1998-12-13,Sun,St. Louis Rams,New England Patriots,32,18,Regular Season,1998
1998-12-13,Sun,Tampa Bay Buccaneers,Pittsburgh Steelers,16,3,Regular Season,1998
1998-12-13,Sun,Seattle Seahawks,San Diego Chargers,38,17,Regular Season,1998
1998-12-13,Sun,Kansas City Chiefs,Dallas Cowboys,20,17,Regular Season,1998
1998-12-13,Sun,Minnesota Vikings,Baltimore Ravens,38,28,Regular Season,1998
1998-12-13,Sun,New York Jets,Miami Dolphins,21,16,Regular Season,1998
1998-12-14,Mon,San Francisco 49ers,Detroit Lions,35,13,Regular Season,1998
1998-12-19,Sat,New York Jets,Buffalo Bills,17,10,Regular Season,1998
1998-12-19,Sat,Washington Redskins,Tampa Bay Buccaneers,20,16,Regular Season,1998
1998-12-20,Sun,Carolina Panthers,St. Louis Rams,20,13,Regular Season,1998
1998-12-20,Sun,Chicago Bears,Baltimore Ravens,24,3,Regular Season,1998
1998-12-20,Sun,Cincinnati Bengals,Pittsburgh Steelers,25,24,Regular Season,1998
1998-12-20,Sun,Green Bay Packers,Tennessee Oilers,30,22,Regular Season,1998
1998-12-20,Sun,New York Giants,Kansas City Chiefs,28,7,Regular Season,1998
1998-12-20,Sun,New England Patriots,San Francisco 49ers,24,21,Regular Season,1998
1998-12-20,Sun,Seattle Seahawks,Indianapolis Colts,27,23,Regular Season,1998
1998-12-20,Sun,Oakland Raiders,San Diego Chargers,17,10,Regular Season,1998
1998-12-20,Sun,Atlanta Falcons,Detroit Lions,24,17,Regular Season,1998
1998-12-20,Sun,Arizona Cardinals,New Orleans Saints,19,17,Regular Season,1998
1998-12-20,Sun,Dallas Cowboys,Philadelphia Eagles,13,9,Regular Season,1998
1998-12-20,Sun,Minnesota Vikings,Jacksonville Jaguars,50,10,Regular Season,1998
1998-12-21,Mon,Miami Dolphins,Denver Broncos,31,21,Regular Season,1998
1998-12-26,Sat,Minnesota Vikings,Tennessee Oilers,26,16,Regular Season,1998
1998-12-26,Sat,Kansas City Chiefs,Oakland Raiders,31,24,Regular Season,1998
1998-12-27,Sun,Atlanta Falcons,Miami Dolphins,38,16,Regular Season,1998
1998-12-27,Sun,Buffalo Bills,New Orleans Saints,45,33,Regular Season,1998
1998-12-27,Sun,Carolina Panthers,Indianapolis Colts,27,19,Regular Season,1998
1998-12-27,Sun,Green Bay Packers,Chicago Bears,16,13,Regular Season,1998
1998-12-27,Sun,Tampa Bay Buccaneers,Cincinnati Bengals,35,0,Regular Season,1998
1998-12-27,Sun,Baltimore Ravens,Detroit Lions,19,10,Regular Season,1998
1998-12-27,Sun,New York Jets,New England Patriots,31,10,Regular Season,1998
1998-12-27,Sun,New York Giants,Philadelphia Eagles,20,10,Regular Season,1998
1998-12-27,Sun,San Francisco 49ers,St. Louis Rams,38,19,Regular Season,1998
1998-12-27,Sun,Arizona Cardinals,San Diego Chargers,16,13,Regular Season,1998
1998-12-27,Sun,Denver Broncos,Seattle Seahawks,28,21,Regular Season,1998
1998-12-27,Sun,Dallas Cowboys,Washington Redskins,23,7,Regular Season,1998
1998-12-28,Mon,Jacksonville Jaguars,Pittsburgh Steelers,21,3,Regular Season,1998
Playoffs,,,,,,Playoff,1998
1999-01-02,Sat,Miami Dolphins,Buffalo Bills,24,17,Playoff,1998
1999-01-02,Sat,Arizona Cardinals,Dallas Cowboys,20,7,Playoff,1998
1999-01-03,Sun,Jacksonville Jaguars,New England Patriots,25,10,Playoff,1998
1999-01-03,Sun,San Francisco 49ers,Green Bay Packers,30,27,Playoff,1998
1999-01-09,Sat,Atlanta Falcons,San Francisco 49ers,20,18,Playoff,1998
1999-01-09,Sat,Denver Broncos,Miami Dolphins,38,3,Playoff,1998
1999-01-10,Sun,New York Jets,Jacksonville Jaguars,34,24,Playoff,1998
1999-01-10,Sun,Minnesota Vikings,Arizona Cardinals,41,21,Playoff,1998
1999-01-17,Sun,Atlanta Falcons,Minnesota Vikings,30,27,Playoff,1998
1999-01-17,Sun,Denver Broncos,New York Jets,23,10,Playoff,1998
1999-01-31,Sun,Denver Broncos,Atlanta Falcons,34,19,Playoff,1998
