Date,DOW,WT,LT,WTS,LTS,Type,Season
1999-09-12,Sun,Dallas Cowboys,Washington Redskins,41,35,Regular Season,1999
1999-09-12,Sun,Indianapolis Colts,Buffalo Bills,31,14,Regular Season,1999
1999-09-12,Sun,New Orleans Saints,Carolina Panthers,19,10,Regular Season,1999
1999-09-12,Sun,Chicago Bears,Kansas City Chiefs,20,17,Regular Season,1999
1999-09-12,Sun,Green Bay Packers,Oakland Raiders,28,24,Regular Season,1999
1999-09-12,Sun,New England Patriots,New York Jets,30,28,Regular Season,1999
1999-09-12,Sun,St. Louis Rams,Baltimore Ravens,27,10,Regular Season,1999
1999-09-12,Sun,Tennessee Titans,Cincinnati Bengals,36,35,Regular Season,1999
1999-09-12,Sun,Arizona Cardinals,Philadelphia Eagles,25,24,Regular Season,1999
1999-09-12,Sun,Minnesota Vikings,Atlanta Falcons,17,14,Regular Season,1999
1999-09-12,Sun,Detroit Lions,Seattle Seahawks,28,20,Regular Season,1999
1999-09-12,Sun,New York Giants,Tampa Bay Buccaneers,17,13,Regular Season,1999
1999-09-12,Sun,Jacksonville Jaguars,San Francisco 49ers,41,3,Regular Season,1999
1999-09-12,Sun,Pittsburgh Steelers,Cleveland Browns,43,0,Regular Season,1999
1999-09-13,Mon,Miami Dolphins,Denver Broncos,38,21,Regular Season,1999
1999-09-19,Sun,San Diego Chargers,Cincinnati Bengals,34,7,Regular Season,1999
1999-09-19,Sun,Oakland Raiders,Minnesota Vikings,22,17,Regular Season,1999
1999-09-19,Sun,Jacksonville Jaguars,Carolina Panthers,22,20,Regular Season,1999
1999-09-19,Sun,Miami Dolphins,Arizona Cardinals,19,16,Regular Season,1999
1999-09-19,Sun,Detroit Lions,Green Bay Packers,23,15,Regular Season,1999
1999-09-19,Sun,Pittsburgh Steelers,Baltimore Ravens,23,20,Regular Season,1999
1999-09-19,Sun,New England Patriots,Indianapolis Colts,31,28,Regular Season,1999
1999-09-19,Sun,Seattle Seahawks,Chicago Bears,14,13,Regular Season,1999
1999-09-19,Sun,Washington Redskins,New York Giants,50,21,Regular Season,1999
1999-09-19,Sun,Tampa Bay Buccaneers,Philadelphia Eagles,19,5,Regular Season,1999
1999-09-19,Sun,San Francisco 49ers,New Orleans Saints,28,21,Regular Season,1999
1999-09-19,Sun,Tennessee Titans,Cleveland Browns,26,9,Regular Season,1999
1999-09-19,Sun,Kansas City Chiefs,Denver Broncos,26,10,Regular Season,1999
1999-09-19,Sun,Buffalo Bills,New York Jets,17,3,Regular Season,1999
1999-09-20,Mon,Dallas Cowboys,Atlanta Falcons,24,7,Regular Season,1999
1999-09-26,Sun,St. Louis Rams,Atlanta Falcons,35,7,Regular Season,1999
1999-09-26,Sun,Carolina Panthers,Cincinnati Bengals,27,3,Regular Season,1999
1999-09-26,Sun,Buffalo Bills,Philadelphia Eagles,26,0,Regular Season,1999
1999-09-26,Sun,Baltimore Ravens,Cleveland Browns,17,10,Regular Season,1999
1999-09-26,Sun,Tampa Bay Buccaneers,Denver Broncos,13,10,Regular Season,1999
1999-09-26,Sun,Kansas City Chiefs,Detroit Lions,31,21,Regular Season,1999
1999-09-26,Sun,Seattle Seahawks,Pittsburgh Steelers,29,10,Regular Season,1999
1999-09-26,Sun,Washington Redskins,New York Jets,27,20,Regular Season,1999
1999-09-26,Sun,Indianapolis Colts,San Diego Chargers,27,19,Regular Season,1999
1999-09-26,Sun,Tennessee Titans,Jacksonville Jaguars,20,19,Regular Season,1999
1999-09-26,Sun,Green Bay Packers,Minnesota Vikings,23,20,Regular Season,1999
1999-09-26,Sun,Oakland Raiders,Chicago Bears,24,17,Regular Season,1999
1999-09-26,Sun,New England Patriots,New York Giants,16,14,Regular Season,1999
1999-09-27,Mon,San Francisco 49ers,Arizona Cardinals,24,10,Regular Season,1999
1999-10-03,Sun,Washington Redskins,Carolina Panthers,38,36,Regular Season,1999
1999-10-03,Sun,St. Louis Rams,Cincinnati Bengals,38,10,Regular Season,1999
1999-10-03,Sun,Minnesota Vikings,Tampa Bay Buccaneers,21,14,Regular Season,1999
1999-10-03,Sun,Jacksonville Jaguars,Pittsburgh Steelers,17,3,Regular Season,1999
1999-10-03,Sun,Baltimore Ravens,Atlanta Falcons,19,13,Regular Season,1999
1999-10-03,Sun,Chicago Bears,New Orleans Saints,14,10,Regular Season,1999
1999-10-03,Sun,New England Patriots,Cleveland Browns,19,7,Regular Season,1999
1999-10-03,Sun,New York Giants,Philadelphia Eagles,16,15,Regular Season,1999
1999-10-03,Sun,Dallas Cowboys,Arizona Cardinals,35,7,Regular Season,1999
1999-10-03,Sun,New York Jets,Denver Broncos,21,13,Regular Season,1999
1999-10-03,Sun,San Diego Chargers,Kansas City Chiefs,21,14,Regular Season,1999
1999-10-03,Sun,San Francisco 49ers,Tennessee Titans,24,22,Regular Season,1999
1999-10-03,Sun,Seattle Seahawks,Oakland Raiders,22,21,Regular Season,1999
1999-10-04,Mon,Buffalo Bills,Miami Dolphins,23,18,Regular Season,1999
1999-10-10,Sun,Chicago Bears,Minnesota Vikings,24,22,Regular Season,1999
1999-10-10,Sun,San Diego Chargers,Detroit Lions,20,10,Regular Season,1999
1999-10-10,Sun,Buffalo Bills,Pittsburgh Steelers,24,21,Regular Season,1999
1999-10-10,Sun,Kansas City Chiefs,New England Patriots,16,14,Regular Season,1999
1999-10-10,Sun,St. Louis Rams,San Francisco 49ers,42,20,Regular Season,1999
1999-10-10,Sun,Cincinnati Bengals,Cleveland Browns,18,17,Regular Season,1999
1999-10-10,Sun,Philadelphia Eagles,Dallas Cowboys,13,10,Regular Season,1999
1999-10-10,Sun,Atlanta Falcons,New Orleans Saints,20,17,Regular Season,1999
1999-10-10,Sun,Arizona Cardinals,New York Giants,14,3,Regular Season,1999
1999-10-10,Sun,Miami Dolphins,Indianapolis Colts,34,31,Regular Season,1999
1999-10-10,Sun,Tennessee Titans,Baltimore Ravens,14,11,Regular Season,1999
1999-10-10,Sun,Denver Broncos,Oakland Raiders,16,13,Regular Season,1999
1999-10-10,Sun,Green Bay Packers,Tampa Bay Buccaneers,26,23,Regular Season,1999
1999-10-11,Mon,Jacksonville Jaguars,New York Jets,16,6,Regular Season,1999
1999-10-17,Sun,Pittsburgh Steelers,Cincinnati Bengals,17,3,Regular Season,1999
1999-10-17,Sun,Detroit Lions,Minnesota Vikings,25,23,Regular Season,1999
1999-10-17,Sun,Oakland Raiders,Buffalo Bills,20,14,Regular Season,1999
1999-10-17,Sun,Indianapolis Colts,New York Jets,16,13,Regular Season,1999
1999-10-17,Sun,Miami Dolphins,New England Patriots,31,30,Regular Season,1999
1999-10-17,Sun,Tennessee Titans,New Orleans Saints,24,21,Regular Season,1999
1999-10-17,Sun,St. Louis Rams,Atlanta Falcons,41,13,Regular Season,1999
1999-10-17,Sun,Philadelphia Eagles,Chicago Bears,20,16,Regular Season,1999
1999-10-17,Sun,Jacksonville Jaguars,Cleveland Browns,24,7,Regular Season,1999
1999-10-17,Sun,San Diego Chargers,Seattle Seahawks,13,10,Regular Season,1999
1999-10-17,Sun,Carolina Panthers,San Francisco 49ers,31,29,Regular Season,1999
1999-10-17,Sun,Denver Broncos,Green Bay Packers,31,10,Regular Season,1999
1999-10-17,Sun,Washington Redskins,Arizona Cardinals,24,10,Regular Season,1999
1999-10-18,Mon,New York Giants,Dallas Cowboys,13,10,Regular Season,1999
1999-10-21,Thu,Kansas City Chiefs,Baltimore Ravens,35,8,Regular Season,1999
1999-10-24,Sun,Tampa Bay Buccaneers,Chicago Bears,6,3,Regular Season,1999
1999-10-24,Sun,Indianapolis Colts,Cincinnati Bengals,31,10,Regular Season,1999
1999-10-24,Sun,Minnesota Vikings,San Francisco 49ers,40,16,Regular Season,1999
1999-10-24,Sun,Miami Dolphins,Philadelphia Eagles,16,13,Regular Season,1999
1999-10-24,Sun,Detroit Lions,Carolina Panthers,24,9,Regular Season,1999
1999-10-24,Sun,St. Louis Rams,Cleveland Browns,34,3,Regular Season,1999
1999-10-24,Sun,New England Patriots,Denver Broncos,24,23,Regular Season,1999
1999-10-24,Sun,New York Giants,New Orleans Saints,31,3,Regular Season,1999
1999-10-24,Sun,Dallas Cowboys,Washington Redskins,38,20,Regular Season,1999
1999-10-24,Sun,Green Bay Packers,San Diego Chargers,31,3,Regular Season,1999
1999-10-24,Sun,Seattle Seahawks,Buffalo Bills,26,16,Regular Season,1999
1999-10-24,Sun,Oakland Raiders,New York Jets,24,23,Regular Season,1999
1999-10-25,Mon,Pittsburgh Steelers,Atlanta Falcons,13,9,Regular Season,1999
1999-10-31,Sun,Jacksonville Jaguars,Cincinnati Bengals,41,10,Regular Season,1999
1999-10-31,Sun,Kansas City Chiefs,San Diego Chargers,34,0,Regular Season,1999
1999-10-31,Sun,Buffalo Bills,Baltimore Ravens,13,10,Regular Season,1999
1999-10-31,Sun,Washington Redskins,Chicago Bears,48,22,Regular Season,1999
1999-10-31,Sun,Cleveland Browns,New Orleans Saints,21,16,Regular Season,1999
1999-10-31,Sun,New York Giants,Philadelphia Eagles,23,17,Regular Season,1999
1999-10-31,Sun,Tennessee Titans,St. Louis Rams,24,21,Regular Season,1999
1999-10-31,Sun,Atlanta Falcons,Carolina Panthers,27,20,Regular Season,1999
1999-10-31,Sun,Miami Dolphins,Oakland Raiders,16,9,Regular Season,1999
1999-10-31,Sun,New England Patriots,Arizona Cardinals,27,3,Regular Season,1999
1999-10-31,Sun,Minnesota Vikings,Denver Broncos,23,20,Regular Season,1999
1999-10-31,Sun,Indianapolis Colts,Dallas Cowboys,34,24,Regular Season,1999
1999-10-31,Sun,Detroit Lions,Tampa Bay Buccaneers,20,3,Regular Season,1999
1999-11-01,Mon,Seattle Seahawks,Green Bay Packers,27,7,Regular Season,1999
1999-11-07,Sun,Detroit Lions,St. Louis Rams,31,27,Regular Season,1999
1999-11-07,Sun,Carolina Panthers,Philadelphia Eagles,33,7,Regular Season,1999
1999-11-07,Sun,Jacksonville Jaguars,Atlanta Falcons,30,7,Regular Season,1999
1999-11-07,Sun,Chicago Bears,Green Bay Packers,14,13,Regular Season,1999
1999-11-07,Sun,New York Jets,Arizona Cardinals,12,7,Regular Season,1999
1999-11-07,Sun,Baltimore Ravens,Cleveland Browns,41,9,Regular Season,1999
1999-11-07,Sun,Indianapolis Colts,Kansas City Chiefs,25,17,Regular Season,1999
1999-11-07,Sun,Buffalo Bills,Washington Redskins,34,17,Regular Season,1999
1999-11-07,Sun,Tampa Bay Buccaneers,New Orleans Saints,31,16,Regular Season,1999
1999-11-07,Sun,Pittsburgh Steelers,San Francisco 49ers,27,6,Regular Season,1999
1999-11-07,Sun,Denver Broncos,San Diego Chargers,33,17,Regular Season,1999
1999-11-07,Sun,Seattle Seahawks,Cincinnati Bengals,37,20,Regular Season,1999
1999-11-07,Sun,Miami Dolphins,Tennessee Titans,17,0,Regular Season,1999
1999-11-08,Mon,Minnesota Vikings,Dallas Cowboys,27,17,Regular Season,1999
1999-11-14,Sun,St. Louis Rams,Carolina Panthers,35,10,Regular Season,1999
1999-11-14,Sun,Minnesota Vikings,Chicago Bears,27,24,Regular Season,1999
1999-11-14,Sun,Tampa Bay Buccaneers,Kansas City Chiefs,17,10,Regular Season,1999
1999-11-14,Sun,Buffalo Bills,Miami Dolphins,23,3,Regular Season,1999
1999-11-14,Sun,Cleveland Browns,Pittsburgh Steelers,16,15,Regular Season,1999
1999-11-14,Sun,New Orleans Saints,San Francisco 49ers,24,6,Regular Season,1999
1999-11-14,Sun,Tennessee Titans,Cincinnati Bengals,24,14,Regular Season,1999
1999-11-14,Sun,Philadelphia Eagles,Washington Redskins,35,28,Regular Season,1999
1999-11-14,Sun,Indianapolis Colts,New York Giants,27,19,Regular Season,1999
1999-11-14,Sun,Oakland Raiders,San Diego Chargers,28,9,Regular Season,1999
1999-11-14,Sun,Jacksonville Jaguars,Baltimore Ravens,6,3,Regular Season,1999
1999-11-14,Sun,Arizona Cardinals,Detroit Lions,23,19,Regular Season,1999
1999-11-14,Sun,Dallas Cowboys,Green Bay Packers,27,13,Regular Season,1999
1999-11-14,Sun,Seattle Seahawks,Denver Broncos,20,17,Regular Season,1999
1999-11-15,Mon,New York Jets,New England Patriots,24,17,Regular Season,1999
1999-11-21,Sun,Tampa Bay Buccaneers,Atlanta Falcons,19,10,Regular Season,1999
1999-11-21,Sun,Seattle Seahawks,Kansas City Chiefs,31,19,Regular Season,1999
1999-11-21,Sun,Miami Dolphins,New England Patriots,27,17,Regular Season,1999
1999-11-21,Sun,New York Jets,Buffalo Bills,17,7,Regular Season,1999
1999-11-21,Sun,Carolina Panthers,Cleveland Browns,31,17,Regular Season,1999
1999-11-21,Sun,Indianapolis Colts,Philadelphia Eagles,44,17,Regular Season,1999
1999-11-21,Sun,Green Bay Packers,Detroit Lions,26,17,Regular Season,1999
1999-11-21,Sun,Tennessee Titans,Pittsburgh Steelers,16,10,Regular Season,1999
1999-11-21,Sun,Washington Redskins,New York Giants,23,13,Regular Season,1999
1999-11-21,Sun,St. Louis Rams,San Francisco 49ers,23,7,Regular Season,1999
1999-11-21,Sun,Chicago Bears,San Diego Chargers,23,20,Regular Season,1999
1999-11-21,Sun,Arizona Cardinals,Dallas Cowboys,13,9,Regular Season,1999
1999-11-21,Sun,Baltimore Ravens,Cincinnati Bengals,34,31,Regular Season,1999
1999-11-21,Sun,Jacksonville Jaguars,New Orleans Saints,41,23,Regular Season,1999
1999-11-22,Mon,Denver Broncos,Oakland Raiders,27,21,Regular Season,1999
1999-11-25,Thu,Detroit Lions,Chicago Bears,21,17,Regular Season,1999
1999-11-25,Thu,Dallas Cowboys,Miami Dolphins,20,0,Regular Season,1999
1999-11-28,Sun,Carolina Panthers,Atlanta Falcons,34,28,Regular Season,1999
1999-11-28,Sun,Washington Redskins,Philadelphia Eagles,20,17,Regular Season,1999
1999-11-28,Sun,Jacksonville Jaguars,Baltimore Ravens,30,23,Regular Season,1999
1999-11-28,Sun,Cincinnati Bengals,Pittsburgh Steelers,27,20,Regular Season,1999
1999-11-28,Sun,St. Louis Rams,New Orleans Saints,43,12,Regular Season,1999
1999-11-28,Sun,Buffalo Bills,New England Patriots,17,7,Regular Season,1999
1999-11-28,Sun,Tennessee Titans,Cleveland Browns,33,21,Regular Season,1999
1999-11-28,Sun,Arizona Cardinals,New York Giants,34,24,Regular Season,1999
1999-11-28,Sun,Minnesota Vikings,San Diego Chargers,35,27,Regular Season,1999
1999-11-28,Sun,Tampa Bay Buccaneers,Seattle Seahawks,16,3,Regular Season,1999
1999-11-28,Sun,Kansas City Chiefs,Oakland Raiders,37,34,Regular Season,1999
1999-11-28,Sun,Indianapolis Colts,New York Jets,13,6,Regular Season,1999
1999-11-29,Mon,Green Bay Packers,San Francisco 49ers,20,3,Regular Season,1999
1999-12-02,Thu,Jacksonville Jaguars,Pittsburgh Steelers,20,6,Regular Season,1999
1999-12-05,Sun,Cincinnati Bengals,San Francisco 49ers,44,30,Regular Season,1999
1999-12-05,Sun,Indianapolis Colts,Miami Dolphins,37,34,Regular Season,1999
1999-12-05,Sun,Detroit Lions,Washington Redskins,33,17,Regular Season,1999
1999-12-05,Sun,St. Louis Rams,Carolina Panthers,34,21,Regular Season,1999
1999-12-05,Sun,Baltimore Ravens,Tennessee Titans,41,14,Regular Season,1999
1999-12-05,Sun,Green Bay Packers,Chicago Bears,35,19,Regular Season,1999
1999-12-05,Sun,Atlanta Falcons,New Orleans Saints,35,12,Regular Season,1999
1999-12-05,Sun,New York Giants,New York Jets,41,28,Regular Season,1999
1999-12-05,Sun,Oakland Raiders,Seattle Seahawks,30,21,Regular Season,1999
1999-12-05,Sun,San Diego Chargers,Cleveland Browns,23,10,Regular Season,1999
1999-12-05,Sun,Arizona Cardinals,Philadelphia Eagles,21,17,Regular Season,1999
1999-12-05,Sun,Kansas City Chiefs,Denver Broncos,16,10,Regular Season,1999
1999-12-05,Sun,New England Patriots,Dallas Cowboys,13,6,Regular Season,1999
1999-12-06,Mon,Tampa Bay Buccaneers,Minnesota Vikings,24,17,Regular Season,1999
1999-12-09,Thu,Tennessee Titans,Oakland Raiders,21,14,Regular Season,1999
1999-12-12,Sun,Dallas Cowboys,Philadelphia Eagles,20,10,Regular Season,1999
1999-12-12,Sun,St. Louis Rams,New Orleans Saints,30,14,Regular Season,1999
1999-12-12,Sun,Cincinnati Bengals,Cleveland Browns,44,28,Regular Season,1999
1999-12-12,Sun,Washington Redskins,Arizona Cardinals,28,3,Regular Season,1999
1999-12-12,Sun,Baltimore Ravens,Pittsburgh Steelers,31,24,Regular Season,1999
1999-12-12,Sun,New York Giants,Buffalo Bills,19,17,Regular Season,1999
1999-12-12,Sun,Carolina Panthers,Green Bay Packers,33,31,Regular Season,1999
1999-12-12,Sun,Indianapolis Colts,New England Patriots,20,15,Regular Season,1999
1999-12-12,Sun,New York Jets,Miami Dolphins,28,20,Regular Season,1999
1999-12-12,Sun,San Diego Chargers,Seattle Seahawks,19,16,Regular Season,1999
1999-12-12,Sun,San Francisco 49ers,Atlanta Falcons,26,7,Regular Season,1999
1999-12-12,Sun,Tampa Bay Buccaneers,Detroit Lions,23,16,Regular Season,1999
1999-12-12,Sun,Kansas City Chiefs,Minnesota Vikings,31,28,Regular Season,1999
1999-12-13,Mon,Jacksonville Jaguars,Denver Broncos,27,24,Regular Season,1999
1999-12-18,Sat,Kansas City Chiefs,Pittsburgh Steelers,35,19,Regular Season,1999
1999-12-18,Sat,Carolina Panthers,San Francisco 49ers,41,24,Regular Season,1999
1999-12-19,Sun,Tennessee Titans,Atlanta Falcons,30,17,Regular Season,1999
1999-12-19,Sun,Indianapolis Colts,Washington Redskins,24,21,Regular Season,1999
1999-12-19,Sun,St. Louis Rams,New York Giants,31,10,Regular Season,1999
1999-12-19,Sun,Miami Dolphins,San Diego Chargers,12,9,Regular Season,1999
1999-12-19,Sun,Chicago Bears,Detroit Lions,28,10,Regular Season,1999
1999-12-19,Sun,Baltimore Ravens,New Orleans Saints,31,8,Regular Season,1999
1999-12-19,Sun,Jacksonville Jaguars,Cleveland Browns,24,14,Regular Season,1999
1999-12-19,Sun,Philadelphia Eagles,New England Patriots,24,9,Regular Season,1999
1999-12-19,Sun,Oakland Raiders,Tampa Bay Buccaneers,45,0,Regular Season,1999
1999-12-19,Sun,Denver Broncos,Seattle Seahawks,36,30,Regular Season,1999
1999-12-19,Sun,New York Jets,Dallas Cowboys,22,21,Regular Season,1999
1999-12-19,Sun,Buffalo Bills,Arizona Cardinals,31,21,Regular Season,1999
1999-12-20,Mon,Minnesota Vikings,Green Bay Packers,24,20,Regular Season,1999
1999-12-24,Fri,New Orleans Saints,Dallas Cowboys,31,24,Regular Season,1999
1999-12-25,Sat,Denver Broncos,Detroit Lions,17,7,Regular Season,1999
1999-12-26,Sun,Tennessee Titans,Jacksonville Jaguars,41,14,Regular Season,1999
1999-12-26,Sun,Pittsburgh Steelers,Carolina Panthers,30,20,Regular Season,1999
1999-12-26,Sun,St. Louis Rams,Chicago Bears,34,12,Regular Season,1999
1999-12-26,Sun,Baltimore Ravens,Cincinnati Bengals,22,0,Regular Season,1999
1999-12-26,Sun,Minnesota Vikings,New York Giants,34,17,Regular Season,1999
1999-12-26,Sun,Indianapolis Colts,Cleveland Browns,29,28,Regular Season,1999
1999-12-26,Sun,Atlanta Falcons,Arizona Cardinals,37,14,Regular Season,1999
1999-12-26,Sun,Buffalo Bills,New England Patriots,13,10,Regular Season,1999
1999-12-26,Sun,San Diego Chargers,Oakland Raiders,23,20,Regular Season,1999
1999-12-26,Sun,Seattle Seahawks,Kansas City Chiefs,23,14,Regular Season,1999
1999-12-26,Sun,Tampa Bay Buccaneers,Green Bay Packers,29,10,Regular Season,1999
1999-12-26,Sun,Washington Redskins,San Francisco 49ers,26,20,Regular Season,1999
1999-12-27,Mon,New York Jets,Miami Dolphins,38,31,Regular Season,1999
2000-01-02,Sun,Jacksonville Jaguars,Cincinnati Bengals,24,7,Regular Season,1999
2000-01-02,Sun,Oakland Raiders,Kansas City Chiefs,41,38,Regular Season,1999
2000-01-02,Sun,Buffalo Bills,Indianapolis Colts,31,6,Regular Season,1999
2000-01-02,Sun,Carolina Panthers,New Orleans Saints,45,13,Regular Season,1999
2000-01-02,Sun,Tampa Bay Buccaneers,Chicago Bears,20,6,Regular Season,1999
2000-01-02,Sun,Green Bay Packers,Arizona Cardinals,49,24,Regular Season,1999
2000-01-02,Sun,New England Patriots,Baltimore Ravens,20,3,Regular Season,1999
2000-01-02,Sun,New York Jets,Seattle Seahawks,19,9,Regular Season,1999
2000-01-02,Sun,Philadelphia Eagles,St. Louis Rams,38,31,Regular Season,1999
2000-01-02,Sun,Minnesota Vikings,Detroit Lions,24,17,Regular Season,1999
2000-01-02,Sun,Dallas Cowboys,New York Giants,26,18,Regular Season,1999
2000-01-02,Sun,San Diego Chargers,Denver Broncos,12,6,Regular Season,1999
2000-01-02,Sun,Washington Redskins,Miami Dolphins,21,10,Regular Season,1999
2000-01-02,Sun,Tennessee Titans,Pittsburgh Steelers,47,36,Regular Season,1999
2000-01-03,Mon,Atlanta Falcons,San Francisco 49ers,34,29,Regular Season,1999
Playoffs,,,,,,Playoff,1999
2000-01-08,Sat,Tennessee Titans,Buffalo Bills,22,16,Playoff,1999
2000-01-08,Sat,Washington Redskins,Detroit Lions,27,13,Playoff,1999
2000-01-09,Sun,Minnesota Vikings,Dallas Cowboys,27,10,Playoff,1999
2000-01-09,Sun,Miami Dolphins,Seattle Seahawks,20,17,Playoff,1999
2000-01-15,Sat,Jacksonville Jaguars,Miami Dolphins,62,7,Playoff,1999
2000-01-15,Sat,Tampa Bay Buccaneers,Washington Redskins,14,13,Playoff,1999
2000-01-16,Sun,St. Louis Rams,Minnesota Vikings,49,37,Playoff,1999
2000-01-16,Sun,Tennessee Titans,Indianapolis Colts,19,16,Playoff,1999
2000-01-23,Sun,Tennessee Titans,Jacksonville Jaguars,33,14,Playoff,1999
2000-01-23,Sun,St. Louis Rams,Tampa Bay Buccaneers,11,6,Playoff,1999
2000-01-30,Sun,St. Louis Rams,Tennessee Titans,23,16,Playoff,1999
