Date,DOW,WT,LT,WTS,LTS,Type,Season
2000-09-03,Sun,Minnesota Vikings,Chicago Bears,30,27,Regular Season,2000
2000-09-03,Sun,Indianapolis Colts,Kansas City Chiefs,27,14,Regular Season,2000
2000-09-03,Sun,Washington Redskins,Carolina Panthers,20,17,Regular Season,2000
2000-09-03,Sun,Atlanta Falcons,San Francisco 49ers,36,28,Regular Season,2000
2000-09-03,Sun,Jacksonville Jaguars,Cleveland Browns,27,7,Regular Season,2000
2000-09-03,Sun,Tampa Bay Buccaneers,New England Patriots,21,16,Regular Season,2000
2000-09-03,Sun,Baltimore Ravens,Pittsburgh Steelers,16,0,Regular Season,2000
2000-09-03,Sun,Detroit Lions,New Orleans Saints,14,10,Regular Season,2000
2000-09-03,Sun,New York Giants,Arizona Cardinals,21,16,Regular Season,2000
2000-09-03,Sun,Philadelphia Eagles,Dallas Cowboys,41,14,Regular Season,2000
2000-09-03,Sun,Oakland Raiders,San Diego Chargers,9,6,Regular Season,2000
2000-09-03,Sun,Miami Dolphins,Seattle Seahawks,23,0,Regular Season,2000
2000-09-03,Sun,New York Jets,Green Bay Packers,20,16,Regular Season,2000
2000-09-03,Sun,Buffalo Bills,Tennessee Titans,16,13,Regular Season,2000
2000-09-04,Mon,St. Louis Rams,Denver Broncos,41,36,Regular Season,2000
2000-09-10,Sun,Minnesota Vikings,Miami Dolphins,13,7,Regular Season,2000
2000-09-10,Sun,Cleveland Browns,Cincinnati Bengals,24,7,Regular Season,2000
2000-09-10,Sun,Oakland Raiders,Indianapolis Colts,38,31,Regular Season,2000
2000-09-10,Sun,Buffalo Bills,Green Bay Packers,27,18,Regular Season,2000
2000-09-10,Sun,Tampa Bay Buccaneers,Chicago Bears,41,0,Regular Season,2000
2000-09-10,Sun,Baltimore Ravens,Jacksonville Jaguars,39,36,Regular Season,2000
2000-09-10,Sun,New York Giants,Philadelphia Eagles,33,18,Regular Season,2000
2000-09-10,Sun,Tennessee Titans,Kansas City Chiefs,17,14,Regular Season,2000
2000-09-10,Sun,Carolina Panthers,San Francisco 49ers,38,22,Regular Season,2000
2000-09-10,Sun,New Orleans Saints,San Diego Chargers,28,27,Regular Season,2000
2000-09-10,Sun,St. Louis Rams,Seattle Seahawks,37,34,Regular Season,2000
2000-09-10,Sun,Denver Broncos,Atlanta Falcons,42,14,Regular Season,2000
2000-09-10,Sun,Detroit Lions,Washington Redskins,15,10,Regular Season,2000
2000-09-10,Sun,Arizona Cardinals,Dallas Cowboys,32,31,Regular Season,2000
2000-09-11,Mon,New York Jets,New England Patriots,20,19,Regular Season,2000
2000-09-17,Sun,Jacksonville Jaguars,Cincinnati Bengals,13,0,Regular Season,2000
2000-09-17,Sun,Atlanta Falcons,Carolina Panthers,15,10,Regular Season,2000
2000-09-17,Sun,Cleveland Browns,Pittsburgh Steelers,23,20,Regular Season,2000
2000-09-17,Sun,Green Bay Packers,Philadelphia Eagles,6,3,Regular Season,2000
2000-09-17,Sun,St. Louis Rams,San Francisco 49ers,41,24,Regular Season,2000
2000-09-17,Sun,New York Jets,Buffalo Bills,27,14,Regular Season,2000
2000-09-17,Sun,Tampa Bay Buccaneers,Detroit Lions,31,10,Regular Season,2000
2000-09-17,Sun,New York Giants,Chicago Bears,14,7,Regular Season,2000
2000-09-17,Sun,Denver Broncos,Oakland Raiders,33,24,Regular Season,2000
2000-09-17,Sun,Kansas City Chiefs,San Diego Chargers,42,10,Regular Season,2000
2000-09-17,Sun,Minnesota Vikings,New England Patriots,21,13,Regular Season,2000
2000-09-17,Sun,Seattle Seahawks,New Orleans Saints,20,10,Regular Season,2000
2000-09-17,Sun,Miami Dolphins,Baltimore Ravens,19,6,Regular Season,2000
2000-09-18,Mon,Dallas Cowboys,Washington Redskins,27,21,Regular Season,2000
2000-09-24,Sun,Tennessee Titans,Pittsburgh Steelers,23,20,Regular Season,2000
2000-09-24,Sun,Baltimore Ravens,Cincinnati Bengals,37,0,Regular Season,2000
2000-09-24,Sun,St. Louis Rams,Atlanta Falcons,41,20,Regular Season,2000
2000-09-24,Sun,Detroit Lions,Chicago Bears,21,14,Regular Season,2000
2000-09-24,Sun,Philadelphia Eagles,New Orleans Saints,21,7,Regular Season,2000
2000-09-24,Sun,Miami Dolphins,New England Patriots,10,3,Regular Season,2000
2000-09-24,Sun,San Francisco 49ers,Dallas Cowboys,41,24,Regular Season,2000
2000-09-24,Sun,Green Bay Packers,Arizona Cardinals,29,3,Regular Season,2000
2000-09-24,Sun,New York Jets,Tampa Bay Buccaneers,21,17,Regular Season,2000
2000-09-24,Sun,Seattle Seahawks,San Diego Chargers,20,12,Regular Season,2000
2000-09-24,Sun,Kansas City Chiefs,Denver Broncos,23,22,Regular Season,2000
2000-09-24,Sun,Oakland Raiders,Cleveland Browns,36,10,Regular Season,2000
2000-09-24,Sun,Washington Redskins,New York Giants,16,6,Regular Season,2000
2000-09-25,Mon,Indianapolis Colts,Jacksonville Jaguars,43,14,Regular Season,2000
2000-10-01,Sun,Indianapolis Colts,Buffalo Bills,18,16,Regular Season,2000
2000-10-01,Sun,Minnesota Vikings,Detroit Lions,31,24,Regular Season,2000
2000-10-01,Sun,Dallas Cowboys,Carolina Panthers,16,13,Regular Season,2000
2000-10-01,Sun,St. Louis Rams,San Diego Chargers,57,31,Regular Season,2000
2000-10-01,Sun,Baltimore Ravens,Cleveland Browns,12,0,Regular Season,2000
2000-10-01,Sun,Pittsburgh Steelers,Jacksonville Jaguars,24,13,Regular Season,2000
2000-10-01,Sun,Tennessee Titans,New York Giants,28,14,Regular Season,2000
2000-10-01,Sun,Miami Dolphins,Cincinnati Bengals,31,16,Regular Season,2000
2000-10-01,Sun,New England Patriots,Denver Broncos,28,19,Regular Season,2000
2000-10-01,Sun,San Francisco 49ers,Arizona Cardinals,27,20,Regular Season,2000
2000-10-01,Sun,Chicago Bears,Green Bay Packers,27,24,Regular Season,2000
2000-10-01,Sun,Washington Redskins,Tampa Bay Buccaneers,20,17,Regular Season,2000
2000-10-01,Sun,Philadelphia Eagles,Atlanta Falcons,38,10,Regular Season,2000
2000-10-02,Mon,Kansas City Chiefs,Seattle Seahawks,24,17,Regular Season,2000
2000-10-08,Sun,Tennessee Titans,Cincinnati Bengals,23,14,Regular Season,2000
2000-10-08,Sun,Pittsburgh Steelers,New York Jets,20,3,Regular Season,2000
2000-10-08,Sun,Detroit Lions,Green Bay Packers,31,24,Regular Season,2000
2000-10-08,Sun,Miami Dolphins,Buffalo Bills,22,13,Regular Season,2000
2000-10-08,Sun,New England Patriots,Indianapolis Colts,24,16,Regular Season,2000
2000-10-08,Sun,Washington Redskins,Philadelphia Eagles,17,14,Regular Season,2000
2000-10-08,Sun,New Orleans Saints,Chicago Bears,31,10,Regular Season,2000
2000-10-08,Sun,Oakland Raiders,San Francisco 49ers,34,28,Regular Season,2000
2000-10-08,Sun,New York Giants,Atlanta Falcons,13,6,Regular Season,2000
2000-10-08,Sun,Carolina Panthers,Seattle Seahawks,26,3,Regular Season,2000
2000-10-08,Sun,Arizona Cardinals,Cleveland Browns,29,21,Regular Season,2000
2000-10-08,Sun,Denver Broncos,San Diego Chargers,21,7,Regular Season,2000
2000-10-08,Sun,Baltimore Ravens,Jacksonville Jaguars,15,10,Regular Season,2000
2000-10-09,Mon,Minnesota Vikings,Tampa Bay Buccaneers,30,23,Regular Season,2000
2000-10-15,Sun,Oakland Raiders,Kansas City Chiefs,20,17,Regular Season,2000
2000-10-15,Sun,Buffalo Bills,San Diego Chargers,27,24,Regular Season,2000
2000-10-15,Sun,Pittsburgh Steelers,Cincinnati Bengals,15,0,Regular Season,2000
2000-10-15,Sun,Washington Redskins,Baltimore Ravens,10,3,Regular Season,2000
2000-10-15,Sun,St. Louis Rams,Atlanta Falcons,45,29,Regular Season,2000
2000-10-15,Sun,New York Giants,Dallas Cowboys,19,14,Regular Season,2000
2000-10-15,Sun,New Orleans Saints,Carolina Panthers,24,6,Regular Season,2000
2000-10-15,Sun,Indianapolis Colts,Seattle Seahawks,37,24,Regular Season,2000
2000-10-15,Sun,New York Jets,New England Patriots,34,17,Regular Season,2000
2000-10-15,Sun,Denver Broncos,Cleveland Browns,44,10,Regular Season,2000
2000-10-15,Sun,Philadelphia Eagles,Arizona Cardinals,33,14,Regular Season,2000
2000-10-15,Sun,Green Bay Packers,San Francisco 49ers,31,28,Regular Season,2000
2000-10-15,Sun,Minnesota Vikings,Chicago Bears,28,16,Regular Season,2000
2000-10-16,Mon,Tennessee Titans,Jacksonville Jaguars,27,13,Regular Season,2000
2000-10-19,Thu,Detroit Lions,Tampa Bay Buccaneers,28,14,Regular Season,2000
2000-10-22,Sun,Cincinnati Bengals,Denver Broncos,31,21,Regular Season,2000
2000-10-22,Sun,Indianapolis Colts,New England Patriots,30,23,Regular Season,2000
2000-10-22,Sun,Dallas Cowboys,Arizona Cardinals,48,7,Regular Season,2000
2000-10-22,Sun,Kansas City Chiefs,St. Louis Rams,54,34,Regular Season,2000
2000-10-22,Sun,Minnesota Vikings,Buffalo Bills,31,27,Regular Season,2000
2000-10-22,Sun,Carolina Panthers,San Francisco 49ers,34,16,Regular Season,2000
2000-10-22,Sun,Tennessee Titans,Baltimore Ravens,14,6,Regular Season,2000
2000-10-22,Sun,Philadelphia Eagles,Chicago Bears,13,9,Regular Season,2000
2000-10-22,Sun,New Orleans Saints,Atlanta Falcons,21,19,Regular Season,2000
2000-10-22,Sun,Oakland Raiders,Seattle Seahawks,31,3,Regular Season,2000
2000-10-22,Sun,Pittsburgh Steelers,Cleveland Browns,22,0,Regular Season,2000
2000-10-22,Sun,Washington Redskins,Jacksonville Jaguars,35,16,Regular Season,2000
2000-10-23,Mon,New York Jets,Miami Dolphins,40,37,Regular Season,2000
2000-10-29,Sun,Buffalo Bills,New York Jets,23,20,Regular Season,2000
2000-10-29,Sun,Tampa Bay Buccaneers,Minnesota Vikings,41,13,Regular Season,2000
2000-10-29,Sun,Miami Dolphins,Green Bay Packers,28,20,Regular Season,2000
2000-10-29,Sun,Pittsburgh Steelers,Baltimore Ravens,9,6,Regular Season,2000
2000-10-29,Sun,Atlanta Falcons,Carolina Panthers,13,12,Regular Season,2000
2000-10-29,Sun,Cincinnati Bengals,Cleveland Browns,12,3,Regular Season,2000
2000-10-29,Sun,Indianapolis Colts,Detroit Lions,30,18,Regular Season,2000
2000-10-29,Sun,New Orleans Saints,Arizona Cardinals,21,10,Regular Season,2000
2000-10-29,Sun,St. Louis Rams,San Francisco 49ers,34,24,Regular Season,2000
2000-10-29,Sun,New York Giants,Philadelphia Eagles,24,7,Regular Season,2000
2000-10-29,Sun,Jacksonville Jaguars,Dallas Cowboys,23,17,Regular Season,2000
2000-10-29,Sun,Kansas City Chiefs,Seattle Seahawks,24,19,Regular Season,2000
2000-10-29,Sun,Oakland Raiders,San Diego Chargers,15,13,Regular Season,2000
2000-10-30,Mon,Tennessee Titans,Washington Redskins,27,21,Regular Season,2000
2000-11-05,Sun,Miami Dolphins,Detroit Lions,23,8,Regular Season,2000
2000-11-05,Sun,Buffalo Bills,New England Patriots,16,13,Regular Season,2000
2000-11-05,Sun,Chicago Bears,Indianapolis Colts,27,24,Regular Season,2000
2000-11-05,Sun,New Orleans Saints,San Francisco 49ers,31,15,Regular Season,2000
2000-11-05,Sun,Tampa Bay Buccaneers,Atlanta Falcons,27,14,Regular Season,2000
2000-11-05,Sun,Baltimore Ravens,Cincinnati Bengals,27,7,Regular Season,2000
2000-11-05,Sun,Philadelphia Eagles,Dallas Cowboys,16,13,Regular Season,2000
2000-11-05,Sun,Tennessee Titans,Pittsburgh Steelers,9,7,Regular Season,2000
2000-11-05,Sun,New York Giants,Cleveland Browns,24,3,Regular Season,2000
2000-11-05,Sun,Oakland Raiders,Kansas City Chiefs,49,31,Regular Season,2000
2000-11-05,Sun,Arizona Cardinals,Washington Redskins,16,15,Regular Season,2000
2000-11-05,Sun,Denver Broncos,New York Jets,30,23,Regular Season,2000
2000-11-05,Sun,Seattle Seahawks,San Diego Chargers,17,15,Regular Season,2000
2000-11-05,Sun,Carolina Panthers,St. Louis Rams,27,24,Regular Season,2000
2000-11-06,Mon,Green Bay Packers,Minnesota Vikings,26,20,Regular Season,2000
2000-11-12,Sun,Dallas Cowboys,Cincinnati Bengals,23,6,Regular Season,2000
2000-11-12,Sun,Minnesota Vikings,Arizona Cardinals,31,14,Regular Season,2000
2000-11-12,Sun,Detroit Lions,Atlanta Falcons,13,10,Regular Season,2000
2000-11-12,Sun,Philadelphia Eagles,Pittsburgh Steelers,26,23,Regular Season,2000
2000-11-12,Sun,Buffalo Bills,Chicago Bears,20,3,Regular Season,2000
2000-11-12,Sun,New Orleans Saints,Carolina Panthers,20,10,Regular Season,2000
2000-11-12,Sun,Seattle Seahawks,Jacksonville Jaguars,28,21,Regular Season,2000
2000-11-12,Sun,Baltimore Ravens,Tennessee Titans,24,23,Regular Season,2000
2000-11-12,Sun,Cleveland Browns,New England Patriots,19,11,Regular Season,2000
2000-11-12,Sun,San Francisco 49ers,Kansas City Chiefs,21,7,Regular Season,2000
2000-11-12,Sun,Miami Dolphins,San Diego Chargers,17,7,Regular Season,2000
2000-11-12,Sun,Tampa Bay Buccaneers,Green Bay Packers,20,15,Regular Season,2000
2000-11-12,Sun,St. Louis Rams,New York Giants,38,24,Regular Season,2000
2000-11-12,Sun,Indianapolis Colts,New York Jets,23,15,Regular Season,2000
2000-11-13,Mon,Denver Broncos,Oakland Raiders,27,24,Regular Season,2000
2000-11-19,Sun,Buffalo Bills,Kansas City Chiefs,21,17,Regular Season,2000
2000-11-19,Sun,Minnesota Vikings,Carolina Panthers,31,17,Regular Season,2000
2000-11-19,Sun,New England Patriots,Cincinnati Bengals,16,13,Regular Season,2000
2000-11-19,Sun,Green Bay Packers,Indianapolis Colts,26,24,Regular Season,2000
2000-11-19,Sun,Philadelphia Eagles,Arizona Cardinals,34,9,Regular Season,2000
2000-11-19,Sun,Oakland Raiders,New Orleans Saints,31,22,Regular Season,2000
2000-11-19,Sun,Detroit Lions,New York Giants,31,21,Regular Season,2000
2000-11-19,Sun,Tennessee Titans,Cleveland Browns,24,10,Regular Season,2000
2000-11-19,Sun,Chicago Bears,Tampa Bay Buccaneers,13,10,Regular Season,2000
2000-11-19,Sun,Denver Broncos,San Diego Chargers,38,37,Regular Season,2000
2000-11-19,Sun,New York Jets,Miami Dolphins,20,3,Regular Season,2000
2000-11-19,Sun,Baltimore Ravens,Dallas Cowboys,27,0,Regular Season,2000
2000-11-19,Sun,San Francisco 49ers,Atlanta Falcons,16,6,Regular Season,2000
2000-11-19,Sun,Jacksonville Jaguars,Pittsburgh Steelers,34,24,Regular Season,2000
2000-11-20,Mon,Washington Redskins,St. Louis Rams,33,20,Regular Season,2000
2000-11-23,Thu,Detroit Lions,New England Patriots,34,9,Regular Season,2000
2000-11-23,Thu,Minnesota Vikings,Dallas Cowboys,27,15,Regular Season,2000
2000-11-26,Sun,Tampa Bay Buccaneers,Buffalo Bills,31,17,Regular Season,2000
2000-11-26,Sun,Baltimore Ravens,Cleveland Browns,44,7,Regular Season,2000
2000-11-26,Sun,Philadelphia Eagles,Washington Redskins,23,20,Regular Season,2000
2000-11-26,Sun,New York Jets,Chicago Bears,17,10,Regular Season,2000
2000-11-26,Sun,Pittsburgh Steelers,Cincinnati Bengals,48,28,Regular Season,2000
2000-11-26,Sun,New Orleans Saints,St. Louis Rams,31,24,Regular Season,2000
2000-11-26,Sun,Oakland Raiders,Atlanta Falcons,41,14,Regular Season,2000
2000-11-26,Sun,Miami Dolphins,Indianapolis Colts,17,14,Regular Season,2000
2000-11-26,Sun,Jacksonville Jaguars,Tennessee Titans,16,13,Regular Season,2000
2000-11-26,Sun,San Diego Chargers,Kansas City Chiefs,17,16,Regular Season,2000
2000-11-26,Sun,Denver Broncos,Seattle Seahawks,38,31,Regular Season,2000
2000-11-26,Sun,New York Giants,Arizona Cardinals,31,7,Regular Season,2000
2000-11-27,Mon,Carolina Panthers,Green Bay Packers,31,14,Regular Season,2000
2000-11-30,Thu,Minnesota Vikings,Detroit Lions,24,17,Regular Season,2000
2000-12-03,Sun,Tampa Bay Buccaneers,Dallas Cowboys,27,7,Regular Season,2000
2000-12-03,Sun,New York Giants,Washington Redskins,9,7,Regular Season,2000
2000-12-03,Sun,Pittsburgh Steelers,Oakland Raiders,21,20,Regular Season,2000
2000-12-03,Sun,Miami Dolphins,Buffalo Bills,33,6,Regular Season,2000
2000-12-03,Sun,Cincinnati Bengals,Arizona Cardinals,24,13,Regular Season,2000
2000-12-03,Sun,Denver Broncos,New Orleans Saints,38,23,Regular Season,2000
2000-12-03,Sun,Tennessee Titans,Philadelphia Eagles,15,13,Regular Season,2000
2000-12-03,Sun,Carolina Panthers,St. Louis Rams,16,3,Regular Season,2000
2000-12-03,Sun,Seattle Seahawks,Atlanta Falcons,30,10,Regular Season,2000
2000-12-03,Sun,San Francisco 49ers,San Diego Chargers,45,17,Regular Season,2000
2000-12-03,Sun,New York Jets,Indianapolis Colts,27,17,Regular Season,2000
2000-12-03,Sun,Jacksonville Jaguars,Cleveland Browns,48,0,Regular Season,2000
2000-12-03,Sun,Green Bay Packers,Chicago Bears,28,6,Regular Season,2000
2000-12-04,Mon,New England Patriots,Kansas City Chiefs,30,24,Regular Season,2000
2000-12-10,Sun,Kansas City Chiefs,Carolina Panthers,15,14,Regular Season,2000
2000-12-10,Sun,Chicago Bears,New England Patriots,24,17,Regular Season,2000
2000-12-10,Sun,Jacksonville Jaguars,Arizona Cardinals,44,10,Regular Season,2000
2000-12-10,Sun,Green Bay Packers,Detroit Lions,26,13,Regular Season,2000
2000-12-10,Sun,Tampa Bay Buccaneers,Miami Dolphins,16,13,Regular Season,2000
2000-12-10,Sun,Baltimore Ravens,San Diego Chargers,24,3,Regular Season,2000
2000-12-10,Sun,Tennessee Titans,Cincinnati Bengals,35,3,Regular Season,2000
2000-12-10,Sun,New York Giants,Pittsburgh Steelers,30,10,Regular Season,2000
2000-12-10,Sun,Philadelphia Eagles,Cleveland Browns,35,24,Regular Season,2000
2000-12-10,Sun,Denver Broncos,Seattle Seahawks,31,24,Regular Season,2000
2000-12-10,Sun,Dallas Cowboys,Washington Redskins,32,13,Regular Season,2000
2000-12-10,Sun,St. Louis Rams,Minnesota Vikings,40,29,Regular Season,2000
2000-12-10,Sun,New Orleans Saints,San Francisco 49ers,31,27,Regular Season,2000
2000-12-10,Sun,Oakland Raiders,New York Jets,31,7,Regular Season,2000
2000-12-11,Mon,Indianapolis Colts,Buffalo Bills,44,20,Regular Season,2000
2000-12-16,Sat,Pittsburgh Steelers,Washington Redskins,24,3,Regular Season,2000
2000-12-16,Sat,Seattle Seahawks,Oakland Raiders,27,24,Regular Season,2000
2000-12-17,Sun,Kansas City Chiefs,Denver Broncos,20,7,Regular Season,2000
2000-12-17,Sun,Green Bay Packers,Minnesota Vikings,33,28,Regular Season,2000
2000-12-17,Sun,New England Patriots,Buffalo Bills,13,10,Regular Season,2000
2000-12-17,Sun,Cincinnati Bengals,Jacksonville Jaguars,17,14,Regular Season,2000
2000-12-17,Sun,Detroit Lions,New York Jets,10,7,Regular Season,2000
2000-12-17,Sun,New Orleans Saints,Atlanta Falcons,23,7,Regular Season,2000
2000-12-17,Sun,Tennessee Titans,Cleveland Browns,24,0,Regular Season,2000
2000-12-17,Sun,Carolina Panthers,San Diego Chargers,30,22,Regular Season,2000
2000-12-17,Sun,San Francisco 49ers,Chicago Bears,17,0,Regular Season,2000
2000-12-17,Sun,Baltimore Ravens,Arizona Cardinals,13,7,Regular Season,2000
2000-12-17,Sun,Indianapolis Colts,Miami Dolphins,20,13,Regular Season,2000
2000-12-17,Sun,New York Giants,Dallas Cowboys,17,13,Regular Season,2000
2000-12-18,Mon,Tampa Bay Buccaneers,St. Louis Rams,38,35,Regular Season,2000
2000-12-23,Sat,New York Giants,Jacksonville Jaguars,28,25,Regular Season,2000
2000-12-23,Sat,Denver Broncos,San Francisco 49ers,38,9,Regular Season,2000
2000-12-23,Sat,Buffalo Bills,Seattle Seahawks,42,23,Regular Season,2000
2000-12-24,Sun,Washington Redskins,Arizona Cardinals,20,3,Regular Season,2000
2000-12-24,Sun,Chicago Bears,Detroit Lions,23,20,Regular Season,2000
2000-12-24,Sun,Green Bay Packers,Tampa Bay Buccaneers,17,14,Regular Season,2000
2000-12-24,Sun,Miami Dolphins,New England Patriots,27,24,Regular Season,2000
2000-12-24,Sun,St. Louis Rams,New Orleans Saints,26,21,Regular Season,2000
2000-12-24,Sun,Baltimore Ravens,New York Jets,34,20,Regular Season,2000
2000-12-24,Sun,Philadelphia Eagles,Cincinnati Bengals,16,7,Regular Season,2000
2000-12-24,Sun,Atlanta Falcons,Kansas City Chiefs,29,13,Regular Season,2000
2000-12-24,Sun,Pittsburgh Steelers,San Diego Chargers,34,21,Regular Season,2000
2000-12-24,Sun,Oakland Raiders,Carolina Panthers,52,9,Regular Season,2000
2000-12-24,Sun,Indianapolis Colts,Minnesota Vikings,31,10,Regular Season,2000
2000-12-25,Mon,Tennessee Titans,Dallas Cowboys,31,0,Regular Season,2000
Playoffs,,,,,,Playoff,2000
2000-12-30,Sat,Miami Dolphins,Indianapolis Colts,23,17,Playoff,2000
2000-12-30,Sat,New Orleans Saints,St. Louis Rams,31,28,Playoff,2000
2000-12-31,Sun,Baltimore Ravens,Denver Broncos,21,3,Playoff,2000
2000-12-31,Sun,Philadelphia Eagles,Tampa Bay Buccaneers,21,3,Playoff,2000
2001-01-06,Sat,Minnesota Vikings,New Orleans Saints,34,16,Playoff,2000
2001-01-06,Sat,Oakland Raiders,Miami Dolphins,27,0,Playoff,2000
2001-01-07,Sun,Baltimore Ravens,Tennessee Titans,24,10,Playoff,2000
2001-01-07,Sun,New York Giants,Philadelphia Eagles,20,10,Playoff,2000
2001-01-14,Sun,New York Giants,Minnesota Vikings,41,0,Playoff,2000
2001-01-14,Sun,Baltimore Ravens,Oakland Raiders,16,3,Playoff,2000
2001-01-28,Sun,Baltimore Ravens,New York Giants,34,7,Playoff,2000
