Date,DOW,WT,LT,WTS,LTS,Type,Season
2001-09-09,Sun,Oakland Raiders,Kansas City Chiefs,27,24,Regular Season,2001
2001-09-09,Sun,Green Bay Packers,Detroit Lions,28,6,Regular Season,2001
2001-09-09,Sun,Tampa Bay Buccaneers,Dallas Cowboys,10,6,Regular Season,2001
2001-09-09,Sun,Carolina Panthers,Minnesota Vikings,24,13,Regular Season,2001
2001-09-09,Sun,Baltimore Ravens,Chicago Bears,17,6,Regular Season,2001
2001-09-09,Sun,Seattle Seahawks,Cleveland Browns,9,6,Regular Season,2001
2001-09-09,Sun,Cincinnati Bengals,New England Patriots,23,17,Regular Season,2001
2001-09-09,Sun,Indianapolis Colts,New York Jets,45,24,Regular Season,2001
2001-09-09,Sun,New Orleans Saints,Buffalo Bills,24,6,Regular Season,2001
2001-09-09,Sun,Jacksonville Jaguars,Pittsburgh Steelers,21,3,Regular Season,2001
2001-09-09,Sun,San Francisco 49ers,Atlanta Falcons,16,13,Regular Season,2001
2001-09-09,Sun,San Diego Chargers,Washington Redskins,30,3,Regular Season,2001
2001-09-09,Sun,St. Louis Rams,Philadelphia Eagles,20,17,Regular Season,2001
2001-09-09,Sun,Miami Dolphins,Tennessee Titans,31,23,Regular Season,2001
2001-09-10,Mon,Denver Broncos,New York Giants,31,20,Regular Season,2001
2001-09-23,Sun,New York Giants,Kansas City Chiefs,13,3,Regular Season,2001
2001-09-23,Sun,Chicago Bears,Minnesota Vikings,17,10,Regular Season,2001
2001-09-23,Sun,Indianapolis Colts,Buffalo Bills,42,26,Regular Season,2001
2001-09-23,Sun,Jacksonville Jaguars,Tennessee Titans,13,6,Regular Season,2001
2001-09-23,Sun,Miami Dolphins,Oakland Raiders,18,15,Regular Season,2001
2001-09-23,Sun,Cincinnati Bengals,Baltimore Ravens,21,10,Regular Season,2001
2001-09-23,Sun,Atlanta Falcons,Carolina Panthers,24,16,Regular Season,2001
2001-09-23,Sun,San Diego Chargers,Dallas Cowboys,32,21,Regular Season,2001
2001-09-23,Sun,Cleveland Browns,Detroit Lions,24,14,Regular Season,2001
2001-09-23,Sun,New York Jets,New England Patriots,10,3,Regular Season,2001
2001-09-23,Sun,Philadelphia Eagles,Seattle Seahawks,27,3,Regular Season,2001
2001-09-23,Sun,St. Louis Rams,San Francisco 49ers,30,26,Regular Season,2001
2001-09-23,Sun,Denver Broncos,Arizona Cardinals,38,17,Regular Season,2001
2001-09-24,Mon,Green Bay Packers,Washington Redskins,37,0,Regular Season,2001
2001-09-30,Sun,St. Louis Rams,Miami Dolphins,42,10,Regular Season,2001
2001-09-30,Sun,Minnesota Vikings,Tampa Bay Buccaneers,20,16,Regular Season,2001
2001-09-30,Sun,Kansas City Chiefs,Washington Redskins,45,13,Regular Season,2001
2001-09-30,Sun,Pittsburgh Steelers,Buffalo Bills,20,3,Regular Season,2001
2001-09-30,Sun,Green Bay Packers,Carolina Panthers,28,7,Regular Season,2001
2001-09-30,Sun,New England Patriots,Indianapolis Colts,44,13,Regular Season,2001
2001-09-30,Sun,New York Giants,New Orleans Saints,21,13,Regular Season,2001
2001-09-30,Sun,Atlanta Falcons,Arizona Cardinals,34,14,Regular Season,2001
2001-09-30,Sun,Oakland Raiders,Seattle Seahawks,38,14,Regular Season,2001
2001-09-30,Sun,San Diego Chargers,Cincinnati Bengals,28,14,Regular Season,2001
2001-09-30,Sun,Cleveland Browns,Jacksonville Jaguars,23,14,Regular Season,2001
2001-09-30,Sun,Baltimore Ravens,Denver Broncos,20,13,Regular Season,2001
2001-09-30,Sun,Philadelphia Eagles,Dallas Cowboys,40,18,Regular Season,2001
2001-10-01,Mon,San Francisco 49ers,New York Jets,19,17,Regular Season,2001
2001-10-07,Sun,New Orleans Saints,Minnesota Vikings,28,15,Regular Season,2001
2001-10-07,Sun,Baltimore Ravens,Tennessee Titans,26,7,Regular Season,2001
2001-10-07,Sun,Pittsburgh Steelers,Cincinnati Bengals,16,7,Regular Season,2001
2001-10-07,Sun,Cleveland Browns,San Diego Chargers,20,16,Regular Season,2001
2001-10-07,Sun,Miami Dolphins,New England Patriots,30,10,Regular Season,2001
2001-10-07,Sun,New York Giants,Washington Redskins,23,9,Regular Season,2001
2001-10-07,Sun,Chicago Bears,Atlanta Falcons,31,3,Regular Season,2001
2001-10-07,Sun,Arizona Cardinals,Philadelphia Eagles,21,20,Regular Season,2001
2001-10-07,Sun,Oakland Raiders,Dallas Cowboys,28,21,Regular Season,2001
2001-10-07,Sun,Denver Broncos,Kansas City Chiefs,20,6,Regular Season,2001
2001-10-07,Sun,New York Jets,Buffalo Bills,42,36,Regular Season,2001
2001-10-07,Sun,Seattle Seahawks,Jacksonville Jaguars,24,15,Regular Season,2001
2001-10-07,Sun,Tampa Bay Buccaneers,Green Bay Packers,14,10,Regular Season,2001
2001-10-07,Sun,San Francisco 49ers,Carolina Panthers,24,14,Regular Season,2001
2001-10-08,Mon,St. Louis Rams,Detroit Lions,35,0,Regular Season,2001
2001-10-14,Sun,Pittsburgh Steelers,Kansas City Chiefs,20,17,Regular Season,2001
2001-10-14,Sun,St. Louis Rams,New York Giants,15,14,Regular Season,2001
2001-10-14,Sun,Chicago Bears,Arizona Cardinals,20,13,Regular Season,2001
2001-10-14,Sun,Minnesota Vikings,Detroit Lions,31,26,Regular Season,2001
2001-10-14,Sun,New Orleans Saints,Carolina Panthers,27,25,Regular Season,2001
2001-10-14,Sun,Cincinnati Bengals,Cleveland Browns,24,14,Regular Season,2001
2001-10-14,Sun,Green Bay Packers,Baltimore Ravens,31,23,Regular Season,2001
2001-10-14,Sun,New England Patriots,San Diego Chargers,29,26,Regular Season,2001
2001-10-14,Sun,Tennessee Titans,Tampa Bay Buccaneers,31,28,Regular Season,2001
2001-10-14,Sun,San Francisco 49ers,Atlanta Falcons,37,31,Regular Season,2001
2001-10-14,Sun,New York Jets,Miami Dolphins,21,17,Regular Season,2001
2001-10-14,Sun,Seattle Seahawks,Denver Broncos,34,21,Regular Season,2001
2001-10-14,Sun,Oakland Raiders,Indianapolis Colts,23,18,Regular Season,2001
2001-10-15,Mon,Dallas Cowboys,Washington Redskins,9,7,Regular Season,2001
2001-10-18,Thu,Buffalo Bills,Jacksonville Jaguars,13,10,Regular Season,2001
2001-10-21,Sun,Atlanta Falcons,New Orleans Saints,20,13,Regular Season,2001
2001-10-21,Sun,New England Patriots,Indianapolis Colts,38,17,Regular Season,2001
2001-10-21,Sun,Tennessee Titans,Detroit Lions,27,24,Regular Season,2001
2001-10-21,Sun,Pittsburgh Steelers,Tampa Bay Buccaneers,17,10,Regular Season,2001
2001-10-21,Sun,Washington Redskins,Carolina Panthers,17,14,Regular Season,2001
2001-10-21,Sun,Chicago Bears,Cincinnati Bengals,24,0,Regular Season,2001
2001-10-21,Sun,Cleveland Browns,Baltimore Ravens,24,14,Regular Season,2001
2001-10-21,Sun,St. Louis Rams,New York Jets,34,14,Regular Season,2001
2001-10-21,Sun,San Diego Chargers,Denver Broncos,27,10,Regular Season,2001
2001-10-21,Sun,Minnesota Vikings,Green Bay Packers,35,13,Regular Season,2001
2001-10-21,Sun,Arizona Cardinals,Kansas City Chiefs,24,16,Regular Season,2001
2001-10-22,Mon,Philadelphia Eagles,New York Giants,10,9,Regular Season,2001
2001-10-25,Thu,Indianapolis Colts,Kansas City Chiefs,35,28,Regular Season,2001
2001-10-28,Sun,Cincinnati Bengals,Detroit Lions,31,27,Regular Season,2001
2001-10-28,Sun,Baltimore Ravens,Jacksonville Jaguars,18,17,Regular Season,2001
2001-10-28,Sun,Tampa Bay Buccaneers,Minnesota Vikings,41,14,Regular Season,2001
2001-10-28,Sun,New Orleans Saints,St. Louis Rams,34,31,Regular Season,2001
2001-10-28,Sun,New York Jets,Carolina Panthers,13,12,Regular Season,2001
2001-10-28,Sun,Chicago Bears,San Francisco 49ers,37,31,Regular Season,2001
2001-10-28,Sun,San Diego Chargers,Buffalo Bills,27,24,Regular Season,2001
2001-10-28,Sun,Denver Broncos,New England Patriots,31,20,Regular Season,2001
2001-10-28,Sun,Dallas Cowboys,Arizona Cardinals,17,3,Regular Season,2001
2001-10-28,Sun,Washington Redskins,New York Giants,35,21,Regular Season,2001
2001-10-28,Sun,Miami Dolphins,Seattle Seahawks,24,20,Regular Season,2001
2001-10-28,Sun,Oakland Raiders,Philadelphia Eagles,20,10,Regular Season,2001
2001-10-29,Mon,Pittsburgh Steelers,Tennessee Titans,34,7,Regular Season,2001
2001-11-04,Sun,New England Patriots,Atlanta Falcons,24,10,Regular Season,2001
2001-11-04,Sun,Indianapolis Colts,Buffalo Bills,30,14,Regular Season,2001
2001-11-04,Sun,Baltimore Ravens,Pittsburgh Steelers,13,10,Regular Season,2001
2001-11-04,Sun,Miami Dolphins,Carolina Panthers,23,6,Regular Season,2001
2001-11-04,Sun,Green Bay Packers,Tampa Bay Buccaneers,21,20,Regular Season,2001
2001-11-04,Sun,Tennessee Titans,Jacksonville Jaguars,28,24,Regular Season,2001
2001-11-04,Sun,New York Giants,Dallas Cowboys,27,24,Regular Season,2001
2001-11-04,Sun,Philadelphia Eagles,Arizona Cardinals,21,7,Regular Season,2001
2001-11-04,Sun,San Francisco 49ers,Detroit Lions,21,13,Regular Season,2001
2001-11-04,Sun,Chicago Bears,Cleveland Browns,27,21,Regular Season,2001
2001-11-04,Sun,Washington Redskins,Seattle Seahawks,27,14,Regular Season,2001
2001-11-04,Sun,Kansas City Chiefs,San Diego Chargers,25,20,Regular Season,2001
2001-11-04,Sun,New York Jets,New Orleans Saints,16,9,Regular Season,2001
2001-11-05,Mon,Oakland Raiders,Denver Broncos,38,28,Regular Season,2001
2001-11-11,Sun,Miami Dolphins,Indianapolis Colts,27,24,Regular Season,2001
2001-11-11,Sun,New England Patriots,Buffalo Bills,21,11,Regular Season,2001
2001-11-11,Sun,Green Bay Packers,Chicago Bears,20,12,Regular Season,2001
2001-11-11,Sun,St. Louis Rams,Carolina Panthers,48,14,Regular Season,2001
2001-11-11,Sun,New York Jets,Kansas City Chiefs,27,7,Regular Season,2001
2001-11-11,Sun,Jacksonville Jaguars,Cincinnati Bengals,30,13,Regular Season,2001
2001-11-11,Sun,Pittsburgh Steelers,Cleveland Browns,15,12,Regular Season,2001
2001-11-11,Sun,Tampa Bay Buccaneers,Detroit Lions,20,17,Regular Season,2001
2001-11-11,Sun,Atlanta Falcons,Dallas Cowboys,20,13,Regular Season,2001
2001-11-11,Sun,Denver Broncos,San Diego Chargers,26,16,Regular Season,2001
2001-11-11,Sun,Philadelphia Eagles,Minnesota Vikings,48,17,Regular Season,2001
2001-11-11,Sun,San Francisco 49ers,New Orleans Saints,28,27,Regular Season,2001
2001-11-11,Sun,New York Giants,Arizona Cardinals,17,10,Regular Season,2001
2001-11-11,Sun,Seattle Seahawks,Oakland Raiders,34,27,Regular Season,2001
2001-11-12,Mon,Baltimore Ravens,Tennessee Titans,16,10,Regular Season,2001
2001-11-18,Sun,Cleveland Browns,Baltimore Ravens,27,17,Regular Season,2001
2001-11-18,Sun,Atlanta Falcons,Green Bay Packers,23,20,Regular Season,2001
2001-11-18,Sun,Seattle Seahawks,Buffalo Bills,23,20,Regular Season,2001
2001-11-18,Sun,Tennessee Titans,Cincinnati Bengals,20,7,Regular Season,2001
2001-11-18,Sun,New Orleans Saints,Indianapolis Colts,34,20,Regular Season,2001
2001-11-18,Sun,New York Jets,Miami Dolphins,24,0,Regular Season,2001
2001-11-18,Sun,San Francisco 49ers,Carolina Panthers,25,22,Regular Season,2001
2001-11-18,Sun,Philadelphia Eagles,Dallas Cowboys,36,3,Regular Season,2001
2001-11-18,Sun,Pittsburgh Steelers,Jacksonville Jaguars,20,7,Regular Season,2001
2001-11-18,Sun,Oakland Raiders,San Diego Chargers,34,24,Regular Season,2001
2001-11-18,Sun,Chicago Bears,Tampa Bay Buccaneers,27,24,Regular Season,2001
2001-11-18,Sun,Arizona Cardinals,Detroit Lions,45,38,Regular Season,2001
2001-11-18,Sun,Washington Redskins,Denver Broncos,17,10,Regular Season,2001
2001-11-18,Sun,St. Louis Rams,New England Patriots,24,17,Regular Season,2001
2001-11-19,Mon,Minnesota Vikings,New York Giants,28,16,Regular Season,2001
2001-11-22,Thu,Green Bay Packers,Detroit Lions,29,27,Regular Season,2001
2001-11-22,Thu,Denver Broncos,Dallas Cowboys,26,24,Regular Season,2001
2001-11-25,Sun,San Francisco 49ers,Indianapolis Colts,40,21,Regular Season,2001
2001-11-25,Sun,Kansas City Chiefs,Seattle Seahawks,19,7,Regular Season,2001
2001-11-25,Sun,Atlanta Falcons,Carolina Panthers,10,7,Regular Season,2001
2001-11-25,Sun,Miami Dolphins,Buffalo Bills,34,27,Regular Season,2001
2001-11-25,Sun,Cleveland Browns,Cincinnati Bengals,18,0,Regular Season,2001
2001-11-25,Sun,Washington Redskins,Philadelphia Eagles,13,3,Regular Season,2001
2001-11-25,Sun,Pittsburgh Steelers,Tennessee Titans,34,24,Regular Season,2001
2001-11-25,Sun,Arizona Cardinals,San Diego Chargers,20,17,Regular Season,2001
2001-11-25,Sun,New England Patriots,New Orleans Saints,34,17,Regular Season,2001
2001-11-25,Sun,Baltimore Ravens,Jacksonville Jaguars,24,21,Regular Season,2001
2001-11-25,Sun,Oakland Raiders,New York Giants,28,10,Regular Season,2001
2001-11-25,Sun,Chicago Bears,Minnesota Vikings,13,6,Regular Season,2001
2001-11-26,Mon,Tampa Bay Buccaneers,St. Louis Rams,24,17,Regular Season,2001
2001-11-29,Thu,Philadelphia Eagles,Kansas City Chiefs,23,10,Regular Season,2001
2001-12-02,Sun,Pittsburgh Steelers,Minnesota Vikings,21,16,Regular Season,2001
2001-12-02,Sun,Tampa Bay Buccaneers,Cincinnati Bengals,16,13,Regular Season,2001
2001-12-02,Sun,Tennessee Titans,Cleveland Browns,31,15,Regular Season,2001
2001-12-02,Sun,Baltimore Ravens,Indianapolis Colts,39,27,Regular Season,2001
2001-12-02,Sun,Miami Dolphins,Denver Broncos,21,10,Regular Season,2001
2001-12-02,Sun,New England Patriots,New York Jets,17,16,Regular Season,2001
2001-12-02,Sun,Chicago Bears,Detroit Lions,13,10,Regular Season,2001
2001-12-02,Sun,New Orleans Saints,Carolina Panthers,27,23,Regular Season,2001
2001-12-02,Sun,Seattle Seahawks,San Diego Chargers,13,10,Regular Season,2001
2001-12-02,Sun,St. Louis Rams,Atlanta Falcons,35,6,Regular Season,2001
2001-12-02,Sun,Arizona Cardinals,Oakland Raiders,34,31,Regular Season,2001
2001-12-02,Sun,Dallas Cowboys,Washington Redskins,20,14,Regular Season,2001
2001-12-02,Sun,San Francisco 49ers,Buffalo Bills,35,0,Regular Season,2001
2001-12-03,Mon,Green Bay Packers,Jacksonville Jaguars,28,21,Regular Season,2001
2001-12-09,Sun,Minnesota Vikings,Tennessee Titans,42,24,Regular Season,2001
2001-12-09,Sun,Tampa Bay Buccaneers,Detroit Lions,15,12,Regular Season,2001
2001-12-09,Sun,Buffalo Bills,Carolina Panthers,25,24,Regular Season,2001
2001-12-09,Sun,Green Bay Packers,Chicago Bears,17,7,Regular Season,2001
2001-12-09,Sun,Jacksonville Jaguars,Cincinnati Bengals,14,10,Regular Season,2001
2001-12-09,Sun,New England Patriots,Cleveland Browns,27,16,Regular Season,2001
2001-12-09,Sun,Dallas Cowboys,New York Giants,20,13,Regular Season,2001
2001-12-09,Sun,St. Louis Rams,San Francisco 49ers,27,14,Regular Season,2001
2001-12-09,Sun,Philadelphia Eagles,San Diego Chargers,24,14,Regular Season,2001
2001-12-09,Sun,New Orleans Saints,Atlanta Falcons,28,10,Regular Season,2001
2001-12-09,Sun,Washington Redskins,Arizona Cardinals,20,10,Regular Season,2001
2001-12-09,Sun,Oakland Raiders,Kansas City Chiefs,28,26,Regular Season,2001
2001-12-09,Sun,Pittsburgh Steelers,New York Jets,18,7,Regular Season,2001
2001-12-09,Sun,Denver Broncos,Seattle Seahawks,20,7,Regular Season,2001
2001-12-10,Mon,Miami Dolphins,Indianapolis Colts,41,6,Regular Season,2001
2001-12-15,Sat,New York Giants,Arizona Cardinals,17,13,Regular Season,2001
2001-12-15,Sat,Oakland Raiders,San Diego Chargers,13,6,Regular Season,2001
2001-12-16,Sun,Indianapolis Colts,Atlanta Falcons,41,27,Regular Season,2001
2001-12-16,Sun,Kansas City Chiefs,Denver Broncos,26,23,Regular Season,2001
2001-12-16,Sun,New England Patriots,Buffalo Bills,12,9,Regular Season,2001
2001-12-16,Sun,Chicago Bears,Tampa Bay Buccaneers,27,3,Regular Season,2001
2001-12-16,Sun,New York Jets,Cincinnati Bengals,15,14,Regular Season,2001
2001-12-16,Sun,Detroit Lions,Minnesota Vikings,27,24,Regular Season,2001
2001-12-16,Sun,Jacksonville Jaguars,Cleveland Browns,15,10,Regular Season,2001
2001-12-16,Sun,San Francisco 49ers,Miami Dolphins,21,0,Regular Season,2001
2001-12-16,Sun,Tennessee Titans,Green Bay Packers,26,20,Regular Season,2001
2001-12-16,Sun,Philadelphia Eagles,Washington Redskins,20,6,Regular Season,2001
2001-12-16,Sun,Seattle Seahawks,Dallas Cowboys,29,3,Regular Season,2001
2001-12-16,Sun,Pittsburgh Steelers,Baltimore Ravens,26,21,Regular Season,2001
2001-12-17,Mon,St. Louis Rams,New Orleans Saints,34,21,Regular Season,2001
2001-12-22,Sat,New England Patriots,Miami Dolphins,20,13,Regular Season,2001
2001-12-22,Sat,San Francisco 49ers,Philadelphia Eagles,13,3,Regular Season,2001
2001-12-22,Sat,Tennessee Titans,Oakland Raiders,13,10,Regular Season,2001
2001-12-23,Sun,Jacksonville Jaguars,Minnesota Vikings,33,3,Regular Season,2001
2001-12-23,Sun,Kansas City Chiefs,San Diego Chargers,20,17,Regular Season,2001
2001-12-23,Sun,Chicago Bears,Washington Redskins,20,15,Regular Season,2001
2001-12-23,Sun,Pittsburgh Steelers,Detroit Lions,47,14,Regular Season,2001
2001-12-23,Sun,Tampa Bay Buccaneers,New Orleans Saints,48,21,Regular Season,2001
2001-12-23,Sun,St. Louis Rams,Carolina Panthers,38,32,Regular Season,2001
2001-12-23,Sun,Baltimore Ravens,Cincinnati Bengals,16,0,Regular Season,2001
2001-12-23,Sun,New York Giants,Seattle Seahawks,27,24,Regular Season,2001
2001-12-23,Sun,Atlanta Falcons,Buffalo Bills,33,30,Regular Season,2001
2001-12-23,Sun,Arizona Cardinals,Dallas Cowboys,17,10,Regular Season,2001
2001-12-23,Sun,Green Bay Packers,Cleveland Browns,30,7,Regular Season,2001
2001-12-23,Sun,New York Jets,Indianapolis Colts,29,28,Regular Season,2001
2001-12-29,Sat,Tampa Bay Buccaneers,Baltimore Ravens,22,10,Regular Season,2001
2001-12-30,Sun,Miami Dolphins,Atlanta Falcons,21,14,Regular Season,2001
2001-12-30,Sun,Arizona Cardinals,Carolina Panthers,30,7,Regular Season,2001
2001-12-30,Sun,Cincinnati Bengals,Pittsburgh Steelers,26,23,Regular Season,2001
2001-12-30,Sun,St. Louis Rams,Indianapolis Colts,42,17,Regular Season,2001
2001-12-30,Sun,Green Bay Packers,Minnesota Vikings,24,13,Regular Season,2001
2001-12-30,Sun,Buffalo Bills,New York Jets,14,9,Regular Season,2001
2001-12-30,Sun,Chicago Bears,Detroit Lions,24,0,Regular Season,2001
2001-12-30,Sun,Cleveland Browns,Tennessee Titans,41,38,Regular Season,2001
2001-12-30,Sun,Dallas Cowboys,San Francisco 49ers,27,21,Regular Season,2001
2001-12-30,Sun,Kansas City Chiefs,Jacksonville Jaguars,30,26,Regular Season,2001
2001-12-30,Sun,Philadelphia Eagles,New York Giants,24,21,Regular Season,2001
2001-12-30,Sun,Denver Broncos,Oakland Raiders,23,17,Regular Season,2001
2001-12-30,Sun,Seattle Seahawks,San Diego Chargers,25,22,Regular Season,2001
2001-12-30,Sun,Washington Redskins,New Orleans Saints,40,10,Regular Season,2001
2002-01-06,Sun,San Francisco 49ers,New Orleans Saints,38,0,Regular Season,2001
2002-01-06,Sun,Indianapolis Colts,Denver Broncos,29,10,Regular Season,2001
2002-01-06,Sun,Pittsburgh Steelers,Cleveland Browns,28,7,Regular Season,2001
2002-01-06,Sun,Washington Redskins,Arizona Cardinals,20,17,Regular Season,2001
2002-01-06,Sun,New England Patriots,Carolina Panthers,38,6,Regular Season,2001
2002-01-06,Sun,Chicago Bears,Jacksonville Jaguars,33,13,Regular Season,2001
2002-01-06,Sun,Cincinnati Bengals,Tennessee Titans,23,21,Regular Season,2001
2002-01-06,Sun,Detroit Lions,Dallas Cowboys,15,10,Regular Season,2001
2002-01-06,Sun,Green Bay Packers,New York Giants,34,25,Regular Season,2001
2002-01-06,Sun,St. Louis Rams,Atlanta Falcons,31,13,Regular Season,2001
2002-01-06,Sun,New York Jets,Oakland Raiders,24,22,Regular Season,2001
2002-01-06,Sun,Seattle Seahawks,Kansas City Chiefs,21,18,Regular Season,2001
2002-01-06,Sun,Miami Dolphins,Buffalo Bills,34,7,Regular Season,2001
2002-01-06,Sun,Philadelphia Eagles,Tampa Bay Buccaneers,17,13,Regular Season,2001
2002-01-07,Mon,Baltimore Ravens,Minnesota Vikings,19,3,Regular Season,2001
Playoffs,,,,,,Playoff,2001
2002-01-12,Sat,Philadelphia Eagles,Tampa Bay Buccaneers,31,9,Playoff,2001
2002-01-12,Sat,Oakland Raiders,New York Jets,38,24,Playoff,2001
2002-01-13,Sun,Green Bay Packers,San Francisco 49ers,25,15,Playoff,2001
2002-01-13,Sun,Baltimore Ravens,Miami Dolphins,20,3,Playoff,2001
2002-01-19,Sat,Philadelphia Eagles,Chicago Bears,33,19,Playoff,2001
2002-01-19,Sat,New England Patriots,Oakland Raiders,16,13,Playoff,2001
2002-01-20,Sun,Pittsburgh Steelers,Baltimore Ravens,27,10,Playoff,2001
2002-01-20,Sun,St. Louis Rams,Green Bay Packers,45,17,Playoff,2001
2002-01-27,Sun,New England Patriots,Pittsburgh Steelers,24,17,Playoff,2001
2002-01-27,Sun,St. Louis Rams,Philadelphia Eagles,29,24,Playoff,2001
2002-02-03,Sun,New England Patriots,St. Louis Rams,20,17,Playoff,2001
