Date,DOW,WT,LT,WTS,LTS,Type,Season
2002-09-05,Thu,San Francisco 49ers,New York Giants,16,13,Regular Season,2002
2002-09-08,Sun,Green Bay Packers,Atlanta Falcons,37,34,Regular Season,2002
2002-09-08,Sun,New York Jets,Buffalo Bills,37,31,Regular Season,2002
2002-09-08,Sun,Carolina Panthers,Baltimore Ravens,10,7,Regular Season,2002
2002-09-08,Sun,Chicago Bears,Minnesota Vikings,27,23,Regular Season,2002
2002-09-08,Sun,San Diego Chargers,Cincinnati Bengals,34,6,Regular Season,2002
2002-09-08,Sun,Kansas City Chiefs,Cleveland Browns,40,39,Regular Season,2002
2002-09-08,Sun,Indianapolis Colts,Jacksonville Jaguars,28,25,Regular Season,2002
2002-09-08,Sun,Miami Dolphins,Detroit Lions,49,21,Regular Season,2002
2002-09-08,Sun,Washington Redskins,Arizona Cardinals,31,23,Regular Season,2002
2002-09-08,Sun,Tennessee Titans,Philadelphia Eagles,27,24,Regular Season,2002
2002-09-08,Sun,New Orleans Saints,Tampa Bay Buccaneers,26,20,Regular Season,2002
2002-09-08,Sun,Denver Broncos,St. Louis Rams,23,16,Regular Season,2002
2002-09-08,Sun,Oakland Raiders,Seattle Seahawks,31,17,Regular Season,2002
2002-09-08,Sun,Houston Texans,Dallas Cowboys,19,10,Regular Season,2002
2002-09-09,Mon,New England Patriots,Pittsburgh Steelers,30,14,Regular Season,2002
2002-09-15,Sun,Miami Dolphins,Indianapolis Colts,21,13,Regular Season,2002
2002-09-15,Sun,Jacksonville Jaguars,Kansas City Chiefs,23,16,Regular Season,2002
2002-09-15,Sun,Dallas Cowboys,Tennessee Titans,21,13,Regular Season,2002
2002-09-15,Sun,Tampa Bay Buccaneers,Baltimore Ravens,25,0,Regular Season,2002
2002-09-15,Sun,Cleveland Browns,Cincinnati Bengals,20,7,Regular Season,2002
2002-09-15,Sun,New England Patriots,New York Jets,44,7,Regular Season,2002
2002-09-15,Sun,Chicago Bears,Atlanta Falcons,14,13,Regular Season,2002
2002-09-15,Sun,Carolina Panthers,Detroit Lions,31,7,Regular Season,2002
2002-09-15,Sun,New Orleans Saints,Green Bay Packers,35,20,Regular Season,2002
2002-09-15,Sun,New York Giants,St. Louis Rams,26,21,Regular Season,2002
2002-09-15,Sun,Denver Broncos,San Francisco 49ers,24,14,Regular Season,2002
2002-09-15,Sun,Arizona Cardinals,Seattle Seahawks,24,13,Regular Season,2002
2002-09-15,Sun,Buffalo Bills,Minnesota Vikings,45,39,Regular Season,2002
2002-09-15,Sun,San Diego Chargers,Houston Texans,24,3,Regular Season,2002
2002-09-15,Sun,Oakland Raiders,Pittsburgh Steelers,30,17,Regular Season,2002
2002-09-16,Mon,Philadelphia Eagles,Washington Redskins,37,7,Regular Season,2002
2002-09-22,Sun,Carolina Panthers,Minnesota Vikings,21,14,Regular Season,2002
2002-09-22,Sun,Indianapolis Colts,Houston Texans,23,3,Regular Season,2002
2002-09-22,Sun,Philadelphia Eagles,Dallas Cowboys,44,13,Regular Season,2002
2002-09-22,Sun,New England Patriots,Kansas City Chiefs,41,38,Regular Season,2002
2002-09-22,Sun,Miami Dolphins,New York Jets,30,3,Regular Season,2002
2002-09-22,Sun,Cleveland Browns,Tennessee Titans,31,28,Regular Season,2002
2002-09-22,Sun,New Orleans Saints,Chicago Bears,29,23,Regular Season,2002
2002-09-22,Sun,Denver Broncos,Buffalo Bills,28,23,Regular Season,2002
2002-09-22,Sun,San Diego Chargers,Arizona Cardinals,23,15,Regular Season,2002
2002-09-22,Sun,New York Giants,Seattle Seahawks,9,6,Regular Season,2002
2002-09-22,Sun,San Francisco 49ers,Washington Redskins,20,10,Regular Season,2002
2002-09-22,Sun,Green Bay Packers,Detroit Lions,37,31,Regular Season,2002
2002-09-22,Sun,Atlanta Falcons,Cincinnati Bengals,30,3,Regular Season,2002
2002-09-23,Mon,Tampa Bay Buccaneers,St. Louis Rams,26,14,Regular Season,2002
2002-09-29,Sun,Kansas City Chiefs,Miami Dolphins,48,30,Regular Season,2002
2002-09-29,Sun,Pittsburgh Steelers,Cleveland Browns,16,13,Regular Season,2002
2002-09-29,Sun,Jacksonville Jaguars,New York Jets,28,3,Regular Season,2002
2002-09-29,Sun,Green Bay Packers,Carolina Panthers,17,14,Regular Season,2002
2002-09-29,Sun,Dallas Cowboys,St. Louis Rams,13,10,Regular Season,2002
2002-09-29,Sun,Philadelphia Eagles,Houston Texans,35,17,Regular Season,2002
2002-09-29,Sun,Detroit Lions,New Orleans Saints,26,21,Regular Season,2002
2002-09-29,Sun,Buffalo Bills,Chicago Bears,33,27,Regular Season,2002
2002-09-29,Sun,Arizona Cardinals,New York Giants,21,7,Regular Season,2002
2002-09-29,Sun,Tampa Bay Buccaneers,Cincinnati Bengals,35,7,Regular Season,2002
2002-09-29,Sun,San Diego Chargers,New England Patriots,21,14,Regular Season,2002
2002-09-29,Sun,Oakland Raiders,Tennessee Titans,52,25,Regular Season,2002
2002-09-29,Sun,Seattle Seahawks,Minnesota Vikings,48,23,Regular Season,2002
2002-09-30,Mon,Baltimore Ravens,Denver Broncos,34,23,Regular Season,2002
2002-10-06,Sun,Indianapolis Colts,Cincinnati Bengals,28,21,Regular Season,2002
2002-10-06,Sun,Oakland Raiders,Buffalo Bills,49,31,Regular Season,2002
2002-10-06,Sun,Arizona Cardinals,Carolina Panthers,16,13,Regular Season,2002
2002-10-06,Sun,Miami Dolphins,New England Patriots,26,13,Regular Season,2002
2002-10-06,Sun,New Orleans Saints,Pittsburgh Steelers,32,29,Regular Season,2002
2002-10-06,Sun,Tampa Bay Buccaneers,Atlanta Falcons,20,6,Regular Season,2002
2002-10-06,Sun,New York Giants,Dallas Cowboys,21,17,Regular Season,2002
2002-10-06,Sun,Washington Redskins,Tennessee Titans,31,14,Regular Season,2002
2002-10-06,Sun,Denver Broncos,San Diego Chargers,26,9,Regular Season,2002
2002-10-06,Sun,Kansas City Chiefs,New York Jets,29,25,Regular Season,2002
2002-10-06,Sun,Jacksonville Jaguars,Philadelphia Eagles,28,25,Regular Season,2002
2002-10-06,Sun,San Francisco 49ers,St. Louis Rams,37,13,Regular Season,2002
2002-10-06,Sun,Baltimore Ravens,Cleveland Browns,26,21,Regular Season,2002
2002-10-07,Mon,Green Bay Packers,Chicago Bears,34,21,Regular Season,2002
2002-10-13,Sun,Indianapolis Colts,Baltimore Ravens,22,20,Regular Season,2002
2002-10-13,Sun,Minnesota Vikings,Detroit Lions,31,24,Regular Season,2002
2002-10-13,Sun,Tampa Bay Buccaneers,Cleveland Browns,17,3,Regular Season,2002
2002-10-13,Sun,New Orleans Saints,Washington Redskins,43,27,Regular Season,2002
2002-10-13,Sun,Buffalo Bills,Houston Texans,31,24,Regular Season,2002
2002-10-13,Sun,Pittsburgh Steelers,Cincinnati Bengals,34,7,Regular Season,2002
2002-10-13,Sun,Green Bay Packers,New England Patriots,28,10,Regular Season,2002
2002-10-13,Sun,Atlanta Falcons,New York Giants,17,10,Regular Season,2002
2002-10-13,Sun,Dallas Cowboys,Carolina Panthers,14,13,Regular Season,2002
2002-10-13,Sun,Tennessee Titans,Jacksonville Jaguars,23,14,Regular Season,2002
2002-10-13,Sun,St. Louis Rams,Oakland Raiders,28,13,Regular Season,2002
2002-10-13,Sun,San Diego Chargers,Kansas City Chiefs,35,34,Regular Season,2002
2002-10-13,Sun,Miami Dolphins,Denver Broncos,24,22,Regular Season,2002
2002-10-14,Mon,San Francisco 49ers,Seattle Seahawks,28,21,Regular Season,2002
2002-10-20,Sun,Denver Broncos,Kansas City Chiefs,37,34,Regular Season,2002
2002-10-20,Sun,Baltimore Ravens,Jacksonville Jaguars,17,10,Regular Season,2002
2002-10-20,Sun,New York Jets,Minnesota Vikings,20,7,Regular Season,2002
2002-10-20,Sun,St. Louis Rams,Seattle Seahawks,37,20,Regular Season,2002
2002-10-20,Sun,Detroit Lions,Chicago Bears,23,20,Regular Season,2002
2002-10-20,Sun,Buffalo Bills,Miami Dolphins,23,10,Regular Season,2002
2002-10-20,Sun,New Orleans Saints,San Francisco 49ers,35,27,Regular Season,2002
2002-10-20,Sun,Atlanta Falcons,Carolina Panthers,30,0,Regular Season,2002
2002-10-20,Sun,San Diego Chargers,Oakland Raiders,27,21,Regular Season,2002
2002-10-20,Sun,Cleveland Browns,Houston Texans,34,17,Regular Season,2002
2002-10-20,Sun,Arizona Cardinals,Dallas Cowboys,9,6,Regular Season,2002
2002-10-20,Sun,Philadelphia Eagles,Tampa Bay Buccaneers,20,10,Regular Season,2002
2002-10-20,Sun,Green Bay Packers,Washington Redskins,30,9,Regular Season,2002
2002-10-21,Mon,Pittsburgh Steelers,Indianapolis Colts,28,10,Regular Season,2002
2002-10-27,Sun,Minnesota Vikings,Chicago Bears,25,7,Regular Season,2002
2002-10-27,Sun,Kansas City Chiefs,Oakland Raiders,20,10,Regular Season,2002
2002-10-27,Sun,Tennessee Titans,Cincinnati Bengals,30,24,Regular Season,2002
2002-10-27,Sun,Pittsburgh Steelers,Baltimore Ravens,31,18,Regular Season,2002
2002-10-27,Sun,Buffalo Bills,Detroit Lions,24,17,Regular Season,2002
2002-10-27,Sun,Tampa Bay Buccaneers,Carolina Panthers,12,9,Regular Season,2002
2002-10-27,Sun,Cleveland Browns,New York Jets,24,21,Regular Season,2002
2002-10-27,Sun,Atlanta Falcons,New Orleans Saints,37,35,Regular Season,2002
2002-10-27,Sun,Seattle Seahawks,Dallas Cowboys,17,14,Regular Season,2002
2002-10-27,Sun,San Francisco 49ers,Arizona Cardinals,38,28,Regular Season,2002
2002-10-27,Sun,Houston Texans,Jacksonville Jaguars,21,19,Regular Season,2002
2002-10-27,Sun,Denver Broncos,New England Patriots,24,16,Regular Season,2002
2002-10-27,Sun,Washington Redskins,Indianapolis Colts,26,21,Regular Season,2002
2002-10-28,Mon,Philadelphia Eagles,New York Giants,17,3,Regular Season,2002
2002-11-03,Sun,Tennessee Titans,Indianapolis Colts,23,15,Regular Season,2002
2002-11-03,Sun,Cincinnati Bengals,Houston Texans,38,3,Regular Season,2002
2002-11-03,Sun,Tampa Bay Buccaneers,Minnesota Vikings,38,24,Regular Season,2002
2002-11-03,Sun,New England Patriots,Buffalo Bills,38,7,Regular Season,2002
2002-11-03,Sun,Pittsburgh Steelers,Cleveland Browns,23,20,Regular Season,2002
2002-11-03,Sun,Detroit Lions,Dallas Cowboys,9,7,Regular Season,2002
2002-11-03,Sun,Atlanta Falcons,Baltimore Ravens,20,17,Regular Season,2002
2002-11-03,Sun,Philadelphia Eagles,Chicago Bears,19,13,Regular Season,2002
2002-11-03,Sun,New York Jets,San Diego Chargers,44,13,Regular Season,2002
2002-11-03,Sun,St. Louis Rams,Arizona Cardinals,27,14,Regular Season,2002
2002-11-03,Sun,San Francisco 49ers,Oakland Raiders,23,20,Regular Season,2002
2002-11-03,Sun,Washington Redskins,Seattle Seahawks,14,3,Regular Season,2002
2002-11-03,Sun,New York Giants,Jacksonville Jaguars,24,17,Regular Season,2002
2002-11-04,Mon,Green Bay Packers,Miami Dolphins,24,10,Regular Season,2002
2002-11-10,Sun,New York Giants,Minnesota Vikings,27,20,Regular Season,2002
2002-11-10,Sun,Pittsburgh Steelers,Atlanta Falcons,34,34,Regular Season,2002
2002-11-10,Sun,New Orleans Saints,Carolina Panthers,34,24,Regular Season,2002
2002-11-10,Sun,Baltimore Ravens,Cincinnati Bengals,38,27,Regular Season,2002
2002-11-10,Sun,Green Bay Packers,Detroit Lions,40,14,Regular Season,2002
2002-11-10,Sun,St. Louis Rams,San Diego Chargers,28,24,Regular Season,2002
2002-11-10,Sun,Indianapolis Colts,Philadelphia Eagles,35,13,Regular Season,2002
2002-11-10,Sun,Tennessee Titans,Houston Texans,17,10,Regular Season,2002
2002-11-10,Sun,Jacksonville Jaguars,Washington Redskins,26,7,Regular Season,2002
2002-11-10,Sun,Seattle Seahawks,Arizona Cardinals,27,6,Regular Season,2002
2002-11-10,Sun,New England Patriots,Chicago Bears,33,30,Regular Season,2002
2002-11-10,Sun,San Francisco 49ers,Kansas City Chiefs,17,13,Regular Season,2002
2002-11-10,Sun,New York Jets,Miami Dolphins,13,10,Regular Season,2002
2002-11-11,Mon,Oakland Raiders,Denver Broncos,34,10,Regular Season,2002
2002-11-17,Sun,Minnesota Vikings,Green Bay Packers,31,21,Regular Season,2002
2002-11-17,Sun,Kansas City Chiefs,Buffalo Bills,17,16,Regular Season,2002
2002-11-17,Sun,Indianapolis Colts,Dallas Cowboys,20,3,Regular Season,2002
2002-11-17,Sun,Cleveland Browns,Cincinnati Bengals,27,20,Regular Season,2002
2002-11-17,Sun,Jacksonville Jaguars,Houston Texans,24,21,Regular Season,2002
2002-11-17,Sun,Philadelphia Eagles,Arizona Cardinals,38,14,Regular Season,2002
2002-11-17,Sun,Tennessee Titans,Pittsburgh Steelers,31,23,Regular Season,2002
2002-11-17,Sun,New York Giants,Washington Redskins,19,17,Regular Season,2002
2002-11-17,Sun,Atlanta Falcons,New Orleans Saints,24,17,Regular Season,2002
2002-11-17,Sun,Tampa Bay Buccaneers,Carolina Panthers,23,10,Regular Season,2002
2002-11-17,Sun,San Diego Chargers,San Francisco 49ers,20,17,Regular Season,2002
2002-11-17,Sun,Denver Broncos,Seattle Seahawks,31,9,Regular Season,2002
2002-11-17,Sun,New York Jets,Detroit Lions,31,14,Regular Season,2002
2002-11-17,Sun,Miami Dolphins,Baltimore Ravens,26,7,Regular Season,2002
2002-11-17,Sun,Oakland Raiders,New England Patriots,27,20,Regular Season,2002
2002-11-18,Mon,St. Louis Rams,Chicago Bears,21,16,Regular Season,2002
2002-11-24,Sun,Pittsburgh Steelers,Cincinnati Bengals,29,21,Regular Season,2002
2002-11-24,Sun,Washington Redskins,St. Louis Rams,20,17,Regular Season,2002
2002-11-24,Sun,Atlanta Falcons,Carolina Panthers,41,0,Regular Season,2002
2002-11-24,Sun,New York Jets,Buffalo Bills,31,13,Regular Season,2002
2002-11-24,Sun,Cleveland Browns,New Orleans Saints,24,15,Regular Season,2002
2002-11-24,Sun,Miami Dolphins,San Diego Chargers,30,3,Regular Season,2002
2002-11-24,Sun,New England Patriots,Minnesota Vikings,24,17,Regular Season,2002
2002-11-24,Sun,Baltimore Ravens,Tennessee Titans,13,12,Regular Season,2002
2002-11-24,Sun,Chicago Bears,Detroit Lions,20,17,Regular Season,2002
2002-11-24,Sun,Dallas Cowboys,Jacksonville Jaguars,21,19,Regular Season,2002
2002-11-24,Sun,Oakland Raiders,Arizona Cardinals,41,20,Regular Season,2002
2002-11-24,Sun,Seattle Seahawks,Kansas City Chiefs,39,32,Regular Season,2002
2002-11-24,Sun,Tampa Bay Buccaneers,Green Bay Packers,21,7,Regular Season,2002
2002-11-24,Sun,Houston Texans,New York Giants,16,14,Regular Season,2002
2002-11-24,Sun,Indianapolis Colts,Denver Broncos,23,20,Regular Season,2002
2002-11-25,Mon,Philadelphia Eagles,San Francisco 49ers,38,17,Regular Season,2002
2002-11-28,Thu,New England Patriots,Detroit Lions,20,12,Regular Season,2002
2002-11-28,Thu,Dallas Cowboys,Washington Redskins,27,20,Regular Season,2002
2002-12-01,Sun,Atlanta Falcons,Minnesota Vikings,30,24,Regular Season,2002
2002-12-01,Sun,Kansas City Chiefs,Arizona Cardinals,49,0,Regular Season,2002
2002-12-01,Sun,Buffalo Bills,Miami Dolphins,38,21,Regular Season,2002
2002-12-01,Sun,Green Bay Packers,Chicago Bears,30,20,Regular Season,2002
2002-12-01,Sun,Baltimore Ravens,Cincinnati Bengals,27,23,Regular Season,2002
2002-12-01,Sun,Tennessee Titans,New York Giants,32,29,Regular Season,2002
2002-12-01,Sun,Carolina Panthers,Cleveland Browns,13,6,Regular Season,2002
2002-12-01,Sun,Pittsburgh Steelers,Jacksonville Jaguars,25,23,Regular Season,2002
2002-12-01,Sun,Indianapolis Colts,Houston Texans,19,3,Regular Season,2002
2002-12-01,Sun,San Diego Chargers,Denver Broncos,30,27,Regular Season,2002
2002-12-01,Sun,Philadelphia Eagles,St. Louis Rams,10,3,Regular Season,2002
2002-12-01,Sun,San Francisco 49ers,Seattle Seahawks,31,24,Regular Season,2002
2002-12-01,Sun,New Orleans Saints,Tampa Bay Buccaneers,23,20,Regular Season,2002
2002-12-02,Mon,Oakland Raiders,New York Jets,26,20,Regular Season,2002
2002-12-08,Sun,Kansas City Chiefs,St. Louis Rams,49,10,Regular Season,2002
2002-12-08,Sun,Tampa Bay Buccaneers,Atlanta Falcons,34,10,Regular Season,2002
2002-12-08,Sun,Houston Texans,Pittsburgh Steelers,24,6,Regular Season,2002
2002-12-08,Sun,New England Patriots,Buffalo Bills,27,17,Regular Season,2002
2002-12-08,Sun,Carolina Panthers,Cincinnati Bengals,52,31,Regular Season,2002
2002-12-08,Sun,San Francisco 49ers,Dallas Cowboys,31,27,Regular Season,2002
2002-12-08,Sun,New York Giants,Washington Redskins,27,21,Regular Season,2002
2002-12-08,Sun,Cleveland Browns,Jacksonville Jaguars,21,20,Regular Season,2002
2002-12-08,Sun,Tennessee Titans,Indianapolis Colts,27,17,Regular Season,2002
2002-12-08,Sun,New Orleans Saints,Baltimore Ravens,37,25,Regular Season,2002
2002-12-08,Sun,Philadelphia Eagles,Seattle Seahawks,27,20,Regular Season,2002
2002-12-08,Sun,Arizona Cardinals,Detroit Lions,23,20,Regular Season,2002
2002-12-08,Sun,Oakland Raiders,San Diego Chargers,27,7,Regular Season,2002
2002-12-08,Sun,New York Jets,Denver Broncos,19,13,Regular Season,2002
2002-12-08,Sun,Green Bay Packers,Minnesota Vikings,26,22,Regular Season,2002
2002-12-09,Mon,Miami Dolphins,Chicago Bears,27,9,Regular Season,2002
2002-12-15,Sun,Pittsburgh Steelers,Carolina Panthers,30,14,Regular Season,2002
2002-12-15,Sun,Buffalo Bills,San Diego Chargers,20,13,Regular Season,2002
2002-12-15,Sun,Jacksonville Jaguars,Cincinnati Bengals,29,15,Regular Season,2002
2002-12-15,Sun,Indianapolis Colts,Cleveland Browns,28,23,Regular Season,2002
2002-12-15,Sun,Baltimore Ravens,Houston Texans,23,19,Regular Season,2002
2002-12-15,Sun,Miami Dolphins,Oakland Raiders,23,17,Regular Season,2002
2002-12-15,Sun,Philadelphia Eagles,Washington Redskins,34,21,Regular Season,2002
2002-12-15,Sun,Seattle Seahawks,Atlanta Falcons,30,24,Regular Season,2002
2002-12-15,Sun,Tampa Bay Buccaneers,Detroit Lions,23,20,Regular Season,2002
2002-12-15,Sun,Minnesota Vikings,New Orleans Saints,32,31,Regular Season,2002
2002-12-15,Sun,Chicago Bears,New York Jets,20,13,Regular Season,2002
2002-12-15,Sun,Denver Broncos,Kansas City Chiefs,31,24,Regular Season,2002
2002-12-15,Sun,Green Bay Packers,San Francisco 49ers,20,14,Regular Season,2002
2002-12-15,Sun,New York Giants,Dallas Cowboys,37,7,Regular Season,2002
2002-12-15,Sun,St. Louis Rams,Arizona Cardinals,30,28,Regular Season,2002
2002-12-16,Mon,Tennessee Titans,New England Patriots,24,7,Regular Season,2002
2002-12-21,Sat,Minnesota Vikings,Miami Dolphins,20,17,Regular Season,2002
2002-12-21,Sat,San Francisco 49ers,Arizona Cardinals,17,14,Regular Season,2002
2002-12-21,Sat,Philadelphia Eagles,Dallas Cowboys,27,3,Regular Season,2002
2002-12-22,Sun,New York Giants,Indianapolis Colts,44,27,Regular Season,2002
2002-12-22,Sun,Kansas City Chiefs,San Diego Chargers,24,22,Regular Season,2002
2002-12-22,Sun,Green Bay Packers,Buffalo Bills,10,0,Regular Season,2002
2002-12-22,Sun,Carolina Panthers,Chicago Bears,24,14,Regular Season,2002
2002-12-22,Sun,Cincinnati Bengals,New Orleans Saints,20,13,Regular Season,2002
2002-12-22,Sun,Washington Redskins,Houston Texans,26,10,Regular Season,2002
2002-12-22,Sun,Atlanta Falcons,Detroit Lions,36,15,Regular Season,2002
2002-12-22,Sun,Tennessee Titans,Jacksonville Jaguars,28,10,Regular Season,2002
2002-12-22,Sun,Seattle Seahawks,St. Louis Rams,30,10,Regular Season,2002
2002-12-22,Sun,Cleveland Browns,Baltimore Ravens,14,13,Regular Season,2002
2002-12-22,Sun,Oakland Raiders,Denver Broncos,28,16,Regular Season,2002
2002-12-22,Sun,New York Jets,New England Patriots,30,17,Regular Season,2002
2002-12-23,Mon,Pittsburgh Steelers,Tampa Bay Buccaneers,17,7,Regular Season,2002
2002-12-28,Sat,New York Giants,Philadelphia Eagles,10,7,Regular Season,2002
2002-12-28,Sat,Oakland Raiders,Kansas City Chiefs,24,0,Regular Season,2002
2002-12-29,Sun,Cleveland Browns,Atlanta Falcons,24,16,Regular Season,2002
2002-12-29,Sun,Buffalo Bills,Cincinnati Bengals,27,9,Regular Season,2002
2002-12-29,Sun,Carolina Panthers,New Orleans Saints,10,6,Regular Season,2002
2002-12-29,Sun,Washington Redskins,Dallas Cowboys,20,14,Regular Season,2002
2002-12-29,Sun,Minnesota Vikings,Detroit Lions,38,36,Regular Season,2002
2002-12-29,Sun,New England Patriots,Miami Dolphins,27,24,Regular Season,2002
2002-12-29,Sun,Pittsburgh Steelers,Baltimore Ravens,34,31,Regular Season,2002
2002-12-29,Sun,Tennessee Titans,Houston Texans,13,3,Regular Season,2002
2002-12-29,Sun,Indianapolis Colts,Jacksonville Jaguars,20,13,Regular Season,2002
2002-12-29,Sun,Seattle Seahawks,San Diego Chargers,31,28,Regular Season,2002
2002-12-29,Sun,Denver Broncos,Arizona Cardinals,37,7,Regular Season,2002
2002-12-29,Sun,New York Jets,Green Bay Packers,42,17,Regular Season,2002
2002-12-29,Sun,Tampa Bay Buccaneers,Chicago Bears,15,0,Regular Season,2002
2002-12-30,Mon,St. Louis Rams,San Francisco 49ers,31,20,Regular Season,2002
Playoffs,,,,,,Playoff,2002
2003-01-04,Sat,New York Jets,Indianapolis Colts,41,0,Playoff,2002
2003-01-04,Sat,Atlanta Falcons,Green Bay Packers,27,7,Playoff,2002
2003-01-05,Sun,Pittsburgh Steelers,Cleveland Browns,36,33,Playoff,2002
2003-01-05,Sun,San Francisco 49ers,New York Giants,39,38,Playoff,2002
2003-01-11,Sat,Tennessee Titans,Pittsburgh Steelers,34,31,Playoff,2002
2003-01-11,Sat,Philadelphia Eagles,Atlanta Falcons,20,6,Playoff,2002
2003-01-12,Sun,Tampa Bay Buccaneers,San Francisco 49ers,31,6,Playoff,2002
2003-01-12,Sun,Oakland Raiders,New York Jets,30,10,Playoff,2002
2003-01-19,Sun,Tampa Bay Buccaneers,Philadelphia Eagles,27,10,Playoff,2002
2003-01-19,Sun,Oakland Raiders,Tennessee Titans,41,24,Playoff,2002
2003-01-26,Sun,Tampa Bay Buccaneers,Oakland Raiders,48,21,Playoff,2002
