Date,DOW,WT,LT,WTS,LTS,Type,Season
2003-09-04,Thu,Washington Redskins,New York Jets,16,13,Regular Season,2003
2003-09-07,Sun,Kansas City Chiefs,San Diego Chargers,27,14,Regular Season,2003
2003-09-07,Sun,Buffalo Bills,New England Patriots,31,0,Regular Season,2003
2003-09-07,Sun,Carolina Panthers,Jacksonville Jaguars,24,23,Regular Season,2003
2003-09-07,Sun,Minnesota Vikings,Green Bay Packers,30,25,Regular Season,2003
2003-09-07,Sun,Pittsburgh Steelers,Baltimore Ravens,34,15,Regular Season,2003
2003-09-07,Sun,New York Giants,St. Louis Rams,23,13,Regular Season,2003
2003-09-07,Sun,Denver Broncos,Cincinnati Bengals,30,10,Regular Season,2003
2003-09-07,Sun,Indianapolis Colts,Cleveland Browns,9,6,Regular Season,2003
2003-09-07,Sun,Detroit Lions,Arizona Cardinals,42,24,Regular Season,2003
2003-09-07,Sun,Houston Texans,Miami Dolphins,21,20,Regular Season,2003
2003-09-07,Sun,Seattle Seahawks,New Orleans Saints,27,10,Regular Season,2003
2003-09-07,Sun,Atlanta Falcons,Dallas Cowboys,27,13,Regular Season,2003
2003-09-07,Sun,San Francisco 49ers,Chicago Bears,49,7,Regular Season,2003
2003-09-07,Sun,Tennessee Titans,Oakland Raiders,25,20,Regular Season,2003
2003-09-08,Mon,Tampa Bay Buccaneers,Philadelphia Eagles,17,0,Regular Season,2003
2003-09-14,Sun,Indianapolis Colts,Tennessee Titans,33,7,Regular Season,2003
2003-09-14,Sun,Kansas City Chiefs,Pittsburgh Steelers,41,20,Regular Season,2003
2003-09-14,Sun,Baltimore Ravens,Cleveland Browns,33,13,Regular Season,2003
2003-09-14,Sun,Green Bay Packers,Detroit Lions,31,6,Regular Season,2003
2003-09-14,Sun,New Orleans Saints,Houston Texans,31,10,Regular Season,2003
2003-09-14,Sun,Miami Dolphins,New York Jets,21,10,Regular Season,2003
2003-09-14,Sun,St. Louis Rams,San Francisco 49ers,27,24,Regular Season,2003
2003-09-14,Sun,Washington Redskins,Atlanta Falcons,33,31,Regular Season,2003
2003-09-14,Sun,Buffalo Bills,Jacksonville Jaguars,38,17,Regular Season,2003
2003-09-14,Sun,Carolina Panthers,Tampa Bay Buccaneers,12,9,Regular Season,2003
2003-09-14,Sun,Seattle Seahawks,Arizona Cardinals,38,0,Regular Season,2003
2003-09-14,Sun,Oakland Raiders,Cincinnati Bengals,23,20,Regular Season,2003
2003-09-14,Sun,Denver Broncos,San Diego Chargers,37,13,Regular Season,2003
2003-09-14,Sun,New England Patriots,Philadelphia Eagles,31,10,Regular Season,2003
2003-09-14,Sun,Minnesota Vikings,Chicago Bears,24,13,Regular Season,2003
2003-09-15,Mon,Dallas Cowboys,New York Giants,35,32,Regular Season,2003
2003-09-21,Sun,Indianapolis Colts,Jacksonville Jaguars,23,13,Regular Season,2003
2003-09-21,Sun,Pittsburgh Steelers,Cincinnati Bengals,17,10,Regular Season,2003
2003-09-21,Sun,Kansas City Chiefs,Houston Texans,42,14,Regular Season,2003
2003-09-21,Sun,New England Patriots,New York Jets,23,16,Regular Season,2003
2003-09-21,Sun,Tampa Bay Buccaneers,Atlanta Falcons,31,10,Regular Season,2003
2003-09-21,Sun,Minnesota Vikings,Detroit Lions,23,13,Regular Season,2003
2003-09-21,Sun,Tennessee Titans,New Orleans Saints,27,12,Regular Season,2003
2003-09-21,Sun,New York Giants,Washington Redskins,24,21,Regular Season,2003
2003-09-21,Sun,Arizona Cardinals,Green Bay Packers,20,13,Regular Season,2003
2003-09-21,Sun,Seattle Seahawks,St. Louis Rams,24,23,Regular Season,2003
2003-09-21,Sun,Cleveland Browns,San Francisco 49ers,13,12,Regular Season,2003
2003-09-21,Sun,Baltimore Ravens,San Diego Chargers,24,10,Regular Season,2003
2003-09-21,Sun,Miami Dolphins,Buffalo Bills,17,7,Regular Season,2003
2003-09-22,Mon,Denver Broncos,Oakland Raiders,31,10,Regular Season,2003
2003-09-28,Sun,Tennessee Titans,Pittsburgh Steelers,30,13,Regular Season,2003
2003-09-28,Sun,Philadelphia Eagles,Buffalo Bills,23,13,Regular Season,2003
2003-09-28,Sun,St. Louis Rams,Arizona Cardinals,37,13,Regular Season,2003
2003-09-28,Sun,Cincinnati Bengals,Cleveland Browns,21,14,Regular Season,2003
2003-09-28,Sun,Minnesota Vikings,San Francisco 49ers,35,7,Regular Season,2003
2003-09-28,Sun,Washington Redskins,New England Patriots,20,17,Regular Season,2003
2003-09-28,Sun,Houston Texans,Jacksonville Jaguars,24,20,Regular Season,2003
2003-09-28,Sun,Kansas City Chiefs,Baltimore Ravens,17,10,Regular Season,2003
2003-09-28,Sun,Oakland Raiders,San Diego Chargers,34,31,Regular Season,2003
2003-09-28,Sun,Dallas Cowboys,New York Jets,17,6,Regular Season,2003
2003-09-28,Sun,Carolina Panthers,Atlanta Falcons,23,3,Regular Season,2003
2003-09-28,Sun,Denver Broncos,Detroit Lions,20,16,Regular Season,2003
2003-09-28,Sun,Indianapolis Colts,New Orleans Saints,55,21,Regular Season,2003
2003-09-29,Mon,Green Bay Packers,Chicago Bears,38,23,Regular Season,2003
2003-10-05,Sun,Kansas City Chiefs,Denver Broncos,24,23,Regular Season,2003
2003-10-05,Sun,Carolina Panthers,New Orleans Saints,19,13,Regular Season,2003
2003-10-05,Sun,Chicago Bears,Oakland Raiders,24,21,Regular Season,2003
2003-10-05,Sun,Buffalo Bills,Cincinnati Bengals,22,16,Regular Season,2003
2003-10-05,Sun,Dallas Cowboys,Arizona Cardinals,24,7,Regular Season,2003
2003-10-05,Sun,Green Bay Packers,Seattle Seahawks,35,13,Regular Season,2003
2003-10-05,Sun,New England Patriots,Tennessee Titans,38,30,Regular Season,2003
2003-10-05,Sun,Miami Dolphins,New York Giants,23,10,Regular Season,2003
2003-10-05,Sun,Minnesota Vikings,Atlanta Falcons,39,26,Regular Season,2003
2003-10-05,Sun,Jacksonville Jaguars,San Diego Chargers,27,21,Regular Season,2003
2003-10-05,Sun,Philadelphia Eagles,Washington Redskins,27,25,Regular Season,2003
2003-10-05,Sun,San Francisco 49ers,Detroit Lions,24,17,Regular Season,2003
2003-10-05,Sun,Cleveland Browns,Pittsburgh Steelers,33,13,Regular Season,2003
2003-10-06,Mon,Indianapolis Colts,Tampa Bay Buccaneers,38,35,Regular Season,2003
2003-10-12,Sun,Carolina Panthers,Indianapolis Colts,23,20,Regular Season,2003
2003-10-12,Sun,Miami Dolphins,Jacksonville Jaguars,24,10,Regular Season,2003
2003-10-12,Sun,Kansas City Chiefs,Green Bay Packers,40,34,Regular Season,2003
2003-10-12,Sun,New England Patriots,New York Giants,17,6,Regular Season,2003
2003-10-12,Sun,New Orleans Saints,Chicago Bears,20,13,Regular Season,2003
2003-10-12,Sun,Dallas Cowboys,Philadelphia Eagles,23,21,Regular Season,2003
2003-10-12,Sun,Tennessee Titans,Houston Texans,38,17,Regular Season,2003
2003-10-12,Sun,Tampa Bay Buccaneers,Washington Redskins,35,13,Regular Season,2003
2003-10-12,Sun,Cleveland Browns,Oakland Raiders,13,7,Regular Season,2003
2003-10-12,Sun,New York Jets,Buffalo Bills,30,3,Regular Season,2003
2003-10-12,Sun,Denver Broncos,Pittsburgh Steelers,17,14,Regular Season,2003
2003-10-12,Sun,Baltimore Ravens,Arizona Cardinals,26,18,Regular Season,2003
2003-10-12,Sun,Seattle Seahawks,San Francisco 49ers,20,19,Regular Season,2003
2003-10-13,Mon,St. Louis Rams,Atlanta Falcons,36,0,Regular Season,2003
2003-10-19,Sun,Minnesota Vikings,Denver Broncos,28,20,Regular Season,2003
2003-10-19,Sun,Tennessee Titans,Carolina Panthers,37,17,Regular Season,2003
2003-10-19,Sun,Cincinnati Bengals,Baltimore Ravens,34,26,Regular Season,2003
2003-10-19,Sun,San Diego Chargers,Cleveland Browns,26,20,Regular Season,2003
2003-10-19,Sun,St. Louis Rams,Green Bay Packers,34,24,Regular Season,2003
2003-10-19,Sun,Dallas Cowboys,Detroit Lions,38,7,Regular Season,2003
2003-10-19,Sun,New England Patriots,Miami Dolphins,19,13,Regular Season,2003
2003-10-19,Sun,Philadelphia Eagles,New York Giants,14,10,Regular Season,2003
2003-10-19,Sun,New Orleans Saints,Atlanta Falcons,45,17,Regular Season,2003
2003-10-19,Sun,New York Jets,Houston Texans,19,14,Regular Season,2003
2003-10-19,Sun,Seattle Seahawks,Chicago Bears,24,17,Regular Season,2003
2003-10-19,Sun,Buffalo Bills,Washington Redskins,24,7,Regular Season,2003
2003-10-19,Sun,San Francisco 49ers,Tampa Bay Buccaneers,24,7,Regular Season,2003
2003-10-20,Mon,Kansas City Chiefs,Oakland Raiders,17,10,Regular Season,2003
2003-10-26,Sun,New York Giants,Minnesota Vikings,29,17,Regular Season,2003
2003-10-26,Sun,Tampa Bay Buccaneers,Dallas Cowboys,16,0,Regular Season,2003
2003-10-26,Sun,Tennessee Titans,Jacksonville Jaguars,30,17,Regular Season,2003
2003-10-26,Sun,Cincinnati Bengals,Seattle Seahawks,27,24,Regular Season,2003
2003-10-26,Sun,St. Louis Rams,Pittsburgh Steelers,33,21,Regular Season,2003
2003-10-26,Sun,New England Patriots,Cleveland Browns,9,3,Regular Season,2003
2003-10-26,Sun,Baltimore Ravens,Denver Broncos,26,6,Regular Season,2003
2003-10-26,Sun,Carolina Panthers,New Orleans Saints,23,20,Regular Season,2003
2003-10-26,Sun,Chicago Bears,Detroit Lions,24,16,Regular Season,2003
2003-10-26,Sun,Arizona Cardinals,San Francisco 49ers,16,13,Regular Season,2003
2003-10-26,Sun,Philadelphia Eagles,New York Jets,24,17,Regular Season,2003
2003-10-26,Sun,Indianapolis Colts,Houston Texans,30,21,Regular Season,2003
2003-10-26,Sun,Kansas City Chiefs,Buffalo Bills,38,5,Regular Season,2003
2003-10-27,Mon,Miami Dolphins,San Diego Chargers,26,10,Regular Season,2003
2003-11-02,Sun,Houston Texans,Carolina Panthers,14,10,Regular Season,2003
2003-11-02,Sun,Baltimore Ravens,Jacksonville Jaguars,24,17,Regular Season,2003
2003-11-02,Sun,Detroit Lions,Oakland Raiders,23,13,Regular Season,2003
2003-11-02,Sun,New York Giants,New York Jets,31,28,Regular Season,2003
2003-11-02,Sun,Indianapolis Colts,Miami Dolphins,23,17,Regular Season,2003
2003-11-02,Sun,Chicago Bears,San Diego Chargers,20,7,Regular Season,2003
2003-11-02,Sun,New Orleans Saints,Tampa Bay Buccaneers,17,14,Regular Season,2003
2003-11-02,Sun,Arizona Cardinals,Cincinnati Bengals,17,14,Regular Season,2003
2003-11-02,Sun,Seattle Seahawks,Pittsburgh Steelers,23,16,Regular Season,2003
2003-11-02,Sun,Philadelphia Eagles,Atlanta Falcons,23,16,Regular Season,2003
2003-11-02,Sun,Dallas Cowboys,Washington Redskins,21,14,Regular Season,2003
2003-11-02,Sun,San Francisco 49ers,St. Louis Rams,30,10,Regular Season,2003
2003-11-02,Sun,Green Bay Packers,Minnesota Vikings,30,27,Regular Season,2003
2003-11-03,Mon,New England Patriots,Denver Broncos,30,26,Regular Season,2003
2003-11-09,Sun,Kansas City Chiefs,Cleveland Browns,41,20,Regular Season,2003
2003-11-09,Sun,Carolina Panthers,Tampa Bay Buccaneers,27,24,Regular Season,2003
2003-11-09,Sun,Jacksonville Jaguars,Indianapolis Colts,28,23,Regular Season,2003
2003-11-09,Sun,Pittsburgh Steelers,Arizona Cardinals,28,15,Regular Season,2003
2003-11-09,Sun,Tennessee Titans,Miami Dolphins,31,7,Regular Season,2003
2003-11-09,Sun,Washington Redskins,Seattle Seahawks,27,20,Regular Season,2003
2003-11-09,Sun,Detroit Lions,Chicago Bears,12,10,Regular Season,2003
2003-11-09,Sun,Cincinnati Bengals,Houston Texans,34,27,Regular Season,2003
2003-11-09,Sun,Atlanta Falcons,New York Giants,27,7,Regular Season,2003
2003-11-09,Sun,San Diego Chargers,Minnesota Vikings,42,28,Regular Season,2003
2003-11-09,Sun,Dallas Cowboys,Buffalo Bills,10,6,Regular Season,2003
2003-11-09,Sun,New York Jets,Oakland Raiders,27,24,Regular Season,2003
2003-11-09,Sun,St. Louis Rams,Baltimore Ravens,33,22,Regular Season,2003
2003-11-10,Mon,Philadelphia Eagles,Green Bay Packers,17,14,Regular Season,2003
2003-11-16,Sun,Houston Texans,Buffalo Bills,12,10,Regular Season,2003
2003-11-16,Sun,Philadelphia Eagles,New York Giants,28,10,Regular Season,2003
2003-11-16,Sun,Tennessee Titans,Jacksonville Jaguars,10,3,Regular Season,2003
2003-11-16,Sun,Carolina Panthers,Washington Redskins,20,17,Regular Season,2003
2003-11-16,Sun,St. Louis Rams,Chicago Bears,23,21,Regular Season,2003
2003-11-16,Sun,Cincinnati Bengals,Kansas City Chiefs,24,19,Regular Season,2003
2003-11-16,Sun,Cleveland Browns,Arizona Cardinals,44,6,Regular Season,2003
2003-11-16,Sun,Miami Dolphins,Baltimore Ravens,9,6,Regular Season,2003
2003-11-16,Sun,New Orleans Saints,Atlanta Falcons,23,20,Regular Season,2003
2003-11-16,Sun,Indianapolis Colts,New York Jets,38,31,Regular Season,2003
2003-11-16,Sun,Denver Broncos,San Diego Chargers,37,8,Regular Season,2003
2003-11-16,Sun,Green Bay Packers,Tampa Bay Buccaneers,20,13,Regular Season,2003
2003-11-16,Sun,Oakland Raiders,Minnesota Vikings,28,18,Regular Season,2003
2003-11-16,Sun,Seattle Seahawks,Detroit Lions,35,14,Regular Season,2003
2003-11-16,Sun,New England Patriots,Dallas Cowboys,12,0,Regular Season,2003
2003-11-17,Mon,San Francisco 49ers,Pittsburgh Steelers,30,14,Regular Season,2003
2003-11-23,Sun,Minnesota Vikings,Detroit Lions,24,14,Regular Season,2003
2003-11-23,Sun,Indianapolis Colts,Buffalo Bills,17,14,Regular Season,2003
2003-11-23,Sun,Dallas Cowboys,Carolina Panthers,24,20,Regular Season,2003
2003-11-23,Sun,Pittsburgh Steelers,Cleveland Browns,13,6,Regular Season,2003
2003-11-23,Sun,Green Bay Packers,San Francisco 49ers,20,10,Regular Season,2003
2003-11-23,Sun,New England Patriots,Houston Texans,23,20,Regular Season,2003
2003-11-23,Sun,Philadelphia Eagles,New Orleans Saints,33,20,Regular Season,2003
2003-11-23,Sun,Baltimore Ravens,Seattle Seahawks,44,41,Regular Season,2003
2003-11-23,Sun,New York Jets,Jacksonville Jaguars,13,10,Regular Season,2003
2003-11-23,Sun,Chicago Bears,Denver Broncos,19,10,Regular Season,2003
2003-11-23,Sun,St. Louis Rams,Arizona Cardinals,30,27,Regular Season,2003
2003-11-23,Sun,Tennessee Titans,Atlanta Falcons,38,31,Regular Season,2003
2003-11-23,Sun,Cincinnati Bengals,San Diego Chargers,34,27,Regular Season,2003
2003-11-23,Sun,Kansas City Chiefs,Oakland Raiders,27,24,Regular Season,2003
2003-11-23,Sun,Miami Dolphins,Washington Redskins,24,23,Regular Season,2003
2003-11-24,Mon,Tampa Bay Buccaneers,New York Giants,19,13,Regular Season,2003
2003-11-27,Thu,Detroit Lions,Green Bay Packers,22,14,Regular Season,2003
2003-11-27,Thu,Miami Dolphins,Dallas Cowboys,40,21,Regular Season,2003
2003-11-30,Sun,New England Patriots,Indianapolis Colts,38,34,Regular Season,2003
2003-11-30,Sun,Cincinnati Bengals,Pittsburgh Steelers,24,20,Regular Season,2003
2003-11-30,Sun,Buffalo Bills,New York Giants,24,7,Regular Season,2003
2003-11-30,Sun,Philadelphia Eagles,Carolina Panthers,25,16,Regular Season,2003
2003-11-30,Sun,St. Louis Rams,Minnesota Vikings,48,17,Regular Season,2003
2003-11-30,Sun,Baltimore Ravens,San Francisco 49ers,44,6,Regular Season,2003
2003-11-30,Sun,Houston Texans,Atlanta Falcons,17,13,Regular Season,2003
2003-11-30,Sun,Chicago Bears,Arizona Cardinals,28,3,Regular Season,2003
2003-11-30,Sun,New Orleans Saints,Washington Redskins,24,20,Regular Season,2003
2003-11-30,Sun,Seattle Seahawks,Cleveland Browns,34,7,Regular Season,2003
2003-11-30,Sun,Denver Broncos,Oakland Raiders,22,8,Regular Season,2003
2003-11-30,Sun,Kansas City Chiefs,San Diego Chargers,28,24,Regular Season,2003
2003-11-30,Sun,Jacksonville Jaguars,Tampa Bay Buccaneers,17,10,Regular Season,2003
2003-12-01,Mon,New York Jets,Tennessee Titans,24,17,Regular Season,2003
2003-12-07,Sun,Minnesota Vikings,Seattle Seahawks,34,7,Regular Season,2003
2003-12-07,Sun,Pittsburgh Steelers,Oakland Raiders,27,7,Regular Season,2003
2003-12-07,Sun,Green Bay Packers,Chicago Bears,34,21,Regular Season,2003
2003-12-07,Sun,Baltimore Ravens,Cincinnati Bengals,31,13,Regular Season,2003
2003-12-07,Sun,Jacksonville Jaguars,Houston Texans,27,0,Regular Season,2003
2003-12-07,Sun,Washington Redskins,New York Giants,20,7,Regular Season,2003
2003-12-07,Sun,Indianapolis Colts,Tennessee Titans,29,27,Regular Season,2003
2003-12-07,Sun,Philadelphia Eagles,Dallas Cowboys,36,10,Regular Season,2003
2003-12-07,Sun,San Diego Chargers,Detroit Lions,14,7,Regular Season,2003
2003-12-07,Sun,Tampa Bay Buccaneers,New Orleans Saints,14,7,Regular Season,2003
2003-12-07,Sun,San Francisco 49ers,Arizona Cardinals,50,14,Regular Season,2003
2003-12-07,Sun,Buffalo Bills,New York Jets,17,6,Regular Season,2003
2003-12-07,Sun,Denver Broncos,Kansas City Chiefs,45,27,Regular Season,2003
2003-12-07,Sun,New England Patriots,Miami Dolphins,12,0,Regular Season,2003
2003-12-07,Sun,Atlanta Falcons,Carolina Panthers,20,14,Regular Season,2003
2003-12-08,Mon,St. Louis Rams,Cleveland Browns,26,20,Regular Season,2003
2003-12-14,Sun,Indianapolis Colts,Atlanta Falcons,38,7,Regular Season,2003
2003-12-14,Sun,Kansas City Chiefs,Detroit Lions,45,17,Regular Season,2003
2003-12-14,Sun,Tampa Bay Buccaneers,Houston Texans,16,3,Regular Season,2003
2003-12-14,Sun,New England Patriots,Jacksonville Jaguars,27,13,Regular Season,2003
2003-12-14,Sun,St. Louis Rams,Seattle Seahawks,27,22,Regular Season,2003
2003-12-14,Sun,Tennessee Titans,Buffalo Bills,28,26,Regular Season,2003
2003-12-14,Sun,Chicago Bears,Minnesota Vikings,13,10,Regular Season,2003
2003-12-14,Sun,Cincinnati Bengals,San Francisco 49ers,41,38,Regular Season,2003
2003-12-14,Sun,New York Jets,Pittsburgh Steelers,6,0,Regular Season,2003
2003-12-14,Sun,Denver Broncos,Cleveland Browns,23,20,Regular Season,2003
2003-12-14,Sun,Oakland Raiders,Baltimore Ravens,20,12,Regular Season,2003
2003-12-14,Sun,Green Bay Packers,San Diego Chargers,38,21,Regular Season,2003
2003-12-14,Sun,Carolina Panthers,Arizona Cardinals,20,17,Regular Season,2003
2003-12-14,Sun,Dallas Cowboys,Washington Redskins,27,0,Regular Season,2003
2003-12-14,Sun,New Orleans Saints,New York Giants,45,7,Regular Season,2003
2003-12-15,Mon,Philadelphia Eagles,Miami Dolphins,34,27,Regular Season,2003
2003-12-20,Sat,Atlanta Falcons,Tampa Bay Buccaneers,30,28,Regular Season,2003
2003-12-20,Sat,Minnesota Vikings,Kansas City Chiefs,45,20,Regular Season,2003
2003-12-20,Sat,New England Patriots,New York Jets,21,16,Regular Season,2003
2003-12-21,Sun,Miami Dolphins,Buffalo Bills,20,3,Regular Season,2003
2003-12-21,Sun,St. Louis Rams,Cincinnati Bengals,27,10,Regular Season,2003
2003-12-21,Sun,Dallas Cowboys,New York Giants,19,3,Regular Season,2003
2003-12-21,Sun,Jacksonville Jaguars,New Orleans Saints,20,19,Regular Season,2003
2003-12-21,Sun,Carolina Panthers,Detroit Lions,20,14,Regular Season,2003
2003-12-21,Sun,Chicago Bears,Washington Redskins,27,24,Regular Season,2003
2003-12-21,Sun,Baltimore Ravens,Cleveland Browns,35,0,Regular Season,2003
2003-12-21,Sun,Tennessee Titans,Houston Texans,27,24,Regular Season,2003
2003-12-21,Sun,Pittsburgh Steelers,San Diego Chargers,40,24,Regular Season,2003
2003-12-21,Sun,Seattle Seahawks,Arizona Cardinals,28,10,Regular Season,2003
2003-12-21,Sun,San Francisco 49ers,Philadelphia Eagles,31,28,Regular Season,2003
2003-12-21,Sun,Denver Broncos,Indianapolis Colts,31,17,Regular Season,2003
2003-12-22,Mon,Green Bay Packers,Oakland Raiders,41,7,Regular Season,2003
2003-12-27,Sat,New England Patriots,Buffalo Bills,31,0,Regular Season,2003
2003-12-27,Sat,Seattle Seahawks,San Francisco 49ers,24,17,Regular Season,2003
2003-12-27,Sat,Philadelphia Eagles,Washington Redskins,31,7,Regular Season,2003
2003-12-28,Sun,Kansas City Chiefs,Chicago Bears,31,3,Regular Season,2003
2003-12-28,Sun,Cleveland Browns,Cincinnati Bengals,22,14,Regular Season,2003
2003-12-28,Sun,Atlanta Falcons,Jacksonville Jaguars,21,14,Regular Season,2003
2003-12-28,Sun,Indianapolis Colts,Houston Texans,20,17,Regular Season,2003
2003-12-28,Sun,New Orleans Saints,Dallas Cowboys,13,7,Regular Season,2003
2003-12-28,Sun,Detroit Lions,St. Louis Rams,30,20,Regular Season,2003
2003-12-28,Sun,Miami Dolphins,New York Jets,23,21,Regular Season,2003
2003-12-28,Sun,Tennessee Titans,Tampa Bay Buccaneers,33,13,Regular Season,2003
2003-12-28,Sun,Carolina Panthers,New York Giants,37,24,Regular Season,2003
2003-12-28,Sun,Arizona Cardinals,Minnesota Vikings,18,17,Regular Season,2003
2003-12-28,Sun,Green Bay Packers,Denver Broncos,31,3,Regular Season,2003
2003-12-28,Sun,San Diego Chargers,Oakland Raiders,21,14,Regular Season,2003
2003-12-28,Sun,Baltimore Ravens,Pittsburgh Steelers,13,10,Regular Season,2003
Playoffs,,,,,,Playoff,2003
2004-01-03,Sat,Tennessee Titans,Baltimore Ravens,20,17,Playoff,2003
2004-01-03,Sat,Carolina Panthers,Dallas Cowboys,29,10,Playoff,2003
2004-01-04,Sun,Green Bay Packers,Seattle Seahawks,33,27,Playoff,2003
2004-01-04,Sun,Indianapolis Colts,Denver Broncos,41,10,Playoff,2003
2004-01-10,Sat,Carolina Panthers,St. Louis Rams,29,23,Playoff,2003
2004-01-10,Sat,New England Patriots,Tennessee Titans,17,14,Playoff,2003
2004-01-11,Sun,Indianapolis Colts,Kansas City Chiefs,38,31,Playoff,2003
2004-01-11,Sun,Philadelphia Eagles,Green Bay Packers,20,17,Playoff,2003
2004-01-18,Sun,New England Patriots,Indianapolis Colts,24,14,Playoff,2003
2004-01-18,Sun,Carolina Panthers,Philadelphia Eagles,14,3,Playoff,2003
2004-02-01,Sun,New England Patriots,Carolina Panthers,32,29,Playoff,2003
