Date,DOW,WT,LT,WTS,LTS,Type,Season
2004-09-09,Thu,New England Patriots,Indianapolis Colts,27,24,Regular Season,2004
2004-09-11,Sat,Tennessee Titans,Miami Dolphins,17,7,Regular Season,2004
2004-09-12,Sun,Jacksonville Jaguars,Buffalo Bills,13,10,Regular Season,2004
2004-09-12,Sun,St. Louis Rams,Arizona Cardinals,17,10,Regular Season,2004
2004-09-12,Sun,Pittsburgh Steelers,Oakland Raiders,24,21,Regular Season,2004
2004-09-12,Sun,Detroit Lions,Chicago Bears,20,16,Regular Season,2004
2004-09-12,Sun,San Diego Chargers,Houston Texans,27,20,Regular Season,2004
2004-09-12,Sun,Seattle Seahawks,New Orleans Saints,21,7,Regular Season,2004
2004-09-12,Sun,Washington Redskins,Tampa Bay Buccaneers,16,10,Regular Season,2004
2004-09-12,Sun,New York Jets,Cincinnati Bengals,31,24,Regular Season,2004
2004-09-12,Sun,Cleveland Browns,Baltimore Ravens,20,3,Regular Season,2004
2004-09-12,Sun,Minnesota Vikings,Dallas Cowboys,35,17,Regular Season,2004
2004-09-12,Sun,Atlanta Falcons,San Francisco 49ers,21,19,Regular Season,2004
2004-09-12,Sun,Philadelphia Eagles,New York Giants,31,17,Regular Season,2004
2004-09-12,Sun,Denver Broncos,Kansas City Chiefs,34,24,Regular Season,2004
2004-09-13,Mon,Green Bay Packers,Carolina Panthers,24,14,Regular Season,2004
2004-09-19,Sun,Carolina Panthers,Kansas City Chiefs,28,17,Regular Season,2004
2004-09-19,Sun,Chicago Bears,Green Bay Packers,21,10,Regular Season,2004
2004-09-19,Sun,Indianapolis Colts,Tennessee Titans,31,17,Regular Season,2004
2004-09-19,Sun,Jacksonville Jaguars,Denver Broncos,7,6,Regular Season,2004
2004-09-19,Sun,Baltimore Ravens,Pittsburgh Steelers,30,13,Regular Season,2004
2004-09-19,Sun,Atlanta Falcons,St. Louis Rams,34,17,Regular Season,2004
2004-09-19,Sun,New Orleans Saints,San Francisco 49ers,30,27,Regular Season,2004
2004-09-19,Sun,Detroit Lions,Houston Texans,28,16,Regular Season,2004
2004-09-19,Sun,New York Giants,Washington Redskins,20,14,Regular Season,2004
2004-09-19,Sun,Seattle Seahawks,Tampa Bay Buccaneers,10,6,Regular Season,2004
2004-09-19,Sun,Oakland Raiders,Buffalo Bills,13,10,Regular Season,2004
2004-09-19,Sun,Dallas Cowboys,Cleveland Browns,19,12,Regular Season,2004
2004-09-19,Sun,New York Jets,San Diego Chargers,34,28,Regular Season,2004
2004-09-19,Sun,New England Patriots,Arizona Cardinals,23,12,Regular Season,2004
2004-09-19,Sun,Cincinnati Bengals,Miami Dolphins,16,13,Regular Season,2004
2004-09-20,Mon,Philadelphia Eagles,Minnesota Vikings,27,16,Regular Season,2004
2004-09-26,Sun,Minnesota Vikings,Chicago Bears,27,22,Regular Season,2004
2004-09-26,Sun,Houston Texans,Kansas City Chiefs,24,21,Regular Season,2004
2004-09-26,Sun,Baltimore Ravens,Cincinnati Bengals,23,9,Regular Season,2004
2004-09-26,Sun,New York Giants,Cleveland Browns,27,10,Regular Season,2004
2004-09-26,Sun,Jacksonville Jaguars,Tennessee Titans,15,12,Regular Season,2004
2004-09-26,Sun,New Orleans Saints,St. Louis Rams,28,25,Regular Season,2004
2004-09-26,Sun,Philadelphia Eagles,Detroit Lions,30,13,Regular Season,2004
2004-09-26,Sun,Atlanta Falcons,Arizona Cardinals,6,3,Regular Season,2004
2004-09-26,Sun,Denver Broncos,San Diego Chargers,23,13,Regular Season,2004
2004-09-26,Sun,Indianapolis Colts,Green Bay Packers,45,31,Regular Season,2004
2004-09-26,Sun,Seattle Seahawks,San Francisco 49ers,34,0,Regular Season,2004
2004-09-26,Sun,Oakland Raiders,Tampa Bay Buccaneers,30,20,Regular Season,2004
2004-09-26,Sun,Pittsburgh Steelers,Miami Dolphins,13,3,Regular Season,2004
2004-09-27,Mon,Dallas Cowboys,Washington Redskins,21,18,Regular Season,2004
2004-10-03,Sun,Pittsburgh Steelers,Cincinnati Bengals,28,17,Regular Season,2004
2004-10-03,Sun,New England Patriots,Buffalo Bills,31,17,Regular Season,2004
2004-10-03,Sun,Cleveland Browns,Washington Redskins,17,13,Regular Season,2004
2004-10-03,Sun,Indianapolis Colts,Jacksonville Jaguars,24,17,Regular Season,2004
2004-10-03,Sun,New York Giants,Green Bay Packers,14,7,Regular Season,2004
2004-10-03,Sun,Houston Texans,Oakland Raiders,30,17,Regular Season,2004
2004-10-03,Sun,Philadelphia Eagles,Chicago Bears,19,9,Regular Season,2004
2004-10-03,Sun,Atlanta Falcons,Carolina Panthers,27,10,Regular Season,2004
2004-10-03,Sun,Arizona Cardinals,New Orleans Saints,34,10,Regular Season,2004
2004-10-03,Sun,Denver Broncos,Tampa Bay Buccaneers,16,13,Regular Season,2004
2004-10-03,Sun,New York Jets,Miami Dolphins,17,9,Regular Season,2004
2004-10-03,Sun,San Diego Chargers,Tennessee Titans,38,17,Regular Season,2004
2004-10-03,Sun,St. Louis Rams,San Francisco 49ers,24,14,Regular Season,2004
2004-10-04,Mon,Kansas City Chiefs,Baltimore Ravens,27,24,Regular Season,2004
2004-10-10,Sun,Indianapolis Colts,Oakland Raiders,35,14,Regular Season,2004
2004-10-10,Sun,Pittsburgh Steelers,Cleveland Browns,34,23,Regular Season,2004
2004-10-10,Sun,Minnesota Vikings,Houston Texans,34,28,Regular Season,2004
2004-10-10,Sun,New England Patriots,Miami Dolphins,24,10,Regular Season,2004
2004-10-10,Sun,New York Giants,Dallas Cowboys,26,10,Regular Season,2004
2004-10-10,Sun,Tampa Bay Buccaneers,New Orleans Saints,20,17,Regular Season,2004
2004-10-10,Sun,Detroit Lions,Atlanta Falcons,17,10,Regular Season,2004
2004-10-10,Sun,San Diego Chargers,Jacksonville Jaguars,34,21,Regular Season,2004
2004-10-10,Sun,New York Jets,Buffalo Bills,16,14,Regular Season,2004
2004-10-10,Sun,Denver Broncos,Carolina Panthers,20,17,Regular Season,2004
2004-10-10,Sun,San Francisco 49ers,Arizona Cardinals,31,28,Regular Season,2004
2004-10-10,Sun,St. Louis Rams,Seattle Seahawks,33,27,Regular Season,2004
2004-10-10,Sun,Baltimore Ravens,Washington Redskins,17,10,Regular Season,2004
2004-10-11,Mon,Tennessee Titans,Green Bay Packers,48,27,Regular Season,2004
2004-10-17,Sun,Buffalo Bills,Miami Dolphins,20,13,Regular Season,2004
2004-10-17,Sun,New England Patriots,Seattle Seahawks,30,20,Regular Season,2004
2004-10-17,Sun,Atlanta Falcons,San Diego Chargers,21,20,Regular Season,2004
2004-10-17,Sun,Houston Texans,Tennessee Titans,20,10,Regular Season,2004
2004-10-17,Sun,Jacksonville Jaguars,Kansas City Chiefs,22,16,Regular Season,2004
2004-10-17,Sun,Washington Redskins,Chicago Bears,13,10,Regular Season,2004
2004-10-17,Sun,Cleveland Browns,Cincinnati Bengals,34,17,Regular Season,2004
2004-10-17,Sun,Green Bay Packers,Detroit Lions,38,10,Regular Season,2004
2004-10-17,Sun,New York Jets,San Francisco 49ers,22,14,Regular Season,2004
2004-10-17,Sun,Philadelphia Eagles,Carolina Panthers,30,8,Regular Season,2004
2004-10-17,Sun,Pittsburgh Steelers,Dallas Cowboys,24,20,Regular Season,2004
2004-10-17,Sun,Denver Broncos,Oakland Raiders,31,3,Regular Season,2004
2004-10-17,Sun,Minnesota Vikings,New Orleans Saints,38,31,Regular Season,2004
2004-10-18,Mon,St. Louis Rams,Tampa Bay Buccaneers,28,21,Regular Season,2004
2004-10-24,Sun,Jacksonville Jaguars,Indianapolis Colts,27,24,Regular Season,2004
2004-10-24,Sun,Minnesota Vikings,Tennessee Titans,20,3,Regular Season,2004
2004-10-24,Sun,Kansas City Chiefs,Atlanta Falcons,56,10,Regular Season,2004
2004-10-24,Sun,Baltimore Ravens,Buffalo Bills,20,6,Regular Season,2004
2004-10-24,Sun,San Diego Chargers,Carolina Panthers,17,6,Regular Season,2004
2004-10-24,Sun,Tampa Bay Buccaneers,Chicago Bears,19,7,Regular Season,2004
2004-10-24,Sun,Miami Dolphins,St. Louis Rams,31,14,Regular Season,2004
2004-10-24,Sun,Detroit Lions,New York Giants,28,13,Regular Season,2004
2004-10-24,Sun,Philadelphia Eagles,Cleveland Browns,34,31,Regular Season,2004
2004-10-24,Sun,New England Patriots,New York Jets,13,7,Regular Season,2004
2004-10-24,Sun,Green Bay Packers,Dallas Cowboys,41,20,Regular Season,2004
2004-10-24,Sun,New Orleans Saints,Oakland Raiders,31,26,Regular Season,2004
2004-10-24,Sun,Arizona Cardinals,Seattle Seahawks,25,17,Regular Season,2004
2004-10-25,Mon,Cincinnati Bengals,Denver Broncos,23,10,Regular Season,2004
2004-10-31,Sun,Kansas City Chiefs,Indianapolis Colts,45,35,Regular Season,2004
2004-10-31,Sun,New York Giants,Minnesota Vikings,34,13,Regular Season,2004
2004-10-31,Sun,Buffalo Bills,Arizona Cardinals,38,14,Regular Season,2004
2004-10-31,Sun,Houston Texans,Jacksonville Jaguars,20,6,Regular Season,2004
2004-10-31,Sun,Tennessee Titans,Cincinnati Bengals,27,20,Regular Season,2004
2004-10-31,Sun,Dallas Cowboys,Detroit Lions,31,21,Regular Season,2004
2004-10-31,Sun,Philadelphia Eagles,Baltimore Ravens,15,10,Regular Season,2004
2004-10-31,Sun,Green Bay Packers,Washington Redskins,28,14,Regular Season,2004
2004-10-31,Sun,Atlanta Falcons,Denver Broncos,41,28,Regular Season,2004
2004-10-31,Sun,Seattle Seahawks,Carolina Panthers,23,17,Regular Season,2004
2004-10-31,Sun,Pittsburgh Steelers,New England Patriots,34,20,Regular Season,2004
2004-10-31,Sun,San Diego Chargers,Oakland Raiders,42,14,Regular Season,2004
2004-10-31,Sun,Chicago Bears,San Francisco 49ers,23,13,Regular Season,2004
2004-11-01,Mon,New York Jets,Miami Dolphins,41,14,Regular Season,2004
2004-11-07,Sun,Tampa Bay Buccaneers,Kansas City Chiefs,34,31,Regular Season,2004
2004-11-07,Sun,Buffalo Bills,New York Jets,22,17,Regular Season,2004
2004-11-07,Sun,Oakland Raiders,Carolina Panthers,27,24,Regular Season,2004
2004-11-07,Sun,Cincinnati Bengals,Dallas Cowboys,26,3,Regular Season,2004
2004-11-07,Sun,Arizona Cardinals,Miami Dolphins,24,23,Regular Season,2004
2004-11-07,Sun,Pittsburgh Steelers,Philadelphia Eagles,27,3,Regular Season,2004
2004-11-07,Sun,Washington Redskins,Detroit Lions,17,10,Regular Season,2004
2004-11-07,Sun,San Diego Chargers,New Orleans Saints,43,17,Regular Season,2004
2004-11-07,Sun,Seattle Seahawks,San Francisco 49ers,42,27,Regular Season,2004
2004-11-07,Sun,Chicago Bears,New York Giants,28,21,Regular Season,2004
2004-11-07,Sun,New England Patriots,St. Louis Rams,40,22,Regular Season,2004
2004-11-07,Sun,Denver Broncos,Houston Texans,31,13,Regular Season,2004
2004-11-07,Sun,Baltimore Ravens,Cleveland Browns,27,13,Regular Season,2004
2004-11-08,Mon,Indianapolis Colts,Minnesota Vikings,31,28,Regular Season,2004
2004-11-14,Sun,Indianapolis Colts,Houston Texans,49,14,Regular Season,2004
2004-11-14,Sun,New Orleans Saints,Kansas City Chiefs,27,20,Regular Season,2004
2004-11-14,Sun,Baltimore Ravens,New York Jets,20,17,Regular Season,2004
2004-11-14,Sun,St. Louis Rams,Seattle Seahawks,23,12,Regular Season,2004
2004-11-14,Sun,Chicago Bears,Tennessee Titans,19,17,Regular Season,2004
2004-11-14,Sun,Pittsburgh Steelers,Cleveland Browns,24,10,Regular Season,2004
2004-11-14,Sun,Jacksonville Jaguars,Detroit Lions,23,17,Regular Season,2004
2004-11-14,Sun,Atlanta Falcons,Tampa Bay Buccaneers,24,14,Regular Season,2004
2004-11-14,Sun,Cincinnati Bengals,Washington Redskins,17,10,Regular Season,2004
2004-11-14,Sun,Carolina Panthers,San Francisco 49ers,37,27,Regular Season,2004
2004-11-14,Sun,Arizona Cardinals,New York Giants,17,14,Regular Season,2004
2004-11-14,Sun,Green Bay Packers,Minnesota Vikings,34,31,Regular Season,2004
2004-11-14,Sun,New England Patriots,Buffalo Bills,29,6,Regular Season,2004
2004-11-15,Mon,Philadelphia Eagles,Dallas Cowboys,49,21,Regular Season,2004
2004-11-21,Sun,Minnesota Vikings,Detroit Lions,22,19,Regular Season,2004
2004-11-21,Sun,Tampa Bay Buccaneers,San Francisco 49ers,35,3,Regular Season,2004
2004-11-21,Sun,Buffalo Bills,St. Louis Rams,37,17,Regular Season,2004
2004-11-21,Sun,Indianapolis Colts,Chicago Bears,41,10,Regular Season,2004
2004-11-21,Sun,New York Jets,Cleveland Browns,10,7,Regular Season,2004
2004-11-21,Sun,Baltimore Ravens,Dallas Cowboys,30,10,Regular Season,2004
2004-11-21,Sun,Tennessee Titans,Jacksonville Jaguars,18,15,Regular Season,2004
2004-11-21,Sun,Pittsburgh Steelers,Cincinnati Bengals,19,14,Regular Season,2004
2004-11-21,Sun,Denver Broncos,New Orleans Saints,34,13,Regular Season,2004
2004-11-21,Sun,Carolina Panthers,Arizona Cardinals,35,10,Regular Season,2004
2004-11-21,Sun,San Diego Chargers,Oakland Raiders,23,17,Regular Season,2004
2004-11-21,Sun,Seattle Seahawks,Miami Dolphins,24,17,Regular Season,2004
2004-11-21,Sun,Atlanta Falcons,New York Giants,14,10,Regular Season,2004
2004-11-21,Sun,Philadelphia Eagles,Washington Redskins,28,6,Regular Season,2004
2004-11-21,Sun,Green Bay Packers,Houston Texans,16,13,Regular Season,2004
2004-11-22,Mon,New England Patriots,Kansas City Chiefs,27,19,Regular Season,2004
2004-11-25,Thu,Indianapolis Colts,Detroit Lions,41,9,Regular Season,2004
2004-11-25,Thu,Dallas Cowboys,Chicago Bears,21,7,Regular Season,2004
2004-11-28,Sun,Minnesota Vikings,Jacksonville Jaguars,27,16,Regular Season,2004
2004-11-28,Sun,San Diego Chargers,Kansas City Chiefs,34,31,Regular Season,2004
2004-11-28,Sun,Cincinnati Bengals,Cleveland Browns,58,48,Regular Season,2004
2004-11-28,Sun,Pittsburgh Steelers,Washington Redskins,16,7,Regular Season,2004
2004-11-28,Sun,Philadelphia Eagles,New York Giants,27,6,Regular Season,2004
2004-11-28,Sun,Carolina Panthers,Tampa Bay Buccaneers,21,14,Regular Season,2004
2004-11-28,Sun,Houston Texans,Tennessee Titans,31,21,Regular Season,2004
2004-11-28,Sun,Atlanta Falcons,New Orleans Saints,24,21,Regular Season,2004
2004-11-28,Sun,Miami Dolphins,San Francisco 49ers,24,17,Regular Season,2004
2004-11-28,Sun,Buffalo Bills,Seattle Seahawks,38,9,Regular Season,2004
2004-11-28,Sun,New York Jets,Arizona Cardinals,13,3,Regular Season,2004
2004-11-28,Sun,New England Patriots,Baltimore Ravens,24,3,Regular Season,2004
2004-11-28,Sun,Oakland Raiders,Denver Broncos,25,24,Regular Season,2004
2004-11-29,Mon,Green Bay Packers,St. Louis Rams,45,17,Regular Season,2004
2004-12-05,Sun,Tampa Bay Buccaneers,Atlanta Falcons,27,0,Regular Season,2004
2004-12-05,Sun,Cincinnati Bengals,Baltimore Ravens,27,26,Regular Season,2004
2004-12-05,Sun,New England Patriots,Cleveland Browns,42,15,Regular Season,2004
2004-12-05,Sun,Indianapolis Colts,Tennessee Titans,51,24,Regular Season,2004
2004-12-05,Sun,St. Louis Rams,San Francisco 49ers,16,6,Regular Season,2004
2004-12-05,Sun,Buffalo Bills,Miami Dolphins,42,32,Regular Season,2004
2004-12-05,Sun,Carolina Panthers,New Orleans Saints,32,21,Regular Season,2004
2004-12-05,Sun,Chicago Bears,Minnesota Vikings,24,14,Regular Season,2004
2004-12-05,Sun,Detroit Lions,Arizona Cardinals,26,12,Regular Season,2004
2004-12-05,Sun,New York Jets,Houston Texans,29,7,Regular Season,2004
2004-12-05,Sun,San Diego Chargers,Denver Broncos,20,17,Regular Season,2004
2004-12-05,Sun,Kansas City Chiefs,Oakland Raiders,34,27,Regular Season,2004
2004-12-05,Sun,Philadelphia Eagles,Green Bay Packers,47,17,Regular Season,2004
2004-12-05,Sun,Washington Redskins,New York Giants,31,7,Regular Season,2004
2004-12-05,Sun,Pittsburgh Steelers,Jacksonville Jaguars,17,16,Regular Season,2004
2004-12-06,Mon,Dallas Cowboys,Seattle Seahawks,43,39,Regular Season,2004
2004-12-12,Sun,Seattle Seahawks,Minnesota Vikings,27,23,Regular Season,2004
2004-12-12,Sun,Baltimore Ravens,New York Giants,37,14,Regular Season,2004
2004-12-12,Sun,Buffalo Bills,Cleveland Browns,37,7,Regular Season,2004
2004-12-12,Sun,New England Patriots,Cincinnati Bengals,35,28,Regular Season,2004
2004-12-12,Sun,Indianapolis Colts,Houston Texans,23,14,Regular Season,2004
2004-12-12,Sun,Atlanta Falcons,Oakland Raiders,35,10,Regular Season,2004
2004-12-12,Sun,Jacksonville Jaguars,Chicago Bears,22,3,Regular Season,2004
2004-12-12,Sun,New Orleans Saints,Dallas Cowboys,27,13,Regular Season,2004
2004-12-12,Sun,Denver Broncos,Miami Dolphins,20,17,Regular Season,2004
2004-12-12,Sun,Pittsburgh Steelers,New York Jets,17,6,Regular Season,2004
2004-12-12,Sun,Carolina Panthers,St. Louis Rams,20,7,Regular Season,2004
2004-12-12,Sun,San Francisco 49ers,Arizona Cardinals,31,28,Regular Season,2004
2004-12-12,Sun,Green Bay Packers,Detroit Lions,16,13,Regular Season,2004
2004-12-12,Sun,San Diego Chargers,Tampa Bay Buccaneers,31,24,Regular Season,2004
2004-12-12,Sun,Philadelphia Eagles,Washington Redskins,17,14,Regular Season,2004
2004-12-13,Mon,Kansas City Chiefs,Tennessee Titans,49,38,Regular Season,2004
2004-12-18,Sat,Pittsburgh Steelers,New York Giants,33,30,Regular Season,2004
2004-12-18,Sat,Washington Redskins,San Francisco 49ers,26,16,Regular Season,2004
2004-12-18,Sat,Atlanta Falcons,Carolina Panthers,34,31,Regular Season,2004
2004-12-19,Sun,Kansas City Chiefs,Denver Broncos,45,17,Regular Season,2004
2004-12-19,Sun,Houston Texans,Chicago Bears,24,5,Regular Season,2004
2004-12-19,Sun,Philadelphia Eagles,Dallas Cowboys,12,7,Regular Season,2004
2004-12-19,Sun,New York Jets,Seattle Seahawks,37,14,Regular Season,2004
2004-12-19,Sun,Buffalo Bills,Cincinnati Bengals,33,17,Regular Season,2004
2004-12-19,Sun,San Diego Chargers,Cleveland Browns,21,0,Regular Season,2004
2004-12-19,Sun,Minnesota Vikings,Detroit Lions,28,27,Regular Season,2004
2004-12-19,Sun,Arizona Cardinals,St. Louis Rams,31,7,Regular Season,2004
2004-12-19,Sun,New Orleans Saints,Tampa Bay Buccaneers,21,17,Regular Season,2004
2004-12-19,Sun,Jacksonville Jaguars,Green Bay Packers,28,25,Regular Season,2004
2004-12-19,Sun,Oakland Raiders,Tennessee Titans,40,35,Regular Season,2004
2004-12-19,Sun,Indianapolis Colts,Baltimore Ravens,20,10,Regular Season,2004
2004-12-20,Mon,Miami Dolphins,New England Patriots,29,28,Regular Season,2004
2004-12-24,Fri,Green Bay Packers,Minnesota Vikings,34,31,Regular Season,2004
2004-12-25,Sat,Kansas City Chiefs,Oakland Raiders,31,30,Regular Season,2004
2004-12-25,Sat,Denver Broncos,Tennessee Titans,37,16,Regular Season,2004
2004-12-26,Sun,Indianapolis Colts,San Diego Chargers,34,31,Regular Season,2004
2004-12-26,Sun,Pittsburgh Steelers,Baltimore Ravens,20,7,Regular Season,2004
2004-12-26,Sun,New Orleans Saints,Atlanta Falcons,26,13,Regular Season,2004
2004-12-26,Sun,Detroit Lions,Chicago Bears,19,13,Regular Season,2004
2004-12-26,Sun,Cincinnati Bengals,New York Giants,23,22,Regular Season,2004
2004-12-26,Sun,Houston Texans,Jacksonville Jaguars,21,0,Regular Season,2004
2004-12-26,Sun,New England Patriots,New York Jets,23,7,Regular Season,2004
2004-12-26,Sun,Buffalo Bills,San Francisco 49ers,41,7,Regular Season,2004
2004-12-26,Sun,Carolina Panthers,Tampa Bay Buccaneers,37,20,Regular Season,2004
2004-12-26,Sun,Dallas Cowboys,Washington Redskins,13,10,Regular Season,2004
2004-12-26,Sun,Seattle Seahawks,Arizona Cardinals,24,21,Regular Season,2004
2004-12-26,Sun,Miami Dolphins,Cleveland Browns,10,7,Regular Season,2004
2004-12-27,Mon,St. Louis Rams,Philadelphia Eagles,20,7,Regular Season,2004
2005-01-02,Sun,Pittsburgh Steelers,Buffalo Bills,29,24,Regular Season,2004
2005-01-02,Sun,New Orleans Saints,Carolina Panthers,21,18,Regular Season,2004
2005-01-02,Sun,Cleveland Browns,Houston Texans,22,14,Regular Season,2004
2005-01-02,Sun,Baltimore Ravens,Miami Dolphins,30,23,Regular Season,2004
2005-01-02,Sun,New England Patriots,San Francisco 49ers,21,7,Regular Season,2004
2005-01-02,Sun,St. Louis Rams,New York Jets,32,29,Regular Season,2004
2005-01-02,Sun,Green Bay Packers,Chicago Bears,31,14,Regular Season,2004
2005-01-02,Sun,Tennessee Titans,Detroit Lions,24,19,Regular Season,2004
2005-01-02,Sun,Washington Redskins,Minnesota Vikings,21,18,Regular Season,2004
2005-01-02,Sun,Cincinnati Bengals,Philadelphia Eagles,38,10,Regular Season,2004
2005-01-02,Sun,Seattle Seahawks,Atlanta Falcons,28,26,Regular Season,2004
2005-01-02,Sun,Arizona Cardinals,Tampa Bay Buccaneers,12,7,Regular Season,2004
2005-01-02,Sun,Denver Broncos,Indianapolis Colts,33,14,Regular Season,2004
2005-01-02,Sun,Jacksonville Jaguars,Oakland Raiders,13,6,Regular Season,2004
2005-01-02,Sun,San Diego Chargers,Kansas City Chiefs,24,17,Regular Season,2004
2005-01-02,Sun,New York Giants,Dallas Cowboys,28,24,Regular Season,2004
Playoffs,,,,,,Playoff,2004
2005-01-08,Sat,St. Louis Rams,Seattle Seahawks,27,20,Playoff,2004
2005-01-08,Sat,New York Jets,San Diego Chargers,20,17,Playoff,2004
2005-01-09,Sun,Indianapolis Colts,Denver Broncos,49,24,Playoff,2004
2005-01-09,Sun,Minnesota Vikings,Green Bay Packers,31,17,Playoff,2004
2005-01-15,Sat,Pittsburgh Steelers,New York Jets,20,17,Playoff,2004
2005-01-15,Sat,Atlanta Falcons,St. Louis Rams,47,17,Playoff,2004
2005-01-16,Sun,Philadelphia Eagles,Minnesota Vikings,27,14,Playoff,2004
2005-01-16,Sun,New England Patriots,Indianapolis Colts,20,3,Playoff,2004
2005-01-23,Sun,Philadelphia Eagles,Atlanta Falcons,27,10,Playoff,2004
2005-01-23,Sun,New England Patriots,Pittsburgh Steelers,41,27,Playoff,2004
2005-02-06,Sun,New England Patriots,Philadelphia Eagles,24,21,Playoff,2004
