Date,DOW,WT,LT,WTS,LTS,Type,Season
2005-09-08,Thu,New England Patriots,Oakland Raiders,30,20,Regular Season,2005
2005-09-11,Sun,Kansas City Chiefs,New York Jets,27,7,Regular Season,2005
2005-09-11,Sun,Buffalo Bills,Houston Texans,22,7,Regular Season,2005
2005-09-11,Sun,Tampa Bay Buccaneers,Minnesota Vikings,24,13,Regular Season,2005
2005-09-11,Sun,Pittsburgh Steelers,Tennessee Titans,34,7,Regular Season,2005
2005-09-11,Sun,New Orleans Saints,Carolina Panthers,23,20,Regular Season,2005
2005-09-11,Sun,Washington Redskins,Chicago Bears,9,7,Regular Season,2005
2005-09-11,Sun,Cincinnati Bengals,Cleveland Browns,27,13,Regular Season,2005
2005-09-11,Sun,Miami Dolphins,Denver Broncos,34,10,Regular Season,2005
2005-09-11,Sun,Jacksonville Jaguars,Seattle Seahawks,26,14,Regular Season,2005
2005-09-11,Sun,Dallas Cowboys,San Diego Chargers,28,24,Regular Season,2005
2005-09-11,Sun,San Francisco 49ers,St. Louis Rams,28,25,Regular Season,2005
2005-09-11,Sun,New York Giants,Arizona Cardinals,42,19,Regular Season,2005
2005-09-11,Sun,Detroit Lions,Green Bay Packers,17,3,Regular Season,2005
2005-09-11,Sun,Indianapolis Colts,Baltimore Ravens,24,7,Regular Season,2005
2005-09-12,Mon,Atlanta Falcons,Philadelphia Eagles,14,10,Regular Season,2005
2005-09-18,Sun,Indianapolis Colts,Jacksonville Jaguars,10,3,Regular Season,2005
2005-09-18,Sun,Tampa Bay Buccaneers,Buffalo Bills,19,3,Regular Season,2005
2005-09-18,Sun,Carolina Panthers,New England Patriots,27,17,Regular Season,2005
2005-09-18,Sun,Chicago Bears,Detroit Lions,38,6,Regular Season,2005
2005-09-18,Sun,Pittsburgh Steelers,Houston Texans,27,7,Regular Season,2005
2005-09-18,Sun,Cincinnati Bengals,Minnesota Vikings,37,8,Regular Season,2005
2005-09-18,Sun,Tennessee Titans,Baltimore Ravens,25,10,Regular Season,2005
2005-09-18,Sun,Philadelphia Eagles,San Francisco 49ers,42,3,Regular Season,2005
2005-09-18,Sun,St. Louis Rams,Arizona Cardinals,17,12,Regular Season,2005
2005-09-18,Sun,Seattle Seahawks,Atlanta Falcons,21,18,Regular Season,2005
2005-09-18,Sun,Cleveland Browns,Green Bay Packers,26,24,Regular Season,2005
2005-09-18,Sun,Denver Broncos,San Diego Chargers,20,17,Regular Season,2005
2005-09-18,Sun,New York Jets,Miami Dolphins,17,7,Regular Season,2005
2005-09-18,Sun,Kansas City Chiefs,Oakland Raiders,23,17,Regular Season,2005
2005-09-19,Mon,New York Giants,New Orleans Saints,27,10,Regular Season,2005
2005-09-19,Mon,Washington Redskins,Dallas Cowboys,14,13,Regular Season,2005
2005-09-25,Sun,Indianapolis Colts,Cleveland Browns,13,6,Regular Season,2005
2005-09-25,Sun,Minnesota Vikings,New Orleans Saints,33,16,Regular Season,2005
2005-09-25,Sun,Atlanta Falcons,Buffalo Bills,24,16,Regular Season,2005
2005-09-25,Sun,Miami Dolphins,Carolina Panthers,27,24,Regular Season,2005
2005-09-25,Sun,Cincinnati Bengals,Chicago Bears,24,7,Regular Season,2005
2005-09-25,Sun,Tampa Bay Buccaneers,Green Bay Packers,17,16,Regular Season,2005
2005-09-25,Sun,St. Louis Rams,Tennessee Titans,31,27,Regular Season,2005
2005-09-25,Sun,Jacksonville Jaguars,New York Jets,26,20,Regular Season,2005
2005-09-25,Sun,Philadelphia Eagles,Oakland Raiders,23,20,Regular Season,2005
2005-09-25,Sun,Dallas Cowboys,San Francisco 49ers,34,31,Regular Season,2005
2005-09-25,Sun,Seattle Seahawks,Arizona Cardinals,37,12,Regular Season,2005
2005-09-25,Sun,New England Patriots,Pittsburgh Steelers,23,20,Regular Season,2005
2005-09-25,Sun,San Diego Chargers,New York Giants,45,23,Regular Season,2005
2005-09-26,Mon,Denver Broncos,Kansas City Chiefs,30,10,Regular Season,2005
2005-10-02,Sun,Tampa Bay Buccaneers,Detroit Lions,17,13,Regular Season,2005
2005-10-02,Sun,Cincinnati Bengals,Houston Texans,16,10,Regular Season,2005
2005-10-02,Sun,Indianapolis Colts,Tennessee Titans,31,10,Regular Season,2005
2005-10-02,Sun,Denver Broncos,Jacksonville Jaguars,20,7,Regular Season,2005
2005-10-02,Sun,San Diego Chargers,New England Patriots,41,17,Regular Season,2005
2005-10-02,Sun,New Orleans Saints,Buffalo Bills,19,7,Regular Season,2005
2005-10-02,Sun,New York Giants,St. Louis Rams,44,24,Regular Season,2005
2005-10-02,Sun,Washington Redskins,Seattle Seahawks,20,17,Regular Season,2005
2005-10-02,Sun,Baltimore Ravens,New York Jets,13,3,Regular Season,2005
2005-10-02,Sun,Oakland Raiders,Dallas Cowboys,19,13,Regular Season,2005
2005-10-02,Sun,Philadelphia Eagles,Kansas City Chiefs,37,31,Regular Season,2005
2005-10-02,Sun,Atlanta Falcons,Minnesota Vikings,30,10,Regular Season,2005
2005-10-02,Sun,Arizona Cardinals,San Francisco 49ers,31,14,Regular Season,2005
2005-10-03,Mon,Carolina Panthers,Green Bay Packers,32,29,Regular Season,2005
2005-10-09,Sun,Detroit Lions,Baltimore Ravens,35,17,Regular Season,2005
2005-10-09,Sun,Tennessee Titans,Houston Texans,34,20,Regular Season,2005
2005-10-09,Sun,Buffalo Bills,Miami Dolphins,20,14,Regular Season,2005
2005-10-09,Sun,Green Bay Packers,New Orleans Saints,52,3,Regular Season,2005
2005-10-09,Sun,Seattle Seahawks,St. Louis Rams,37,31,Regular Season,2005
2005-10-09,Sun,Cleveland Browns,Chicago Bears,20,10,Regular Season,2005
2005-10-09,Sun,New York Jets,Tampa Bay Buccaneers,14,12,Regular Season,2005
2005-10-09,Sun,New England Patriots,Atlanta Falcons,31,28,Regular Season,2005
2005-10-09,Sun,Indianapolis Colts,San Francisco 49ers,28,3,Regular Season,2005
2005-10-09,Sun,Carolina Panthers,Arizona Cardinals,24,20,Regular Season,2005
2005-10-09,Sun,Dallas Cowboys,Philadelphia Eagles,33,10,Regular Season,2005
2005-10-09,Sun,Denver Broncos,Washington Redskins,21,19,Regular Season,2005
2005-10-09,Sun,Jacksonville Jaguars,Cincinnati Bengals,23,20,Regular Season,2005
2005-10-10,Mon,Pittsburgh Steelers,San Diego Chargers,24,22,Regular Season,2005
2005-10-16,Sun,Kansas City Chiefs,Washington Redskins,28,21,Regular Season,2005
2005-10-16,Sun,Baltimore Ravens,Cleveland Browns,16,3,Regular Season,2005
2005-10-16,Sun,Tampa Bay Buccaneers,Miami Dolphins,27,13,Regular Season,2005
2005-10-16,Sun,Carolina Panthers,Detroit Lions,21,20,Regular Season,2005
2005-10-16,Sun,Dallas Cowboys,New York Giants,16,13,Regular Season,2005
2005-10-16,Sun,Jacksonville Jaguars,Pittsburgh Steelers,23,17,Regular Season,2005
2005-10-16,Sun,Chicago Bears,Minnesota Vikings,28,3,Regular Season,2005
2005-10-16,Sun,Atlanta Falcons,New Orleans Saints,34,31,Regular Season,2005
2005-10-16,Sun,Cincinnati Bengals,Tennessee Titans,31,23,Regular Season,2005
2005-10-16,Sun,San Diego Chargers,Oakland Raiders,27,14,Regular Season,2005
2005-10-16,Sun,Buffalo Bills,New York Jets,27,17,Regular Season,2005
2005-10-16,Sun,Denver Broncos,New England Patriots,28,20,Regular Season,2005
2005-10-16,Sun,Seattle Seahawks,Houston Texans,42,10,Regular Season,2005
2005-10-17,Mon,Indianapolis Colts,St. Louis Rams,45,28,Regular Season,2005
2005-10-21,Fri,Kansas City Chiefs,Miami Dolphins,30,20,Regular Season,2005
2005-10-23,Sun,Minnesota Vikings,Green Bay Packers,23,20,Regular Season,2005
2005-10-23,Sun,Philadelphia Eagles,San Diego Chargers,20,17,Regular Season,2005
2005-10-23,Sun,Pittsburgh Steelers,Cincinnati Bengals,27,13,Regular Season,2005
2005-10-23,Sun,St. Louis Rams,New Orleans Saints,28,17,Regular Season,2005
2005-10-23,Sun,Washington Redskins,San Francisco 49ers,52,17,Regular Season,2005
2005-10-23,Sun,Indianapolis Colts,Houston Texans,38,20,Regular Season,2005
2005-10-23,Sun,Detroit Lions,Cleveland Browns,13,10,Regular Season,2005
2005-10-23,Sun,Seattle Seahawks,Dallas Cowboys,13,10,Regular Season,2005
2005-10-23,Sun,Chicago Bears,Baltimore Ravens,10,6,Regular Season,2005
2005-10-23,Sun,Arizona Cardinals,Tennessee Titans,20,10,Regular Season,2005
2005-10-23,Sun,Oakland Raiders,Buffalo Bills,38,17,Regular Season,2005
2005-10-23,Sun,New York Giants,Denver Broncos,24,23,Regular Season,2005
2005-10-24,Mon,Atlanta Falcons,New York Jets,27,14,Regular Season,2005
2005-10-30,Sun,Carolina Panthers,Minnesota Vikings,38,13,Regular Season,2005
2005-10-30,Sun,Houston Texans,Cleveland Browns,19,16,Regular Season,2005
2005-10-30,Sun,Dallas Cowboys,Arizona Cardinals,34,13,Regular Season,2005
2005-10-30,Sun,St. Louis Rams,Jacksonville Jaguars,24,21,Regular Season,2005
2005-10-30,Sun,Cincinnati Bengals,Green Bay Packers,21,14,Regular Season,2005
2005-10-30,Sun,Oakland Raiders,Tennessee Titans,34,25,Regular Season,2005
2005-10-30,Sun,Chicago Bears,Detroit Lions,19,13,Regular Season,2005
2005-10-30,Sun,New York Giants,Washington Redskins,36,0,Regular Season,2005
2005-10-30,Sun,San Diego Chargers,Kansas City Chiefs,28,20,Regular Season,2005
2005-10-30,Sun,Miami Dolphins,New Orleans Saints,21,6,Regular Season,2005
2005-10-30,Sun,San Francisco 49ers,Tampa Bay Buccaneers,15,10,Regular Season,2005
2005-10-30,Sun,Denver Broncos,Philadelphia Eagles,49,21,Regular Season,2005
2005-10-30,Sun,New England Patriots,Buffalo Bills,21,16,Regular Season,2005
2005-10-31,Mon,Pittsburgh Steelers,Baltimore Ravens,20,19,Regular Season,2005
2005-11-06,Sun,Kansas City Chiefs,Oakland Raiders,27,23,Regular Season,2005
2005-11-06,Sun,Jacksonville Jaguars,Houston Texans,21,14,Regular Season,2005
2005-11-06,Sun,Carolina Panthers,Tampa Bay Buccaneers,34,14,Regular Season,2005
2005-11-06,Sun,San Diego Chargers,New York Jets,31,26,Regular Season,2005
2005-11-06,Sun,Cincinnati Bengals,Baltimore Ravens,21,9,Regular Season,2005
2005-11-06,Sun,Atlanta Falcons,Miami Dolphins,17,10,Regular Season,2005
2005-11-06,Sun,Cleveland Browns,Tennessee Titans,20,14,Regular Season,2005
2005-11-06,Sun,Minnesota Vikings,Detroit Lions,27,14,Regular Season,2005
2005-11-06,Sun,Chicago Bears,New Orleans Saints,20,17,Regular Season,2005
2005-11-06,Sun,Seattle Seahawks,Arizona Cardinals,33,19,Regular Season,2005
2005-11-06,Sun,New York Giants,San Francisco 49ers,24,6,Regular Season,2005
2005-11-06,Sun,Pittsburgh Steelers,Green Bay Packers,20,10,Regular Season,2005
2005-11-06,Sun,Washington Redskins,Philadelphia Eagles,17,10,Regular Season,2005
2005-11-07,Mon,Indianapolis Colts,New England Patriots,40,21,Regular Season,2005
2005-11-13,Sun,Jacksonville Jaguars,Baltimore Ravens,30,3,Regular Season,2005
2005-11-13,Sun,Buffalo Bills,Kansas City Chiefs,14,3,Regular Season,2005
2005-11-13,Sun,Chicago Bears,San Francisco 49ers,17,9,Regular Season,2005
2005-11-13,Sun,Indianapolis Colts,Houston Texans,31,17,Regular Season,2005
2005-11-13,Sun,Detroit Lions,Arizona Cardinals,29,21,Regular Season,2005
2005-11-13,Sun,New England Patriots,Miami Dolphins,23,16,Regular Season,2005
2005-11-13,Sun,Minnesota Vikings,New York Giants,24,21,Regular Season,2005
2005-11-13,Sun,Carolina Panthers,New York Jets,30,3,Regular Season,2005
2005-11-13,Sun,Denver Broncos,Oakland Raiders,31,17,Regular Season,2005
2005-11-13,Sun,Green Bay Packers,Atlanta Falcons,33,25,Regular Season,2005
2005-11-13,Sun,Tampa Bay Buccaneers,Washington Redskins,36,35,Regular Season,2005
2005-11-13,Sun,Seattle Seahawks,St. Louis Rams,31,16,Regular Season,2005
2005-11-13,Sun,Pittsburgh Steelers,Cleveland Browns,34,21,Regular Season,2005
2005-11-14,Mon,Dallas Cowboys,Philadelphia Eagles,21,20,Regular Season,2005
2005-11-20,Sun,Chicago Bears,Carolina Panthers,13,3,Regular Season,2005
2005-11-20,Sun,Arizona Cardinals,St. Louis Rams,38,28,Regular Season,2005
2005-11-20,Sun,Dallas Cowboys,Detroit Lions,20,7,Regular Season,2005
2005-11-20,Sun,Jacksonville Jaguars,Tennessee Titans,31,28,Regular Season,2005
2005-11-20,Sun,New England Patriots,New Orleans Saints,24,17,Regular Season,2005
2005-11-20,Sun,Baltimore Ravens,Pittsburgh Steelers,16,13,Regular Season,2005
2005-11-20,Sun,Oakland Raiders,Washington Redskins,16,13,Regular Season,2005
2005-11-20,Sun,Cleveland Browns,Miami Dolphins,22,0,Regular Season,2005
2005-11-20,Sun,New York Giants,Philadelphia Eagles,27,17,Regular Season,2005
2005-11-20,Sun,Tampa Bay Buccaneers,Atlanta Falcons,30,27,Regular Season,2005
2005-11-20,Sun,Seattle Seahawks,San Francisco 49ers,27,25,Regular Season,2005
2005-11-20,Sun,San Diego Chargers,Buffalo Bills,48,10,Regular Season,2005
2005-11-20,Sun,Indianapolis Colts,Cincinnati Bengals,45,37,Regular Season,2005
2005-11-20,Sun,Denver Broncos,New York Jets,27,0,Regular Season,2005
2005-11-20,Sun,Kansas City Chiefs,Houston Texans,45,17,Regular Season,2005
2005-11-21,Mon,Minnesota Vikings,Green Bay Packers,20,17,Regular Season,2005
2005-11-24,Thu,Atlanta Falcons,Detroit Lions,27,7,Regular Season,2005
2005-11-24,Thu,Denver Broncos,Dallas Cowboys,24,21,Regular Season,2005
2005-11-27,Sun,Kansas City Chiefs,New England Patriots,26,16,Regular Season,2005
2005-11-27,Sun,Carolina Panthers,Buffalo Bills,13,9,Regular Season,2005
2005-11-27,Sun,Chicago Bears,Tampa Bay Buccaneers,13,10,Regular Season,2005
2005-11-27,Sun,Minnesota Vikings,Cleveland Browns,24,12,Regular Season,2005
2005-11-27,Sun,San Diego Chargers,Washington Redskins,23,17,Regular Season,2005
2005-11-27,Sun,Cincinnati Bengals,Baltimore Ravens,42,29,Regular Season,2005
2005-11-27,Sun,St. Louis Rams,Houston Texans,33,27,Regular Season,2005
2005-11-27,Sun,Tennessee Titans,San Francisco 49ers,33,22,Regular Season,2005
2005-11-27,Sun,Miami Dolphins,Oakland Raiders,33,21,Regular Season,2005
2005-11-27,Sun,Jacksonville Jaguars,Arizona Cardinals,24,17,Regular Season,2005
2005-11-27,Sun,Philadelphia Eagles,Green Bay Packers,19,14,Regular Season,2005
2005-11-27,Sun,Seattle Seahawks,New York Giants,24,21,Regular Season,2005
2005-11-27,Sun,New Orleans Saints,New York Jets,21,19,Regular Season,2005
2005-11-28,Mon,Indianapolis Colts,Pittsburgh Steelers,26,7,Regular Season,2005
2005-12-04,Sun,Cincinnati Bengals,Pittsburgh Steelers,38,31,Regular Season,2005
2005-12-04,Sun,Indianapolis Colts,Tennessee Titans,35,3,Regular Season,2005
2005-12-04,Sun,Minnesota Vikings,Detroit Lions,21,16,Regular Season,2005
2005-12-04,Sun,Baltimore Ravens,Houston Texans,16,15,Regular Season,2005
2005-12-04,Sun,Carolina Panthers,Atlanta Falcons,24,6,Regular Season,2005
2005-12-04,Sun,Miami Dolphins,Buffalo Bills,24,23,Regular Season,2005
2005-12-04,Sun,Jacksonville Jaguars,Cleveland Browns,20,14,Regular Season,2005
2005-12-04,Sun,New York Giants,Dallas Cowboys,17,10,Regular Season,2005
2005-12-04,Sun,Chicago Bears,Green Bay Packers,19,7,Regular Season,2005
2005-12-04,Sun,Tampa Bay Buccaneers,New Orleans Saints,10,3,Regular Season,2005
2005-12-04,Sun,Arizona Cardinals,San Francisco 49ers,17,10,Regular Season,2005
2005-12-04,Sun,Washington Redskins,St. Louis Rams,24,9,Regular Season,2005
2005-12-04,Sun,Kansas City Chiefs,Denver Broncos,31,27,Regular Season,2005
2005-12-04,Sun,New England Patriots,New York Jets,16,3,Regular Season,2005
2005-12-04,Sun,San Diego Chargers,Oakland Raiders,34,10,Regular Season,2005
2005-12-05,Mon,Seattle Seahawks,Philadelphia Eagles,42,0,Regular Season,2005
2005-12-11,Sun,Indianapolis Colts,Jacksonville Jaguars,26,18,Regular Season,2005
2005-12-11,Sun,New England Patriots,Buffalo Bills,35,7,Regular Season,2005
2005-12-11,Sun,Pittsburgh Steelers,Chicago Bears,21,9,Regular Season,2005
2005-12-11,Sun,New York Jets,Oakland Raiders,26,10,Regular Season,2005
2005-12-11,Sun,Tampa Bay Buccaneers,Carolina Panthers,20,10,Regular Season,2005
2005-12-11,Sun,Cincinnati Bengals,Cleveland Browns,23,20,Regular Season,2005
2005-12-11,Sun,Tennessee Titans,Houston Texans,13,10,Regular Season,2005
2005-12-11,Sun,Minnesota Vikings,St. Louis Rams,27,13,Regular Season,2005
2005-12-11,Sun,Washington Redskins,Arizona Cardinals,17,13,Regular Season,2005
2005-12-11,Sun,New York Giants,Philadelphia Eagles,26,23,Regular Season,2005
2005-12-11,Sun,Seattle Seahawks,San Francisco 49ers,41,3,Regular Season,2005
2005-12-11,Sun,Dallas Cowboys,Kansas City Chiefs,31,28,Regular Season,2005
2005-12-11,Sun,Denver Broncos,Baltimore Ravens,12,10,Regular Season,2005
2005-12-11,Sun,Miami Dolphins,San Diego Chargers,23,21,Regular Season,2005
2005-12-11,Sun,Green Bay Packers,Detroit Lions,16,13,Regular Season,2005
2005-12-12,Mon,Atlanta Falcons,New Orleans Saints,36,17,Regular Season,2005
2005-12-17,Sat,New England Patriots,Tampa Bay Buccaneers,28,0,Regular Season,2005
2005-12-17,Sat,New York Giants,Kansas City Chiefs,27,17,Regular Season,2005
2005-12-17,Sat,Denver Broncos,Buffalo Bills,28,17,Regular Season,2005
2005-12-18,Sun,San Diego Chargers,Indianapolis Colts,26,17,Regular Season,2005
2005-12-18,Sun,Houston Texans,Arizona Cardinals,30,19,Regular Season,2005
2005-12-18,Sun,Jacksonville Jaguars,San Francisco 49ers,10,9,Regular Season,2005
2005-12-18,Sun,Philadelphia Eagles,St. Louis Rams,17,16,Regular Season,2005
2005-12-18,Sun,Carolina Panthers,New Orleans Saints,27,10,Regular Season,2005
2005-12-18,Sun,Miami Dolphins,New York Jets,24,20,Regular Season,2005
2005-12-18,Sun,Seattle Seahawks,Tennessee Titans,28,24,Regular Season,2005
2005-12-18,Sun,Pittsburgh Steelers,Minnesota Vikings,18,3,Regular Season,2005
2005-12-18,Sun,Cincinnati Bengals,Detroit Lions,41,17,Regular Season,2005
2005-12-18,Sun,Cleveland Browns,Oakland Raiders,9,7,Regular Season,2005
2005-12-18,Sun,Washington Redskins,Dallas Cowboys,35,7,Regular Season,2005
2005-12-18,Sun,Chicago Bears,Atlanta Falcons,16,3,Regular Season,2005
2005-12-19,Mon,Baltimore Ravens,Green Bay Packers,48,3,Regular Season,2005
2005-12-24,Sat,Kansas City Chiefs,San Diego Chargers,20,7,Regular Season,2005
2005-12-24,Sat,Tampa Bay Buccaneers,Atlanta Falcons,27,24,Regular Season,2005
2005-12-24,Sat,San Francisco 49ers,St. Louis Rams,24,20,Regular Season,2005
2005-12-24,Sat,Buffalo Bills,Cincinnati Bengals,37,27,Regular Season,2005
2005-12-24,Sat,Dallas Cowboys,Carolina Panthers,24,20,Regular Season,2005
2005-12-24,Sat,Pittsburgh Steelers,Cleveland Browns,41,0,Regular Season,2005
2005-12-24,Sat,Jacksonville Jaguars,Houston Texans,38,20,Regular Season,2005
2005-12-24,Sat,Miami Dolphins,Tennessee Titans,24,10,Regular Season,2005
2005-12-24,Sat,Washington Redskins,New York Giants,35,20,Regular Season,2005
2005-12-24,Sat,Detroit Lions,New Orleans Saints,13,12,Regular Season,2005
2005-12-24,Sat,Arizona Cardinals,Philadelphia Eagles,27,21,Regular Season,2005
2005-12-24,Sat,Denver Broncos,Oakland Raiders,22,3,Regular Season,2005
2005-12-24,Sat,Seattle Seahawks,Indianapolis Colts,28,13,Regular Season,2005
2005-12-25,Sun,Chicago Bears,Green Bay Packers,24,17,Regular Season,2005
2005-12-25,Sun,Baltimore Ravens,Minnesota Vikings,30,23,Regular Season,2005
2005-12-26,Mon,New England Patriots,New York Jets,31,21,Regular Season,2005
2005-12-31,Sat,Denver Broncos,San Diego Chargers,23,7,Regular Season,2005
2005-12-31,Sat,New York Giants,Oakland Raiders,30,21,Regular Season,2005
2006-01-01,Sun,Kansas City Chiefs,Cincinnati Bengals,37,3,Regular Season,2005
2006-01-01,Sun,New York Jets,Buffalo Bills,30,26,Regular Season,2005
2006-01-01,Sun,Cleveland Browns,Baltimore Ravens,20,16,Regular Season,2005
2006-01-01,Sun,Indianapolis Colts,Arizona Cardinals,17,13,Regular Season,2005
2006-01-01,Sun,Pittsburgh Steelers,Detroit Lions,35,21,Regular Season,2005
2006-01-01,Sun,Green Bay Packers,Seattle Seahawks,23,17,Regular Season,2005
2006-01-01,Sun,Miami Dolphins,New England Patriots,28,26,Regular Season,2005
2006-01-01,Sun,Tampa Bay Buccaneers,New Orleans Saints,27,13,Regular Season,2005
2006-01-01,Sun,Carolina Panthers,Atlanta Falcons,44,11,Regular Season,2005
2006-01-01,Sun,San Francisco 49ers,Houston Texans,20,17,Regular Season,2005
2006-01-01,Sun,Jacksonville Jaguars,Tennessee Titans,40,13,Regular Season,2005
2006-01-01,Sun,Minnesota Vikings,Chicago Bears,34,10,Regular Season,2005
2006-01-01,Sun,Washington Redskins,Philadelphia Eagles,31,20,Regular Season,2005
2006-01-01,Sun,St. Louis Rams,Dallas Cowboys,20,10,Regular Season,2005
Playoffs,,,,,,Playoff,2005
2006-01-07,Sat,Washington Redskins,Tampa Bay Buccaneers,17,10,Playoff,2005
2006-01-07,Sat,New England Patriots,Jacksonville Jaguars,28,3,Playoff,2005
2006-01-08,Sun,Carolina Panthers,New York Giants,23,0,Playoff,2005
2006-01-08,Sun,Pittsburgh Steelers,Cincinnati Bengals,31,17,Playoff,2005
2006-01-14,Sat,Seattle Seahawks,Washington Redskins,20,10,Playoff,2005
2006-01-14,Sat,Denver Broncos,New England Patriots,27,13,Playoff,2005
2006-01-15,Sun,Pittsburgh Steelers,Indianapolis Colts,21,18,Playoff,2005
2006-01-15,Sun,Carolina Panthers,Chicago Bears,29,21,Playoff,2005
2006-01-22,Sun,Pittsburgh Steelers,Denver Broncos,34,17,Playoff,2005
2006-01-22,Sun,Seattle Seahawks,Carolina Panthers,34,14,Playoff,2005
2006-02-05,Sun,Pittsburgh Steelers,Seattle Seahawks,21,10,Playoff,2005
