Date,DOW,WT,LT,WTS,LTS,Type,Season
2006-09-07,Thu,Pittsburgh Steelers,Miami Dolphins,28,17,Regular Season,2006
2006-09-10,Sun,Cincinnati Bengals,Kansas City Chiefs,23,10,Regular Season,2006
2006-09-10,Sun,Baltimore Ravens,Tampa Bay Buccaneers,27,0,Regular Season,2006
2006-09-10,Sun,New England Patriots,Buffalo Bills,19,17,Regular Season,2006
2006-09-10,Sun,St. Louis Rams,Denver Broncos,18,10,Regular Season,2006
2006-09-10,Sun,Philadelphia Eagles,Houston Texans,24,10,Regular Season,2006
2006-09-10,Sun,Atlanta Falcons,Carolina Panthers,20,6,Regular Season,2006
2006-09-10,Sun,New York Jets,Tennessee Titans,23,16,Regular Season,2006
2006-09-10,Sun,New Orleans Saints,Cleveland Browns,19,14,Regular Season,2006
2006-09-10,Sun,Seattle Seahawks,Detroit Lions,9,6,Regular Season,2006
2006-09-10,Sun,Chicago Bears,Green Bay Packers,26,0,Regular Season,2006
2006-09-10,Sun,Arizona Cardinals,San Francisco 49ers,34,27,Regular Season,2006
2006-09-10,Sun,Jacksonville Jaguars,Dallas Cowboys,24,17,Regular Season,2006
2006-09-10,Sun,Indianapolis Colts,New York Giants,26,21,Regular Season,2006
2006-09-11,Mon,Minnesota Vikings,Washington Redskins,19,16,Regular Season,2006
2006-09-11,Mon,San Diego Chargers,Oakland Raiders,27,0,Regular Season,2006
2006-09-17,Sun,New Orleans Saints,Green Bay Packers,34,27,Regular Season,2006
2006-09-17,Sun,New York Giants,Philadelphia Eagles,30,24,Regular Season,2006
2006-09-17,Sun,Baltimore Ravens,Oakland Raiders,28,6,Regular Season,2006
2006-09-17,Sun,Buffalo Bills,Miami Dolphins,16,6,Regular Season,2006
2006-09-17,Sun,Minnesota Vikings,Carolina Panthers,16,13,Regular Season,2006
2006-09-17,Sun,Chicago Bears,Detroit Lions,34,7,Regular Season,2006
2006-09-17,Sun,Cincinnati Bengals,Cleveland Browns,34,17,Regular Season,2006
2006-09-17,Sun,Indianapolis Colts,Houston Texans,43,24,Regular Season,2006
2006-09-17,Sun,Atlanta Falcons,Tampa Bay Buccaneers,14,3,Regular Season,2006
2006-09-17,Sun,Seattle Seahawks,Arizona Cardinals,21,10,Regular Season,2006
2006-09-17,Sun,San Francisco 49ers,St. Louis Rams,20,13,Regular Season,2006
2006-09-17,Sun,New England Patriots,New York Jets,24,17,Regular Season,2006
2006-09-17,Sun,San Diego Chargers,Tennessee Titans,40,7,Regular Season,2006
2006-09-17,Sun,Denver Broncos,Kansas City Chiefs,9,6,Regular Season,2006
2006-09-17,Sun,Dallas Cowboys,Washington Redskins,27,10,Regular Season,2006
2006-09-18,Mon,Jacksonville Jaguars,Pittsburgh Steelers,9,0,Regular Season,2006
2006-09-24,Sun,New York Jets,Buffalo Bills,28,20,Regular Season,2006
2006-09-24,Sun,Cincinnati Bengals,Pittsburgh Steelers,28,20,Regular Season,2006
2006-09-24,Sun,Indianapolis Colts,Jacksonville Jaguars,21,14,Regular Season,2006
2006-09-24,Sun,Green Bay Packers,Detroit Lions,31,24,Regular Season,2006
2006-09-24,Sun,Miami Dolphins,Tennessee Titans,13,10,Regular Season,2006
2006-09-24,Sun,Carolina Panthers,Tampa Bay Buccaneers,26,24,Regular Season,2006
2006-09-24,Sun,Washington Redskins,Houston Texans,31,15,Regular Season,2006
2006-09-24,Sun,Chicago Bears,Minnesota Vikings,19,16,Regular Season,2006
2006-09-24,Sun,Baltimore Ravens,Cleveland Browns,15,14,Regular Season,2006
2006-09-24,Sun,St. Louis Rams,Arizona Cardinals,16,14,Regular Season,2006
2006-09-24,Sun,Philadelphia Eagles,San Francisco 49ers,38,24,Regular Season,2006
2006-09-24,Sun,Seattle Seahawks,New York Giants,42,30,Regular Season,2006
2006-09-24,Sun,Denver Broncos,New England Patriots,17,7,Regular Season,2006
2006-09-25,Mon,New Orleans Saints,Atlanta Falcons,23,3,Regular Season,2006
2006-10-01,Sun,Kansas City Chiefs,San Francisco 49ers,41,0,Regular Season,2006
2006-10-01,Sun,Buffalo Bills,Minnesota Vikings,17,12,Regular Season,2006
2006-10-01,Sun,Carolina Panthers,New Orleans Saints,21,18,Regular Season,2006
2006-10-01,Sun,Indianapolis Colts,New York Jets,31,28,Regular Season,2006
2006-10-01,Sun,Houston Texans,Miami Dolphins,17,15,Regular Season,2006
2006-10-01,Sun,Baltimore Ravens,San Diego Chargers,16,13,Regular Season,2006
2006-10-01,Sun,Atlanta Falcons,Arizona Cardinals,32,10,Regular Season,2006
2006-10-01,Sun,Dallas Cowboys,Tennessee Titans,45,14,Regular Season,2006
2006-10-01,Sun,St. Louis Rams,Detroit Lions,41,34,Regular Season,2006
2006-10-01,Sun,New England Patriots,Cincinnati Bengals,38,13,Regular Season,2006
2006-10-01,Sun,Cleveland Browns,Oakland Raiders,24,21,Regular Season,2006
2006-10-01,Sun,Washington Redskins,Jacksonville Jaguars,36,30,Regular Season,2006
2006-10-01,Sun,Chicago Bears,Seattle Seahawks,37,6,Regular Season,2006
2006-10-02,Mon,Philadelphia Eagles,Green Bay Packers,31,9,Regular Season,2006
2006-10-08,Sun,Carolina Panthers,Cleveland Browns,20,12,Regular Season,2006
2006-10-08,Sun,Indianapolis Colts,Tennessee Titans,14,13,Regular Season,2006
2006-10-08,Sun,St. Louis Rams,Green Bay Packers,23,20,Regular Season,2006
2006-10-08,Sun,New England Patriots,Miami Dolphins,20,10,Regular Season,2006
2006-10-08,Sun,New York Giants,Washington Redskins,19,3,Regular Season,2006
2006-10-08,Sun,Chicago Bears,Buffalo Bills,40,7,Regular Season,2006
2006-10-08,Sun,New Orleans Saints,Tampa Bay Buccaneers,24,21,Regular Season,2006
2006-10-08,Sun,Minnesota Vikings,Detroit Lions,26,17,Regular Season,2006
2006-10-08,Sun,San Francisco 49ers,Oakland Raiders,34,20,Regular Season,2006
2006-10-08,Sun,Kansas City Chiefs,Arizona Cardinals,23,20,Regular Season,2006
2006-10-08,Sun,Jacksonville Jaguars,New York Jets,41,0,Regular Season,2006
2006-10-08,Sun,Philadelphia Eagles,Dallas Cowboys,38,24,Regular Season,2006
2006-10-08,Sun,San Diego Chargers,Pittsburgh Steelers,23,13,Regular Season,2006
2006-10-09,Mon,Denver Broncos,Baltimore Ravens,13,3,Regular Season,2006
2006-10-15,Sun,Tampa Bay Buccaneers,Cincinnati Bengals,14,13,Regular Season,2006
2006-10-15,Sun,Dallas Cowboys,Houston Texans,34,6,Regular Season,2006
2006-10-15,Sun,Carolina Panthers,Baltimore Ravens,23,21,Regular Season,2006
2006-10-15,Sun,New Orleans Saints,Philadelphia Eagles,27,24,Regular Season,2006
2006-10-15,Sun,Tennessee Titans,Washington Redskins,25,22,Regular Season,2006
2006-10-15,Sun,Seattle Seahawks,St. Louis Rams,30,28,Regular Season,2006
2006-10-15,Sun,Detroit Lions,Buffalo Bills,20,17,Regular Season,2006
2006-10-15,Sun,New York Giants,Atlanta Falcons,27,14,Regular Season,2006
2006-10-15,Sun,Pittsburgh Steelers,Kansas City Chiefs,45,7,Regular Season,2006
2006-10-15,Sun,San Diego Chargers,San Francisco 49ers,48,19,Regular Season,2006
2006-10-15,Sun,New York Jets,Miami Dolphins,20,17,Regular Season,2006
2006-10-15,Sun,Denver Broncos,Oakland Raiders,13,3,Regular Season,2006
2006-10-16,Mon,Chicago Bears,Arizona Cardinals,24,23,Regular Season,2006
2006-10-22,Sun,Kansas City Chiefs,San Diego Chargers,30,27,Regular Season,2006
2006-10-22,Sun,Green Bay Packers,Miami Dolphins,34,24,Regular Season,2006
2006-10-22,Sun,New England Patriots,Buffalo Bills,28,6,Regular Season,2006
2006-10-22,Sun,Tampa Bay Buccaneers,Philadelphia Eagles,23,21,Regular Season,2006
2006-10-22,Sun,Houston Texans,Jacksonville Jaguars,27,7,Regular Season,2006
2006-10-22,Sun,Cincinnati Bengals,Carolina Panthers,17,14,Regular Season,2006
2006-10-22,Sun,New York Jets,Detroit Lions,31,24,Regular Season,2006
2006-10-22,Sun,Atlanta Falcons,Pittsburgh Steelers,41,38,Regular Season,2006
2006-10-22,Sun,Denver Broncos,Cleveland Browns,17,7,Regular Season,2006
2006-10-22,Sun,Indianapolis Colts,Washington Redskins,36,22,Regular Season,2006
2006-10-22,Sun,Oakland Raiders,Arizona Cardinals,22,9,Regular Season,2006
2006-10-22,Sun,Minnesota Vikings,Seattle Seahawks,31,13,Regular Season,2006
2006-10-23,Mon,New York Giants,Dallas Cowboys,36,22,Regular Season,2006
2006-10-29,Sun,Kansas City Chiefs,Seattle Seahawks,35,28,Regular Season,2006
2006-10-29,Sun,Atlanta Falcons,Cincinnati Bengals,29,27,Regular Season,2006
2006-10-29,Sun,Tennessee Titans,Houston Texans,28,22,Regular Season,2006
2006-10-29,Sun,Green Bay Packers,Arizona Cardinals,31,14,Regular Season,2006
2006-10-29,Sun,Chicago Bears,San Francisco 49ers,41,10,Regular Season,2006
2006-10-29,Sun,Baltimore Ravens,New Orleans Saints,35,22,Regular Season,2006
2006-10-29,Sun,New York Giants,Tampa Bay Buccaneers,17,3,Regular Season,2006
2006-10-29,Sun,Jacksonville Jaguars,Philadelphia Eagles,13,6,Regular Season,2006
2006-10-29,Sun,San Diego Chargers,St. Louis Rams,38,24,Regular Season,2006
2006-10-29,Sun,Indianapolis Colts,Denver Broncos,34,31,Regular Season,2006
2006-10-29,Sun,Oakland Raiders,Pittsburgh Steelers,20,13,Regular Season,2006
2006-10-29,Sun,Cleveland Browns,New York Jets,20,13,Regular Season,2006
2006-10-29,Sun,Dallas Cowboys,Carolina Panthers,35,14,Regular Season,2006
2006-10-30,Mon,New England Patriots,Minnesota Vikings,31,7,Regular Season,2006
2006-11-05,Sun,Buffalo Bills,Green Bay Packers,24,10,Regular Season,2006
2006-11-05,Sun,Miami Dolphins,Chicago Bears,31,13,Regular Season,2006
2006-11-05,Sun,Baltimore Ravens,Cincinnati Bengals,26,20,Regular Season,2006
2006-11-05,Sun,Washington Redskins,Dallas Cowboys,22,19,Regular Season,2006
2006-11-05,Sun,New York Giants,Houston Texans,14,10,Regular Season,2006
2006-11-05,Sun,Kansas City Chiefs,St. Louis Rams,31,17,Regular Season,2006
2006-11-05,Sun,New Orleans Saints,Tampa Bay Buccaneers,31,14,Regular Season,2006
2006-11-05,Sun,Detroit Lions,Atlanta Falcons,30,14,Regular Season,2006
2006-11-05,Sun,Jacksonville Jaguars,Tennessee Titans,37,7,Regular Season,2006
2006-11-05,Sun,San Francisco 49ers,Minnesota Vikings,9,3,Regular Season,2006
2006-11-05,Sun,San Diego Chargers,Cleveland Browns,32,25,Regular Season,2006
2006-11-05,Sun,Denver Broncos,Pittsburgh Steelers,31,20,Regular Season,2006
2006-11-05,Sun,Indianapolis Colts,New England Patriots,27,20,Regular Season,2006
2006-11-06,Mon,Seattle Seahawks,Oakland Raiders,16,0,Regular Season,2006
2006-11-12,Sun,Indianapolis Colts,Buffalo Bills,17,16,Regular Season,2006
2006-11-12,Sun,New York Jets,New England Patriots,17,14,Regular Season,2006
2006-11-12,Sun,Philadelphia Eagles,Washington Redskins,27,3,Regular Season,2006
2006-11-12,Sun,San Diego Chargers,Cincinnati Bengals,49,41,Regular Season,2006
2006-11-12,Sun,San Francisco 49ers,Detroit Lions,19,13,Regular Season,2006
2006-11-12,Sun,Houston Texans,Jacksonville Jaguars,13,10,Regular Season,2006
2006-11-12,Sun,Miami Dolphins,Kansas City Chiefs,13,10,Regular Season,2006
2006-11-12,Sun,Baltimore Ravens,Tennessee Titans,27,26,Regular Season,2006
2006-11-12,Sun,Cleveland Browns,Atlanta Falcons,17,13,Regular Season,2006
2006-11-12,Sun,Green Bay Packers,Minnesota Vikings,23,17,Regular Season,2006
2006-11-12,Sun,Denver Broncos,Oakland Raiders,17,13,Regular Season,2006
2006-11-12,Sun,Pittsburgh Steelers,New Orleans Saints,38,31,Regular Season,2006
2006-11-12,Sun,Dallas Cowboys,Arizona Cardinals,27,10,Regular Season,2006
2006-11-12,Sun,Seattle Seahawks,St. Louis Rams,24,22,Regular Season,2006
2006-11-12,Sun,Chicago Bears,New York Giants,38,20,Regular Season,2006
2006-11-13,Mon,Carolina Panthers,Tampa Bay Buccaneers,24,10,Regular Season,2006
2006-11-19,Sun,Kansas City Chiefs,Oakland Raiders,17,13,Regular Season,2006
2006-11-19,Sun,Tennessee Titans,Philadelphia Eagles,31,13,Regular Season,2006
2006-11-19,Sun,Baltimore Ravens,Atlanta Falcons,24,10,Regular Season,2006
2006-11-19,Sun,Carolina Panthers,St. Louis Rams,15,0,Regular Season,2006
2006-11-19,Sun,Cincinnati Bengals,New Orleans Saints,31,16,Regular Season,2006
2006-11-19,Sun,New England Patriots,Green Bay Packers,35,0,Regular Season,2006
2006-11-19,Sun,Buffalo Bills,Houston Texans,24,21,Regular Season,2006
2006-11-19,Sun,Pittsburgh Steelers,Cleveland Browns,24,20,Regular Season,2006
2006-11-19,Sun,Miami Dolphins,Minnesota Vikings,24,20,Regular Season,2006
2006-11-19,Sun,Tampa Bay Buccaneers,Washington Redskins,20,17,Regular Season,2006
2006-11-19,Sun,Chicago Bears,New York Jets,10,0,Regular Season,2006
2006-11-19,Sun,Arizona Cardinals,Detroit Lions,17,10,Regular Season,2006
2006-11-19,Sun,San Francisco 49ers,Seattle Seahawks,20,14,Regular Season,2006
2006-11-19,Sun,Dallas Cowboys,Indianapolis Colts,21,14,Regular Season,2006
2006-11-19,Sun,San Diego Chargers,Denver Broncos,35,27,Regular Season,2006
2006-11-20,Mon,Jacksonville Jaguars,New York Giants,26,10,Regular Season,2006
2006-11-23,Thu,Miami Dolphins,Detroit Lions,27,10,Regular Season,2006
2006-11-23,Thu,Dallas Cowboys,Tampa Bay Buccaneers,38,10,Regular Season,2006
2006-11-23,Thu,Kansas City Chiefs,Denver Broncos,19,10,Regular Season,2006
2006-11-26,Sun,Buffalo Bills,Jacksonville Jaguars,27,24,Regular Season,2006
2006-11-26,Sun,New York Jets,Houston Texans,26,11,Regular Season,2006
2006-11-26,Sun,Baltimore Ravens,Pittsburgh Steelers,27,0,Regular Season,2006
2006-11-26,Sun,St. Louis Rams,San Francisco 49ers,20,17,Regular Season,2006
2006-11-26,Sun,Washington Redskins,Carolina Panthers,17,13,Regular Season,2006
2006-11-26,Sun,Cincinnati Bengals,Cleveland Browns,30,0,Regular Season,2006
2006-11-26,Sun,New Orleans Saints,Atlanta Falcons,31,13,Regular Season,2006
2006-11-26,Sun,Minnesota Vikings,Arizona Cardinals,31,26,Regular Season,2006
2006-11-26,Sun,San Diego Chargers,Oakland Raiders,21,14,Regular Season,2006
2006-11-26,Sun,New England Patriots,Chicago Bears,17,13,Regular Season,2006
2006-11-26,Sun,Tennessee Titans,New York Giants,24,21,Regular Season,2006
2006-11-26,Sun,Indianapolis Colts,Philadelphia Eagles,45,21,Regular Season,2006
2006-11-27,Mon,Seattle Seahawks,Green Bay Packers,34,24,Regular Season,2006
2006-11-30,Thu,Cincinnati Bengals,Baltimore Ravens,13,7,Regular Season,2006
2006-12-03,Sun,San Diego Chargers,Buffalo Bills,24,21,Regular Season,2006
2006-12-03,Sun,Arizona Cardinals,St. Louis Rams,34,20,Regular Season,2006
2006-12-03,Sun,New England Patriots,Detroit Lions,28,21,Regular Season,2006
2006-12-03,Sun,New York Jets,Green Bay Packers,38,10,Regular Season,2006
2006-12-03,Sun,Atlanta Falcons,Washington Redskins,24,14,Regular Season,2006
2006-12-03,Sun,Chicago Bears,Minnesota Vikings,23,13,Regular Season,2006
2006-12-03,Sun,Cleveland Browns,Kansas City Chiefs,31,28,Regular Season,2006
2006-12-03,Sun,Tennessee Titans,Indianapolis Colts,20,17,Regular Season,2006
2006-12-03,Sun,New Orleans Saints,San Francisco 49ers,34,10,Regular Season,2006
2006-12-03,Sun,Houston Texans,Oakland Raiders,23,14,Regular Season,2006
2006-12-03,Sun,Jacksonville Jaguars,Miami Dolphins,24,10,Regular Season,2006
2006-12-03,Sun,Dallas Cowboys,New York Giants,23,20,Regular Season,2006
2006-12-03,Sun,Pittsburgh Steelers,Tampa Bay Buccaneers,20,3,Regular Season,2006
2006-12-03,Sun,Seattle Seahawks,Denver Broncos,23,20,Regular Season,2006
2006-12-04,Mon,Philadelphia Eagles,Carolina Panthers,27,24,Regular Season,2006
2006-12-07,Thu,Pittsburgh Steelers,Cleveland Browns,27,7,Regular Season,2006
2006-12-10,Sun,Baltimore Ravens,Kansas City Chiefs,20,10,Regular Season,2006
2006-12-10,Sun,Atlanta Falcons,Tampa Bay Buccaneers,17,6,Regular Season,2006
2006-12-10,Sun,New York Giants,Carolina Panthers,27,13,Regular Season,2006
2006-12-10,Sun,Tennessee Titans,Houston Texans,26,20,Regular Season,2006
2006-12-10,Sun,Miami Dolphins,New England Patriots,21,0,Regular Season,2006
2006-12-10,Sun,Cincinnati Bengals,Oakland Raiders,27,10,Regular Season,2006
2006-12-10,Sun,Jacksonville Jaguars,Indianapolis Colts,44,17,Regular Season,2006
2006-12-10,Sun,Minnesota Vikings,Detroit Lions,30,20,Regular Season,2006
2006-12-10,Sun,Philadelphia Eagles,Washington Redskins,21,19,Regular Season,2006
2006-12-10,Sun,Arizona Cardinals,Seattle Seahawks,27,21,Regular Season,2006
2006-12-10,Sun,Green Bay Packers,San Francisco 49ers,30,19,Regular Season,2006
2006-12-10,Sun,Buffalo Bills,New York Jets,31,13,Regular Season,2006
2006-12-10,Sun,San Diego Chargers,Denver Broncos,48,20,Regular Season,2006
2006-12-10,Sun,New Orleans Saints,Dallas Cowboys,42,17,Regular Season,2006
2006-12-11,Mon,Chicago Bears,St. Louis Rams,42,27,Regular Season,2006
2006-12-14,Thu,San Francisco 49ers,Seattle Seahawks,24,14,Regular Season,2006
2006-12-16,Sat,Dallas Cowboys,Atlanta Falcons,38,28,Regular Season,2006
2006-12-17,Sun,Buffalo Bills,Miami Dolphins,21,0,Regular Season,2006
2006-12-17,Sun,Pittsburgh Steelers,Carolina Panthers,37,3,Regular Season,2006
2006-12-17,Sun,Baltimore Ravens,Cleveland Browns,27,17,Regular Season,2006
2006-12-17,Sun,Green Bay Packers,Detroit Lions,17,9,Regular Season,2006
2006-12-17,Sun,New England Patriots,Houston Texans,40,7,Regular Season,2006
2006-12-17,Sun,Tennessee Titans,Jacksonville Jaguars,24,17,Regular Season,2006
2006-12-17,Sun,Washington Redskins,New Orleans Saints,16,10,Regular Season,2006
2006-12-17,Sun,Chicago Bears,Tampa Bay Buccaneers,34,31,Regular Season,2006
2006-12-17,Sun,New York Jets,Minnesota Vikings,26,13,Regular Season,2006
2006-12-17,Sun,Denver Broncos,Arizona Cardinals,37,20,Regular Season,2006
2006-12-17,Sun,Philadelphia Eagles,New York Giants,36,22,Regular Season,2006
2006-12-17,Sun,St. Louis Rams,Oakland Raiders,20,0,Regular Season,2006
2006-12-17,Sun,San Diego Chargers,Kansas City Chiefs,20,9,Regular Season,2006
2006-12-18,Mon,Indianapolis Colts,Cincinnati Bengals,34,16,Regular Season,2006
2006-12-21,Thu,Green Bay Packers,Minnesota Vikings,9,7,Regular Season,2006
2006-12-23,Sat,Kansas City Chiefs,Oakland Raiders,20,9,Regular Season,2006
2006-12-24,Sun,Tennessee Titans,Buffalo Bills,30,29,Regular Season,2006
2006-12-24,Sun,Baltimore Ravens,Pittsburgh Steelers,31,7,Regular Season,2006
2006-12-24,Sun,St. Louis Rams,Washington Redskins,37,31,Regular Season,2006
2006-12-24,Sun,Carolina Panthers,Atlanta Falcons,10,3,Regular Season,2006
2006-12-24,Sun,Chicago Bears,Detroit Lions,26,21,Regular Season,2006
2006-12-24,Sun,Tampa Bay Buccaneers,Cleveland Browns,22,7,Regular Season,2006
2006-12-24,Sun,Houston Texans,Indianapolis Colts,27,24,Regular Season,2006
2006-12-24,Sun,New England Patriots,Jacksonville Jaguars,24,21,Regular Season,2006
2006-12-24,Sun,New Orleans Saints,New York Giants,30,7,Regular Season,2006
2006-12-24,Sun,Arizona Cardinals,San Francisco 49ers,26,20,Regular Season,2006
2006-12-24,Sun,Denver Broncos,Cincinnati Bengals,24,23,Regular Season,2006
2006-12-24,Sun,San Diego Chargers,Seattle Seahawks,20,17,Regular Season,2006
2006-12-25,Mon,Philadelphia Eagles,Dallas Cowboys,23,7,Regular Season,2006
2006-12-25,Mon,New York Jets,Miami Dolphins,13,10,Regular Season,2006
2006-12-30,Sat,New York Giants,Washington Redskins,34,28,Regular Season,2006
2006-12-31,Sun,Kansas City Chiefs,Jacksonville Jaguars,35,30,Regular Season,2006
2006-12-31,Sun,Houston Texans,Cleveland Browns,14,6,Regular Season,2006
2006-12-31,Sun,Detroit Lions,Dallas Cowboys,39,31,Regular Season,2006
2006-12-31,Sun,New England Patriots,Tennessee Titans,40,23,Regular Season,2006
2006-12-31,Sun,New York Jets,Oakland Raiders,23,3,Regular Season,2006
2006-12-31,Sun,Carolina Panthers,New Orleans Saints,31,21,Regular Season,2006
2006-12-31,Sun,Pittsburgh Steelers,Cincinnati Bengals,23,17,Regular Season,2006
2006-12-31,Sun,Seattle Seahawks,Tampa Bay Buccaneers,23,7,Regular Season,2006
2006-12-31,Sun,St. Louis Rams,Minnesota Vikings,41,21,Regular Season,2006
2006-12-31,Sun,Philadelphia Eagles,Atlanta Falcons,24,17,Regular Season,2006
2006-12-31,Sun,Indianapolis Colts,Miami Dolphins,27,22,Regular Season,2006
2006-12-31,Sun,San Diego Chargers,Arizona Cardinals,27,20,Regular Season,2006
2006-12-31,Sun,Baltimore Ravens,Buffalo Bills,19,7,Regular Season,2006
2006-12-31,Sun,San Francisco 49ers,Denver Broncos,26,23,Regular Season,2006
2006-12-31,Sun,Green Bay Packers,Chicago Bears,26,7,Regular Season,2006
Playoffs,,,,,,Playoff,2006
2007-01-06,Sat,Indianapolis Colts,Kansas City Chiefs,23,8,Playoff,2006
2007-01-06,Sat,Seattle Seahawks,Dallas Cowboys,21,20,Playoff,2006
2007-01-07,Sun,New England Patriots,New York Jets,37,16,Playoff,2006
2007-01-07,Sun,Philadelphia Eagles,New York Giants,23,20,Playoff,2006
2007-01-13,Sat,Indianapolis Colts,Baltimore Ravens,15,6,Playoff,2006
2007-01-13,Sat,New Orleans Saints,Philadelphia Eagles,27,24,Playoff,2006
2007-01-14,Sun,Chicago Bears,Seattle Seahawks,27,24,Playoff,2006
2007-01-14,Sun,New England Patriots,San Diego Chargers,24,21,Playoff,2006
2007-01-21,Sun,Chicago Bears,New Orleans Saints,39,14,Playoff,2006
2007-01-21,Sun,Indianapolis Colts,New England Patriots,38,34,Playoff,2006
2007-02-04,Sun,Indianapolis Colts,Chicago Bears,29,17,Playoff,2006
