Date,DOW,WT,LT,WTS,LTS,Type,Season
2007-09-06,Thu,Indianapolis Colts,New Orleans Saints,41,10,Regular Season,2007
2007-09-09,Sun,Carolina Panthers,St. Louis Rams,27,13,Regular Season,2007
2007-09-09,Sun,Minnesota Vikings,Atlanta Falcons,24,3,Regular Season,2007
2007-09-09,Sun,Denver Broncos,Buffalo Bills,15,14,Regular Season,2007
2007-09-09,Sun,Green Bay Packers,Philadelphia Eagles,16,13,Regular Season,2007
2007-09-09,Sun,Washington Redskins,Miami Dolphins,16,13,Regular Season,2007
2007-09-09,Sun,Pittsburgh Steelers,Cleveland Browns,34,7,Regular Season,2007
2007-09-09,Sun,New England Patriots,New York Jets,38,14,Regular Season,2007
2007-09-09,Sun,Tennessee Titans,Jacksonville Jaguars,13,10,Regular Season,2007
2007-09-09,Sun,Houston Texans,Kansas City Chiefs,20,3,Regular Season,2007
2007-09-09,Sun,San Diego Chargers,Chicago Bears,14,3,Regular Season,2007
2007-09-09,Sun,Detroit Lions,Oakland Raiders,36,21,Regular Season,2007
2007-09-09,Sun,Seattle Seahawks,Tampa Bay Buccaneers,20,6,Regular Season,2007
2007-09-09,Sun,Dallas Cowboys,New York Giants,45,35,Regular Season,2007
2007-09-10,Mon,Cincinnati Bengals,Baltimore Ravens,27,20,Regular Season,2007
2007-09-10,Mon,San Francisco 49ers,Arizona Cardinals,20,17,Regular Season,2007
2007-09-16,Sun,Pittsburgh Steelers,Buffalo Bills,26,3,Regular Season,2007
2007-09-16,Sun,Houston Texans,Carolina Panthers,34,21,Regular Season,2007
2007-09-16,Sun,Indianapolis Colts,Tennessee Titans,22,20,Regular Season,2007
2007-09-16,Sun,San Francisco 49ers,St. Louis Rams,17,16,Regular Season,2007
2007-09-16,Sun,Cleveland Browns,Cincinnati Bengals,51,45,Regular Season,2007
2007-09-16,Sun,Tampa Bay Buccaneers,New Orleans Saints,31,14,Regular Season,2007
2007-09-16,Sun,Jacksonville Jaguars,Atlanta Falcons,13,7,Regular Season,2007
2007-09-16,Sun,Green Bay Packers,New York Giants,35,13,Regular Season,2007
2007-09-16,Sun,Arizona Cardinals,Seattle Seahawks,23,20,Regular Season,2007
2007-09-16,Sun,Dallas Cowboys,Miami Dolphins,37,20,Regular Season,2007
2007-09-16,Sun,Detroit Lions,Minnesota Vikings,20,17,Regular Season,2007
2007-09-16,Sun,Chicago Bears,Kansas City Chiefs,20,10,Regular Season,2007
2007-09-16,Sun,Denver Broncos,Oakland Raiders,23,20,Regular Season,2007
2007-09-16,Sun,Baltimore Ravens,New York Jets,20,13,Regular Season,2007
2007-09-16,Sun,New England Patriots,San Diego Chargers,38,14,Regular Season,2007
2007-09-17,Mon,Washington Redskins,Philadelphia Eagles,20,12,Regular Season,2007
2007-09-23,Sun,Baltimore Ravens,Arizona Cardinals,26,23,Regular Season,2007
2007-09-23,Sun,Kansas City Chiefs,Minnesota Vikings,13,10,Regular Season,2007
2007-09-23,Sun,New England Patriots,Buffalo Bills,38,7,Regular Season,2007
2007-09-23,Sun,Philadelphia Eagles,Detroit Lions,56,21,Regular Season,2007
2007-09-23,Sun,Green Bay Packers,San Diego Chargers,31,24,Regular Season,2007
2007-09-23,Sun,New York Jets,Miami Dolphins,31,28,Regular Season,2007
2007-09-23,Sun,Pittsburgh Steelers,San Francisco 49ers,37,16,Regular Season,2007
2007-09-23,Sun,Tampa Bay Buccaneers,St. Louis Rams,24,3,Regular Season,2007
2007-09-23,Sun,Indianapolis Colts,Houston Texans,30,24,Regular Season,2007
2007-09-23,Sun,Seattle Seahawks,Cincinnati Bengals,24,21,Regular Season,2007
2007-09-23,Sun,Oakland Raiders,Cleveland Browns,26,24,Regular Season,2007
2007-09-23,Sun,Jacksonville Jaguars,Denver Broncos,23,14,Regular Season,2007
2007-09-23,Sun,Carolina Panthers,Atlanta Falcons,27,20,Regular Season,2007
2007-09-23,Sun,New York Giants,Washington Redskins,24,17,Regular Season,2007
2007-09-23,Sun,Dallas Cowboys,Chicago Bears,34,10,Regular Season,2007
2007-09-24,Mon,Tennessee Titans,New Orleans Saints,31,14,Regular Season,2007
2007-09-30,Sun,Atlanta Falcons,Houston Texans,26,16,Regular Season,2007
2007-09-30,Sun,Buffalo Bills,New York Jets,17,14,Regular Season,2007
2007-09-30,Sun,Cleveland Browns,Baltimore Ravens,27,13,Regular Season,2007
2007-09-30,Sun,Dallas Cowboys,St. Louis Rams,35,7,Regular Season,2007
2007-09-30,Sun,Detroit Lions,Chicago Bears,37,27,Regular Season,2007
2007-09-30,Sun,Green Bay Packers,Minnesota Vikings,23,16,Regular Season,2007
2007-09-30,Sun,Oakland Raiders,Miami Dolphins,35,17,Regular Season,2007
2007-09-30,Sun,Seattle Seahawks,San Francisco 49ers,23,3,Regular Season,2007
2007-09-30,Sun,Tampa Bay Buccaneers,Carolina Panthers,20,7,Regular Season,2007
2007-09-30,Sun,Indianapolis Colts,Denver Broncos,38,20,Regular Season,2007
2007-09-30,Sun,Arizona Cardinals,Pittsburgh Steelers,21,14,Regular Season,2007
2007-09-30,Sun,Kansas City Chiefs,San Diego Chargers,30,16,Regular Season,2007
2007-09-30,Sun,New York Giants,Philadelphia Eagles,16,3,Regular Season,2007
2007-10-01,Mon,New England Patriots,Cincinnati Bengals,34,13,Regular Season,2007
2007-10-07,Sun,Jacksonville Jaguars,Kansas City Chiefs,17,7,Regular Season,2007
2007-10-07,Sun,New England Patriots,Cleveland Browns,34,17,Regular Season,2007
2007-10-07,Sun,Arizona Cardinals,St. Louis Rams,34,31,Regular Season,2007
2007-10-07,Sun,Washington Redskins,Detroit Lions,34,3,Regular Season,2007
2007-10-07,Sun,Houston Texans,Miami Dolphins,22,19,Regular Season,2007
2007-10-07,Sun,New York Giants,New York Jets,35,24,Regular Season,2007
2007-10-07,Sun,Pittsburgh Steelers,Seattle Seahawks,21,0,Regular Season,2007
2007-10-07,Sun,Carolina Panthers,New Orleans Saints,16,13,Regular Season,2007
2007-10-07,Sun,Tennessee Titans,Atlanta Falcons,20,13,Regular Season,2007
2007-10-07,Sun,Indianapolis Colts,Tampa Bay Buccaneers,33,14,Regular Season,2007
2007-10-07,Sun,San Diego Chargers,Denver Broncos,41,3,Regular Season,2007
2007-10-07,Sun,Baltimore Ravens,San Francisco 49ers,9,7,Regular Season,2007
2007-10-07,Sun,Chicago Bears,Green Bay Packers,27,20,Regular Season,2007
2007-10-08,Mon,Dallas Cowboys,Buffalo Bills,25,24,Regular Season,2007
2007-10-14,Sun,Kansas City Chiefs,Cincinnati Bengals,27,20,Regular Season,2007
2007-10-14,Sun,Minnesota Vikings,Chicago Bears,34,31,Regular Season,2007
2007-10-14,Sun,Green Bay Packers,Washington Redskins,17,14,Regular Season,2007
2007-10-14,Sun,Philadelphia Eagles,New York Jets,16,9,Regular Season,2007
2007-10-14,Sun,Baltimore Ravens,St. Louis Rams,22,3,Regular Season,2007
2007-10-14,Sun,Tampa Bay Buccaneers,Tennessee Titans,13,10,Regular Season,2007
2007-10-14,Sun,Cleveland Browns,Miami Dolphins,41,31,Regular Season,2007
2007-10-14,Sun,Jacksonville Jaguars,Houston Texans,37,17,Regular Season,2007
2007-10-14,Sun,Carolina Panthers,Arizona Cardinals,25,10,Regular Season,2007
2007-10-14,Sun,San Diego Chargers,Oakland Raiders,28,14,Regular Season,2007
2007-10-14,Sun,New England Patriots,Dallas Cowboys,48,27,Regular Season,2007
2007-10-14,Sun,New Orleans Saints,Seattle Seahawks,28,17,Regular Season,2007
2007-10-15,Mon,New York Giants,Atlanta Falcons,31,10,Regular Season,2007
2007-10-21,Sun,Buffalo Bills,Baltimore Ravens,19,14,Regular Season,2007
2007-10-21,Sun,Washington Redskins,Arizona Cardinals,21,19,Regular Season,2007
2007-10-21,Sun,Tennessee Titans,Houston Texans,38,36,Regular Season,2007
2007-10-21,Sun,New England Patriots,Miami Dolphins,49,28,Regular Season,2007
2007-10-21,Sun,Detroit Lions,Tampa Bay Buccaneers,23,16,Regular Season,2007
2007-10-21,Sun,New Orleans Saints,Atlanta Falcons,22,16,Regular Season,2007
2007-10-21,Sun,New York Giants,San Francisco 49ers,33,15,Regular Season,2007
2007-10-21,Sun,Cincinnati Bengals,New York Jets,38,31,Regular Season,2007
2007-10-21,Sun,Kansas City Chiefs,Oakland Raiders,12,10,Regular Season,2007
2007-10-21,Sun,Chicago Bears,Philadelphia Eagles,19,16,Regular Season,2007
2007-10-21,Sun,Dallas Cowboys,Minnesota Vikings,24,14,Regular Season,2007
2007-10-21,Sun,Seattle Seahawks,St. Louis Rams,33,6,Regular Season,2007
2007-10-21,Sun,Denver Broncos,Pittsburgh Steelers,31,28,Regular Season,2007
2007-10-22,Mon,Indianapolis Colts,Jacksonville Jaguars,29,7,Regular Season,2007
2007-10-28,Sun,Cleveland Browns,St. Louis Rams,27,20,Regular Season,2007
2007-10-28,Sun,Indianapolis Colts,Carolina Panthers,31,7,Regular Season,2007
2007-10-28,Sun,Pittsburgh Steelers,Cincinnati Bengals,24,13,Regular Season,2007
2007-10-28,Sun,Tennessee Titans,Oakland Raiders,13,9,Regular Season,2007
2007-10-28,Sun,New York Giants,Miami Dolphins,13,10,Regular Season,2007
2007-10-28,Sun,Philadelphia Eagles,Minnesota Vikings,23,16,Regular Season,2007
2007-10-28,Sun,Detroit Lions,Chicago Bears,16,7,Regular Season,2007
2007-10-28,Sun,Buffalo Bills,New York Jets,13,3,Regular Season,2007
2007-10-28,Sun,Jacksonville Jaguars,Tampa Bay Buccaneers,24,23,Regular Season,2007
2007-10-28,Sun,San Diego Chargers,Houston Texans,35,10,Regular Season,2007
2007-10-28,Sun,New Orleans Saints,San Francisco 49ers,31,10,Regular Season,2007
2007-10-28,Sun,New England Patriots,Washington Redskins,52,7,Regular Season,2007
2007-10-29,Mon,Green Bay Packers,Denver Broncos,19,13,Regular Season,2007
2007-11-04,Sun,Tampa Bay Buccaneers,Arizona Cardinals,17,10,Regular Season,2007
2007-11-04,Sun,Green Bay Packers,Kansas City Chiefs,33,22,Regular Season,2007
2007-11-04,Sun,Atlanta Falcons,San Francisco 49ers,20,16,Regular Season,2007
2007-11-04,Sun,Buffalo Bills,Cincinnati Bengals,33,21,Regular Season,2007
2007-11-04,Sun,Tennessee Titans,Carolina Panthers,20,7,Regular Season,2007
2007-11-04,Sun,Detroit Lions,Denver Broncos,44,7,Regular Season,2007
2007-11-04,Sun,New Orleans Saints,Jacksonville Jaguars,41,24,Regular Season,2007
2007-11-04,Sun,Washington Redskins,New York Jets,23,20,Regular Season,2007
2007-11-04,Sun,Minnesota Vikings,San Diego Chargers,35,17,Regular Season,2007
2007-11-04,Sun,Cleveland Browns,Seattle Seahawks,33,30,Regular Season,2007
2007-11-04,Sun,Houston Texans,Oakland Raiders,24,17,Regular Season,2007
2007-11-04,Sun,New England Patriots,Indianapolis Colts,24,20,Regular Season,2007
2007-11-04,Sun,Dallas Cowboys,Philadelphia Eagles,38,17,Regular Season,2007
2007-11-05,Mon,Pittsburgh Steelers,Baltimore Ravens,38,7,Regular Season,2007
2007-11-11,Sun,Denver Broncos,Kansas City Chiefs,27,11,Regular Season,2007
2007-11-11,Sun,Buffalo Bills,Miami Dolphins,13,10,Regular Season,2007
2007-11-11,Sun,Pittsburgh Steelers,Cleveland Browns,31,28,Regular Season,2007
2007-11-11,Sun,Green Bay Packers,Minnesota Vikings,34,0,Regular Season,2007
2007-11-11,Sun,St. Louis Rams,New Orleans Saints,37,29,Regular Season,2007
2007-11-11,Sun,Atlanta Falcons,Carolina Panthers,20,13,Regular Season,2007
2007-11-11,Sun,Jacksonville Jaguars,Tennessee Titans,28,13,Regular Season,2007
2007-11-11,Sun,Philadelphia Eagles,Washington Redskins,33,25,Regular Season,2007
2007-11-11,Sun,Cincinnati Bengals,Baltimore Ravens,21,7,Regular Season,2007
2007-11-11,Sun,Chicago Bears,Oakland Raiders,17,6,Regular Season,2007
2007-11-11,Sun,Arizona Cardinals,Detroit Lions,31,21,Regular Season,2007
2007-11-11,Sun,Dallas Cowboys,New York Giants,31,20,Regular Season,2007
2007-11-11,Sun,San Diego Chargers,Indianapolis Colts,23,21,Regular Season,2007
2007-11-12,Mon,Seattle Seahawks,San Francisco 49ers,24,0,Regular Season,2007
2007-11-18,Sun,Green Bay Packers,Carolina Panthers,31,17,Regular Season,2007
2007-11-18,Sun,Arizona Cardinals,Cincinnati Bengals,35,27,Regular Season,2007
2007-11-18,Sun,Cleveland Browns,Baltimore Ravens,33,30,Regular Season,2007
2007-11-18,Sun,Indianapolis Colts,Kansas City Chiefs,13,10,Regular Season,2007
2007-11-18,Sun,Houston Texans,New Orleans Saints,23,10,Regular Season,2007
2007-11-18,Sun,Philadelphia Eagles,Miami Dolphins,17,7,Regular Season,2007
2007-11-18,Sun,New York Giants,Detroit Lions,16,10,Regular Season,2007
2007-11-18,Sun,Jacksonville Jaguars,San Diego Chargers,24,17,Regular Season,2007
2007-11-18,Sun,Tampa Bay Buccaneers,Atlanta Falcons,31,7,Regular Season,2007
2007-11-18,Sun,Minnesota Vikings,Oakland Raiders,29,22,Regular Season,2007
2007-11-18,Sun,New York Jets,Pittsburgh Steelers,19,16,Regular Season,2007
2007-11-18,Sun,Dallas Cowboys,Washington Redskins,28,23,Regular Season,2007
2007-11-18,Sun,St. Louis Rams,San Francisco 49ers,13,9,Regular Season,2007
2007-11-18,Sun,Seattle Seahawks,Chicago Bears,30,23,Regular Season,2007
2007-11-18,Sun,New England Patriots,Buffalo Bills,56,10,Regular Season,2007
2007-11-19,Mon,Denver Broncos,Tennessee Titans,34,20,Regular Season,2007
2007-11-22,Thu,Green Bay Packers,Detroit Lions,37,26,Regular Season,2007
2007-11-22,Thu,Dallas Cowboys,New York Jets,34,3,Regular Season,2007
2007-11-22,Thu,Indianapolis Colts,Atlanta Falcons,31,13,Regular Season,2007
2007-11-25,Sun,Oakland Raiders,Kansas City Chiefs,20,17,Regular Season,2007
2007-11-25,Sun,Seattle Seahawks,St. Louis Rams,24,19,Regular Season,2007
2007-11-25,Sun,Cincinnati Bengals,Tennessee Titans,35,6,Regular Season,2007
2007-11-25,Sun,Tampa Bay Buccaneers,Washington Redskins,19,13,Regular Season,2007
2007-11-25,Sun,Jacksonville Jaguars,Buffalo Bills,36,14,Regular Season,2007
2007-11-25,Sun,New Orleans Saints,Carolina Panthers,31,6,Regular Season,2007
2007-11-25,Sun,Cleveland Browns,Houston Texans,27,17,Regular Season,2007
2007-11-25,Sun,Minnesota Vikings,New York Giants,41,17,Regular Season,2007
2007-11-25,Sun,San Francisco 49ers,Arizona Cardinals,37,31,Regular Season,2007
2007-11-25,Sun,San Diego Chargers,Baltimore Ravens,32,14,Regular Season,2007
2007-11-25,Sun,Chicago Bears,Denver Broncos,37,34,Regular Season,2007
2007-11-25,Sun,New England Patriots,Philadelphia Eagles,31,28,Regular Season,2007
2007-11-26,Mon,Pittsburgh Steelers,Miami Dolphins,3,0,Regular Season,2007
2007-11-29,Thu,Dallas Cowboys,Green Bay Packers,37,27,Regular Season,2007
2007-12-02,Sun,St. Louis Rams,Atlanta Falcons,28,16,Regular Season,2007
2007-12-02,Sun,San Diego Chargers,Kansas City Chiefs,24,10,Regular Season,2007
2007-12-02,Sun,Buffalo Bills,Washington Redskins,17,16,Regular Season,2007
2007-12-02,Sun,Indianapolis Colts,Jacksonville Jaguars,28,25,Regular Season,2007
2007-12-02,Sun,Tennessee Titans,Houston Texans,28,20,Regular Season,2007
2007-12-02,Sun,Seattle Seahawks,Philadelphia Eagles,28,24,Regular Season,2007
2007-12-02,Sun,Carolina Panthers,San Francisco 49ers,31,14,Regular Season,2007
2007-12-02,Sun,New York Jets,Miami Dolphins,40,13,Regular Season,2007
2007-12-02,Sun,Minnesota Vikings,Detroit Lions,42,10,Regular Season,2007
2007-12-02,Sun,Oakland Raiders,Denver Broncos,34,20,Regular Season,2007
2007-12-02,Sun,Arizona Cardinals,Cleveland Browns,27,21,Regular Season,2007
2007-12-02,Sun,New York Giants,Chicago Bears,21,16,Regular Season,2007
2007-12-02,Sun,Tampa Bay Buccaneers,New Orleans Saints,27,23,Regular Season,2007
2007-12-02,Sun,Pittsburgh Steelers,Cincinnati Bengals,24,10,Regular Season,2007
2007-12-03,Mon,New England Patriots,Baltimore Ravens,27,24,Regular Season,2007
2007-12-06,Thu,Washington Redskins,Chicago Bears,24,16,Regular Season,2007
2007-12-09,Sun,Houston Texans,Tampa Bay Buccaneers,28,14,Regular Season,2007
2007-12-09,Sun,Buffalo Bills,Miami Dolphins,38,17,Regular Season,2007
2007-12-09,Sun,Cincinnati Bengals,St. Louis Rams,19,10,Regular Season,2007
2007-12-09,Sun,Green Bay Packers,Oakland Raiders,38,7,Regular Season,2007
2007-12-09,Sun,New York Giants,Philadelphia Eagles,16,13,Regular Season,2007
2007-12-09,Sun,San Diego Chargers,Tennessee Titans,23,17,Regular Season,2007
2007-12-09,Sun,Jacksonville Jaguars,Carolina Panthers,37,6,Regular Season,2007
2007-12-09,Sun,Dallas Cowboys,Detroit Lions,28,27,Regular Season,2007
2007-12-09,Sun,Minnesota Vikings,San Francisco 49ers,27,7,Regular Season,2007
2007-12-09,Sun,Seattle Seahawks,Arizona Cardinals,42,21,Regular Season,2007
2007-12-09,Sun,Cleveland Browns,New York Jets,24,18,Regular Season,2007
2007-12-09,Sun,Denver Broncos,Kansas City Chiefs,41,7,Regular Season,2007
2007-12-09,Sun,New England Patriots,Pittsburgh Steelers,34,13,Regular Season,2007
2007-12-09,Sun,Indianapolis Colts,Baltimore Ravens,44,20,Regular Season,2007
2007-12-10,Mon,New Orleans Saints,Atlanta Falcons,34,14,Regular Season,2007
2007-12-13,Thu,Houston Texans,Denver Broncos,31,13,Regular Season,2007
2007-12-15,Sat,San Francisco 49ers,Cincinnati Bengals,20,13,Regular Season,2007
2007-12-16,Sun,Green Bay Packers,St. Louis Rams,33,14,Regular Season,2007
2007-12-16,Sun,Tennessee Titans,Kansas City Chiefs,26,17,Regular Season,2007
2007-12-16,Sun,Carolina Panthers,Seattle Seahawks,13,10,Regular Season,2007
2007-12-16,Sun,New England Patriots,New York Jets,20,10,Regular Season,2007
2007-12-16,Sun,Tampa Bay Buccaneers,Atlanta Falcons,37,3,Regular Season,2007
2007-12-16,Sun,Cleveland Browns,Buffalo Bills,8,0,Regular Season,2007
2007-12-16,Sun,New Orleans Saints,Arizona Cardinals,31,24,Regular Season,2007
2007-12-16,Sun,Jacksonville Jaguars,Pittsburgh Steelers,29,22,Regular Season,2007
2007-12-16,Sun,Miami Dolphins,Baltimore Ravens,22,16,Regular Season,2007
2007-12-16,Sun,Indianapolis Colts,Oakland Raiders,21,14,Regular Season,2007
2007-12-16,Sun,Philadelphia Eagles,Dallas Cowboys,10,6,Regular Season,2007
2007-12-16,Sun,San Diego Chargers,Detroit Lions,51,14,Regular Season,2007
2007-12-16,Sun,Washington Redskins,New York Giants,22,10,Regular Season,2007
2007-12-17,Mon,Minnesota Vikings,Chicago Bears,20,13,Regular Season,2007
2007-12-20,Thu,Pittsburgh Steelers,St. Louis Rams,41,24,Regular Season,2007
2007-12-22,Sat,Dallas Cowboys,Carolina Panthers,20,13,Regular Season,2007
2007-12-23,Sun,New York Giants,Buffalo Bills,38,21,Regular Season,2007
2007-12-23,Sun,Cincinnati Bengals,Cleveland Browns,19,14,Regular Season,2007
2007-12-23,Sun,Indianapolis Colts,Houston Texans,38,15,Regular Season,2007
2007-12-23,Sun,Detroit Lions,Kansas City Chiefs,25,20,Regular Season,2007
2007-12-23,Sun,Jacksonville Jaguars,Oakland Raiders,49,11,Regular Season,2007
2007-12-23,Sun,Philadelphia Eagles,New Orleans Saints,38,23,Regular Season,2007
2007-12-23,Sun,Chicago Bears,Green Bay Packers,35,7,Regular Season,2007
2007-12-23,Sun,Arizona Cardinals,Atlanta Falcons,30,27,Regular Season,2007
2007-12-23,Sun,San Francisco 49ers,Tampa Bay Buccaneers,21,19,Regular Season,2007
2007-12-23,Sun,New England Patriots,Miami Dolphins,28,7,Regular Season,2007
2007-12-23,Sun,Tennessee Titans,New York Jets,10,6,Regular Season,2007
2007-12-23,Sun,Seattle Seahawks,Baltimore Ravens,27,6,Regular Season,2007
2007-12-23,Sun,Washington Redskins,Minnesota Vikings,32,21,Regular Season,2007
2007-12-24,Mon,San Diego Chargers,Denver Broncos,23,3,Regular Season,2007
2007-12-29,Sat,New England Patriots,New York Giants,38,35,Regular Season,2007
2007-12-30,Sun,Chicago Bears,New Orleans Saints,33,25,Regular Season,2007
2007-12-30,Sun,Philadelphia Eagles,Buffalo Bills,17,9,Regular Season,2007
2007-12-30,Sun,Carolina Panthers,Tampa Bay Buccaneers,31,23,Regular Season,2007
2007-12-30,Sun,Green Bay Packers,Detroit Lions,34,13,Regular Season,2007
2007-12-30,Sun,Houston Texans,Jacksonville Jaguars,42,28,Regular Season,2007
2007-12-30,Sun,Cincinnati Bengals,Miami Dolphins,38,25,Regular Season,2007
2007-12-30,Sun,Cleveland Browns,San Francisco 49ers,20,7,Regular Season,2007
2007-12-30,Sun,Atlanta Falcons,Seattle Seahawks,44,41,Regular Season,2007
2007-12-30,Sun,Arizona Cardinals,St. Louis Rams,48,19,Regular Season,2007
2007-12-30,Sun,Washington Redskins,Dallas Cowboys,27,6,Regular Season,2007
2007-12-30,Sun,New York Jets,Kansas City Chiefs,13,10,Regular Season,2007
2007-12-30,Sun,San Diego Chargers,Oakland Raiders,30,17,Regular Season,2007
2007-12-30,Sun,Denver Broncos,Minnesota Vikings,22,19,Regular Season,2007
2007-12-30,Sun,Baltimore Ravens,Pittsburgh Steelers,27,21,Regular Season,2007
2007-12-30,Sun,Tennessee Titans,Indianapolis Colts,16,10,Regular Season,2007
Playoffs,,,,,,Playoff,2007
2008-01-05,Sat,Seattle Seahawks,Washington Redskins,35,14,Playoff,2007
2008-01-05,Sat,Jacksonville Jaguars,Pittsburgh Steelers,31,29,Playoff,2007
2008-01-06,Sun,New York Giants,Tampa Bay Buccaneers,24,14,Playoff,2007
2008-01-06,Sun,San Diego Chargers,Tennessee Titans,17,6,Playoff,2007
2008-01-12,Sat,Green Bay Packers,Seattle Seahawks,42,20,Playoff,2007
2008-01-12,Sat,New England Patriots,Jacksonville Jaguars,31,20,Playoff,2007
2008-01-13,Sun,San Diego Chargers,Indianapolis Colts,28,24,Playoff,2007
2008-01-13,Sun,New York Giants,Dallas Cowboys,21,17,Playoff,2007
2008-01-20,Sun,New England Patriots,San Diego Chargers,21,12,Playoff,2007
2008-01-20,Sun,New York Giants,Green Bay Packers,23,20,Playoff,2007
2008-02-03,Sun,New York Giants,New England Patriots,17,14,Playoff,2007
