Date,DOW,WT,LT,WTS,LTS,Type,Season
2008-09-04,Thu,New York Giants,Washington Redskins,16,7,Regular Season,2008
2008-09-07,Sun,Buffalo Bills,Seattle Seahawks,34,10,Regular Season,2008
2008-09-07,Sun,Pittsburgh Steelers,Houston Texans,38,17,Regular Season,2008
2008-09-07,Sun,New England Patriots,Kansas City Chiefs,17,10,Regular Season,2008
2008-09-07,Sun,New York Jets,Miami Dolphins,20,14,Regular Season,2008
2008-09-07,Sun,New Orleans Saints,Tampa Bay Buccaneers,24,20,Regular Season,2008
2008-09-07,Sun,Philadelphia Eagles,St. Louis Rams,38,3,Regular Season,2008
2008-09-07,Sun,Atlanta Falcons,Detroit Lions,34,21,Regular Season,2008
2008-09-07,Sun,Tennessee Titans,Jacksonville Jaguars,17,10,Regular Season,2008
2008-09-07,Sun,Baltimore Ravens,Cincinnati Bengals,17,10,Regular Season,2008
2008-09-07,Sun,Carolina Panthers,San Diego Chargers,26,24,Regular Season,2008
2008-09-07,Sun,Dallas Cowboys,Cleveland Browns,28,10,Regular Season,2008
2008-09-07,Sun,Arizona Cardinals,San Francisco 49ers,23,13,Regular Season,2008
2008-09-07,Sun,Chicago Bears,Indianapolis Colts,29,13,Regular Season,2008
2008-09-08,Mon,Green Bay Packers,Minnesota Vikings,24,19,Regular Season,2008
2008-09-08,Mon,Denver Broncos,Oakland Raiders,41,14,Regular Season,2008
2008-09-14,Sun,Oakland Raiders,Kansas City Chiefs,23,8,Regular Season,2008
2008-09-14,Sun,New York Giants,St. Louis Rams,41,13,Regular Season,2008
2008-09-14,Sun,Tennessee Titans,Cincinnati Bengals,24,7,Regular Season,2008
2008-09-14,Sun,Buffalo Bills,Jacksonville Jaguars,20,16,Regular Season,2008
2008-09-14,Sun,Carolina Panthers,Chicago Bears,20,17,Regular Season,2008
2008-09-14,Sun,Green Bay Packers,Detroit Lions,48,25,Regular Season,2008
2008-09-14,Sun,Washington Redskins,New Orleans Saints,29,24,Regular Season,2008
2008-09-14,Sun,Indianapolis Colts,Minnesota Vikings,18,15,Regular Season,2008
2008-09-14,Sun,Tampa Bay Buccaneers,Atlanta Falcons,24,9,Regular Season,2008
2008-09-14,Sun,San Francisco 49ers,Seattle Seahawks,33,30,Regular Season,2008
2008-09-14,Sun,Arizona Cardinals,Miami Dolphins,31,10,Regular Season,2008
2008-09-14,Sun,Denver Broncos,San Diego Chargers,39,38,Regular Season,2008
2008-09-14,Sun,New England Patriots,New York Jets,19,10,Regular Season,2008
2008-09-14,Sun,Pittsburgh Steelers,Cleveland Browns,10,6,Regular Season,2008
2008-09-15,Mon,Dallas Cowboys,Philadelphia Eagles,41,37,Regular Season,2008
2008-09-21,Sun,Tennessee Titans,Houston Texans,31,12,Regular Season,2008
2008-09-21,Sun,Atlanta Falcons,Kansas City Chiefs,38,14,Regular Season,2008
2008-09-21,Sun,Buffalo Bills,Oakland Raiders,24,23,Regular Season,2008
2008-09-21,Sun,Tampa Bay Buccaneers,Chicago Bears,27,24,Regular Season,2008
2008-09-21,Sun,New York Giants,Cincinnati Bengals,26,23,Regular Season,2008
2008-09-21,Sun,Washington Redskins,Arizona Cardinals,24,17,Regular Season,2008
2008-09-21,Sun,Miami Dolphins,New England Patriots,38,13,Regular Season,2008
2008-09-21,Sun,Minnesota Vikings,Carolina Panthers,20,10,Regular Season,2008
2008-09-21,Sun,Denver Broncos,New Orleans Saints,34,32,Regular Season,2008
2008-09-21,Sun,San Francisco 49ers,Detroit Lions,31,13,Regular Season,2008
2008-09-21,Sun,Seattle Seahawks,St. Louis Rams,37,13,Regular Season,2008
2008-09-21,Sun,Philadelphia Eagles,Pittsburgh Steelers,15,6,Regular Season,2008
2008-09-21,Sun,Jacksonville Jaguars,Indianapolis Colts,23,21,Regular Season,2008
2008-09-21,Sun,Baltimore Ravens,Cleveland Browns,28,10,Regular Season,2008
2008-09-21,Sun,Dallas Cowboys,Green Bay Packers,27,16,Regular Season,2008
2008-09-22,Mon,San Diego Chargers,New York Jets,48,29,Regular Season,2008
2008-09-28,Sun,Kansas City Chiefs,Denver Broncos,33,19,Regular Season,2008
2008-09-28,Sun,Jacksonville Jaguars,Houston Texans,30,27,Regular Season,2008
2008-09-28,Sun,Cleveland Browns,Cincinnati Bengals,20,12,Regular Season,2008
2008-09-28,Sun,New York Jets,Arizona Cardinals,56,35,Regular Season,2008
2008-09-28,Sun,Tampa Bay Buccaneers,Green Bay Packers,30,21,Regular Season,2008
2008-09-28,Sun,Tennessee Titans,Minnesota Vikings,30,17,Regular Season,2008
2008-09-28,Sun,New Orleans Saints,San Francisco 49ers,31,17,Regular Season,2008
2008-09-28,Sun,Carolina Panthers,Atlanta Falcons,24,9,Regular Season,2008
2008-09-28,Sun,Buffalo Bills,St. Louis Rams,31,14,Regular Season,2008
2008-09-28,Sun,San Diego Chargers,Oakland Raiders,28,18,Regular Season,2008
2008-09-28,Sun,Washington Redskins,Dallas Cowboys,26,24,Regular Season,2008
2008-09-28,Sun,Chicago Bears,Philadelphia Eagles,24,20,Regular Season,2008
2008-09-29,Mon,Pittsburgh Steelers,Baltimore Ravens,23,20,Regular Season,2008
2008-10-05,Sun,Indianapolis Colts,Houston Texans,31,27,Regular Season,2008
2008-10-05,Sun,Atlanta Falcons,Green Bay Packers,27,24,Regular Season,2008
2008-10-05,Sun,Chicago Bears,Detroit Lions,34,7,Regular Season,2008
2008-10-05,Sun,Tennessee Titans,Baltimore Ravens,13,10,Regular Season,2008
2008-10-05,Sun,Miami Dolphins,San Diego Chargers,17,10,Regular Season,2008
2008-10-05,Sun,New York Giants,Seattle Seahawks,44,6,Regular Season,2008
2008-10-05,Sun,Carolina Panthers,Kansas City Chiefs,34,0,Regular Season,2008
2008-10-05,Sun,Washington Redskins,Philadelphia Eagles,23,17,Regular Season,2008
2008-10-05,Sun,Denver Broncos,Tampa Bay Buccaneers,16,13,Regular Season,2008
2008-10-05,Sun,New England Patriots,San Francisco 49ers,30,21,Regular Season,2008
2008-10-05,Sun,Dallas Cowboys,Cincinnati Bengals,31,22,Regular Season,2008
2008-10-05,Sun,Arizona Cardinals,Buffalo Bills,41,17,Regular Season,2008
2008-10-05,Sun,Pittsburgh Steelers,Jacksonville Jaguars,26,21,Regular Season,2008
2008-10-06,Mon,Minnesota Vikings,New Orleans Saints,30,27,Regular Season,2008
2008-10-12,Sun,Indianapolis Colts,Baltimore Ravens,31,3,Regular Season,2008
2008-10-12,Sun,Houston Texans,Miami Dolphins,29,28,Regular Season,2008
2008-10-12,Sun,Atlanta Falcons,Chicago Bears,22,20,Regular Season,2008
2008-10-12,Sun,Tampa Bay Buccaneers,Carolina Panthers,27,3,Regular Season,2008
2008-10-12,Sun,New York Jets,Cincinnati Bengals,26,14,Regular Season,2008
2008-10-12,Sun,New Orleans Saints,Oakland Raiders,34,3,Regular Season,2008
2008-10-12,Sun,St. Louis Rams,Washington Redskins,19,17,Regular Season,2008
2008-10-12,Sun,Minnesota Vikings,Detroit Lions,12,10,Regular Season,2008
2008-10-12,Sun,Jacksonville Jaguars,Denver Broncos,24,17,Regular Season,2008
2008-10-12,Sun,Arizona Cardinals,Dallas Cowboys,30,24,Regular Season,2008
2008-10-12,Sun,Philadelphia Eagles,San Francisco 49ers,40,26,Regular Season,2008
2008-10-12,Sun,Green Bay Packers,Seattle Seahawks,27,17,Regular Season,2008
2008-10-12,Sun,San Diego Chargers,New England Patriots,30,10,Regular Season,2008
2008-10-13,Mon,Cleveland Browns,New York Giants,35,14,Regular Season,2008
2008-10-19,Sun,Tennessee Titans,Kansas City Chiefs,34,10,Regular Season,2008
2008-10-19,Sun,St. Louis Rams,Dallas Cowboys,34,14,Regular Season,2008
2008-10-19,Sun,Buffalo Bills,San Diego Chargers,23,14,Regular Season,2008
2008-10-19,Sun,Baltimore Ravens,Miami Dolphins,27,13,Regular Season,2008
2008-10-19,Sun,New York Giants,San Francisco 49ers,29,17,Regular Season,2008
2008-10-19,Sun,Chicago Bears,Minnesota Vikings,48,41,Regular Season,2008
2008-10-19,Sun,Carolina Panthers,New Orleans Saints,30,7,Regular Season,2008
2008-10-19,Sun,Pittsburgh Steelers,Cincinnati Bengals,38,10,Regular Season,2008
2008-10-19,Sun,Houston Texans,Detroit Lions,28,21,Regular Season,2008
2008-10-19,Sun,Green Bay Packers,Indianapolis Colts,34,14,Regular Season,2008
2008-10-19,Sun,Oakland Raiders,New York Jets,16,13,Regular Season,2008
2008-10-19,Sun,Washington Redskins,Cleveland Browns,14,11,Regular Season,2008
2008-10-19,Sun,Tampa Bay Buccaneers,Seattle Seahawks,20,10,Regular Season,2008
2008-10-20,Mon,New England Patriots,Denver Broncos,41,7,Regular Season,2008
2008-10-26,Sun,Philadelphia Eagles,Atlanta Falcons,27,14,Regular Season,2008
2008-10-26,Sun,New England Patriots,St. Louis Rams,23,16,Regular Season,2008
2008-10-26,Sun,Baltimore Ravens,Oakland Raiders,29,10,Regular Season,2008
2008-10-26,Sun,Dallas Cowboys,Tampa Bay Buccaneers,13,9,Regular Season,2008
2008-10-26,Sun,Washington Redskins,Detroit Lions,25,17,Regular Season,2008
2008-10-26,Sun,Carolina Panthers,Arizona Cardinals,27,23,Regular Season,2008
2008-10-26,Sun,Miami Dolphins,Buffalo Bills,25,16,Regular Season,2008
2008-10-26,Sun,New York Jets,Kansas City Chiefs,28,24,Regular Season,2008
2008-10-26,Sun,New Orleans Saints,San Diego Chargers,37,32,Regular Season,2008
2008-10-26,Sun,Houston Texans,Cincinnati Bengals,35,6,Regular Season,2008
2008-10-26,Sun,Cleveland Browns,Jacksonville Jaguars,23,17,Regular Season,2008
2008-10-26,Sun,New York Giants,Pittsburgh Steelers,21,14,Regular Season,2008
2008-10-26,Sun,Seattle Seahawks,San Francisco 49ers,34,13,Regular Season,2008
2008-10-27,Mon,Tennessee Titans,Indianapolis Colts,31,21,Regular Season,2008
2008-11-02,Sun,Arizona Cardinals,St. Louis Rams,34,13,Regular Season,2008
2008-11-02,Sun,New York Jets,Buffalo Bills,26,17,Regular Season,2008
2008-11-02,Sun,Chicago Bears,Detroit Lions,27,23,Regular Season,2008
2008-11-02,Sun,Baltimore Ravens,Cleveland Browns,37,27,Regular Season,2008
2008-11-02,Sun,Tennessee Titans,Green Bay Packers,19,16,Regular Season,2008
2008-11-02,Sun,Cincinnati Bengals,Jacksonville Jaguars,21,19,Regular Season,2008
2008-11-02,Sun,Tampa Bay Buccaneers,Kansas City Chiefs,30,27,Regular Season,2008
2008-11-02,Sun,Minnesota Vikings,Houston Texans,28,21,Regular Season,2008
2008-11-02,Sun,Miami Dolphins,Denver Broncos,26,17,Regular Season,2008
2008-11-02,Sun,Atlanta Falcons,Oakland Raiders,24,0,Regular Season,2008
2008-11-02,Sun,New York Giants,Dallas Cowboys,35,14,Regular Season,2008
2008-11-02,Sun,Philadelphia Eagles,Seattle Seahawks,26,7,Regular Season,2008
2008-11-02,Sun,Indianapolis Colts,New England Patriots,18,15,Regular Season,2008
2008-11-03,Mon,Pittsburgh Steelers,Washington Redskins,23,6,Regular Season,2008
2008-11-06,Thu,Denver Broncos,Cleveland Browns,34,30,Regular Season,2008
2008-11-09,Sun,New England Patriots,Buffalo Bills,20,10,Regular Season,2008
2008-11-09,Sun,Tennessee Titans,Chicago Bears,21,14,Regular Season,2008
2008-11-09,Sun,Jacksonville Jaguars,Detroit Lions,38,14,Regular Season,2008
2008-11-09,Sun,Baltimore Ravens,Houston Texans,41,13,Regular Season,2008
2008-11-09,Sun,Atlanta Falcons,New Orleans Saints,34,20,Regular Season,2008
2008-11-09,Sun,Miami Dolphins,Seattle Seahawks,21,19,Regular Season,2008
2008-11-09,Sun,New York Jets,St. Louis Rams,47,3,Regular Season,2008
2008-11-09,Sun,Minnesota Vikings,Green Bay Packers,28,27,Regular Season,2008
2008-11-09,Sun,Carolina Panthers,Oakland Raiders,17,6,Regular Season,2008
2008-11-09,Sun,Indianapolis Colts,Pittsburgh Steelers,24,20,Regular Season,2008
2008-11-09,Sun,San Diego Chargers,Kansas City Chiefs,20,19,Regular Season,2008
2008-11-09,Sun,New York Giants,Philadelphia Eagles,36,31,Regular Season,2008
2008-11-10,Mon,Arizona Cardinals,San Francisco 49ers,29,24,Regular Season,2008
2008-11-13,Thu,New York Jets,New England Patriots,34,31,Regular Season,2008
2008-11-16,Sun,New Orleans Saints,Kansas City Chiefs,30,20,Regular Season,2008
2008-11-16,Sun,Denver Broncos,Atlanta Falcons,24,20,Regular Season,2008
2008-11-16,Sun,Green Bay Packers,Chicago Bears,37,3,Regular Season,2008
2008-11-16,Sun,Indianapolis Colts,Houston Texans,33,27,Regular Season,2008
2008-11-16,Sun,Miami Dolphins,Oakland Raiders,17,15,Regular Season,2008
2008-11-16,Sun,Tampa Bay Buccaneers,Minnesota Vikings,19,13,Regular Season,2008
2008-11-16,Sun,New York Giants,Baltimore Ravens,30,10,Regular Season,2008
2008-11-16,Sun,Carolina Panthers,Detroit Lions,31,22,Regular Season,2008
2008-11-16,Sun,Philadelphia Eagles,Cincinnati Bengals,13,13,Regular Season,2008
2008-11-16,Sun,San Francisco 49ers,St. Louis Rams,35,16,Regular Season,2008
2008-11-16,Sun,Arizona Cardinals,Seattle Seahawks,26,20,Regular Season,2008
2008-11-16,Sun,Tennessee Titans,Jacksonville Jaguars,24,14,Regular Season,2008
2008-11-16,Sun,Pittsburgh Steelers,San Diego Chargers,11,10,Regular Season,2008
2008-11-16,Sun,Dallas Cowboys,Washington Redskins,14,10,Regular Season,2008
2008-11-17,Mon,Cleveland Browns,Buffalo Bills,29,27,Regular Season,2008
2008-11-20,Thu,Pittsburgh Steelers,Cincinnati Bengals,27,10,Regular Season,2008
2008-11-23,Sun,Buffalo Bills,Kansas City Chiefs,54,31,Regular Season,2008
2008-11-23,Sun,Chicago Bears,St. Louis Rams,27,3,Regular Season,2008
2008-11-23,Sun,New England Patriots,Miami Dolphins,48,28,Regular Season,2008
2008-11-23,Sun,New York Jets,Tennessee Titans,34,13,Regular Season,2008
2008-11-23,Sun,Baltimore Ravens,Philadelphia Eagles,36,7,Regular Season,2008
2008-11-23,Sun,Houston Texans,Cleveland Browns,16,6,Regular Season,2008
2008-11-23,Sun,Dallas Cowboys,San Francisco 49ers,35,22,Regular Season,2008
2008-11-23,Sun,Tampa Bay Buccaneers,Detroit Lions,38,20,Regular Season,2008
2008-11-23,Sun,Minnesota Vikings,Jacksonville Jaguars,30,12,Regular Season,2008
2008-11-23,Sun,Oakland Raiders,Denver Broncos,31,10,Regular Season,2008
2008-11-23,Sun,Atlanta Falcons,Carolina Panthers,45,28,Regular Season,2008
2008-11-23,Sun,New York Giants,Arizona Cardinals,37,29,Regular Season,2008
2008-11-23,Sun,Washington Redskins,Seattle Seahawks,20,17,Regular Season,2008
2008-11-23,Sun,Indianapolis Colts,San Diego Chargers,23,20,Regular Season,2008
2008-11-24,Mon,New Orleans Saints,Green Bay Packers,51,29,Regular Season,2008
2008-11-27,Thu,Tennessee Titans,Detroit Lions,47,10,Regular Season,2008
2008-11-27,Thu,Dallas Cowboys,Seattle Seahawks,34,9,Regular Season,2008
2008-11-27,Thu,Philadelphia Eagles,Arizona Cardinals,48,20,Regular Season,2008
2008-11-30,Sun,Miami Dolphins,St. Louis Rams,16,12,Regular Season,2008
2008-11-30,Sun,San Francisco 49ers,Buffalo Bills,10,3,Regular Season,2008
2008-11-30,Sun,Carolina Panthers,Green Bay Packers,35,31,Regular Season,2008
2008-11-30,Sun,Baltimore Ravens,Cincinnati Bengals,34,3,Regular Season,2008
2008-11-30,Sun,Indianapolis Colts,Cleveland Browns,10,6,Regular Season,2008
2008-11-30,Sun,Tampa Bay Buccaneers,New Orleans Saints,23,20,Regular Season,2008
2008-11-30,Sun,New York Giants,Washington Redskins,23,7,Regular Season,2008
2008-11-30,Sun,Atlanta Falcons,San Diego Chargers,22,16,Regular Season,2008
2008-11-30,Sun,Denver Broncos,New York Jets,34,17,Regular Season,2008
2008-11-30,Sun,Kansas City Chiefs,Oakland Raiders,20,13,Regular Season,2008
2008-11-30,Sun,Pittsburgh Steelers,New England Patriots,33,10,Regular Season,2008
2008-11-30,Sun,Minnesota Vikings,Chicago Bears,34,14,Regular Season,2008
2008-12-01,Mon,Houston Texans,Jacksonville Jaguars,30,17,Regular Season,2008
2008-12-04,Thu,San Diego Chargers,Oakland Raiders,34,7,Regular Season,2008
2008-12-07,Sun,New Orleans Saints,Atlanta Falcons,29,25,Regular Season,2008
2008-12-07,Sun,Chicago Bears,Jacksonville Jaguars,23,10,Regular Season,2008
2008-12-07,Sun,Indianapolis Colts,Cincinnati Bengals,35,3,Regular Season,2008
2008-12-07,Sun,Houston Texans,Green Bay Packers,24,21,Regular Season,2008
2008-12-07,Sun,Minnesota Vikings,Detroit Lions,20,16,Regular Season,2008
2008-12-07,Sun,Tennessee Titans,Cleveland Browns,28,9,Regular Season,2008
2008-12-07,Sun,Philadelphia Eagles,New York Giants,20,14,Regular Season,2008
2008-12-07,Sun,Miami Dolphins,Buffalo Bills,16,3,Regular Season,2008
2008-12-07,Sun,Denver Broncos,Kansas City Chiefs,24,17,Regular Season,2008
2008-12-07,Sun,San Francisco 49ers,New York Jets,24,14,Regular Season,2008
2008-12-07,Sun,New England Patriots,Seattle Seahawks,24,21,Regular Season,2008
2008-12-07,Sun,Arizona Cardinals,St. Louis Rams,34,10,Regular Season,2008
2008-12-07,Sun,Pittsburgh Steelers,Dallas Cowboys,20,13,Regular Season,2008
2008-12-07,Sun,Baltimore Ravens,Washington Redskins,24,10,Regular Season,2008
2008-12-08,Mon,Carolina Panthers,Tampa Bay Buccaneers,38,23,Regular Season,2008
2008-12-11,Thu,Chicago Bears,New Orleans Saints,27,24,Regular Season,2008
2008-12-14,Sun,San Diego Chargers,Kansas City Chiefs,22,21,Regular Season,2008
2008-12-14,Sun,Seattle Seahawks,St. Louis Rams,23,20,Regular Season,2008
2008-12-14,Sun,New York Jets,Buffalo Bills,31,27,Regular Season,2008
2008-12-14,Sun,Indianapolis Colts,Detroit Lions,31,21,Regular Season,2008
2008-12-14,Sun,Atlanta Falcons,Tampa Bay Buccaneers,13,10,Regular Season,2008
2008-12-14,Sun,Cincinnati Bengals,Washington Redskins,20,13,Regular Season,2008
2008-12-14,Sun,Miami Dolphins,San Francisco 49ers,14,9,Regular Season,2008
2008-12-14,Sun,Jacksonville Jaguars,Green Bay Packers,20,16,Regular Season,2008
2008-12-14,Sun,Houston Texans,Tennessee Titans,13,12,Regular Season,2008
2008-12-14,Sun,Minnesota Vikings,Arizona Cardinals,35,14,Regular Season,2008
2008-12-14,Sun,Carolina Panthers,Denver Broncos,30,10,Regular Season,2008
2008-12-14,Sun,New England Patriots,Oakland Raiders,49,26,Regular Season,2008
2008-12-14,Sun,Pittsburgh Steelers,Baltimore Ravens,13,9,Regular Season,2008
2008-12-14,Sun,Dallas Cowboys,New York Giants,20,8,Regular Season,2008
2008-12-15,Mon,Philadelphia Eagles,Cleveland Browns,30,10,Regular Season,2008
2008-12-18,Thu,Indianapolis Colts,Jacksonville Jaguars,31,24,Regular Season,2008
2008-12-20,Sat,Baltimore Ravens,Dallas Cowboys,33,24,Regular Season,2008
2008-12-21,Sun,Miami Dolphins,Kansas City Chiefs,38,31,Regular Season,2008
2008-12-21,Sun,San Francisco 49ers,St. Louis Rams,17,16,Regular Season,2008
2008-12-21,Sun,New England Patriots,Arizona Cardinals,47,7,Regular Season,2008
2008-12-21,Sun,Tennessee Titans,Pittsburgh Steelers,31,14,Regular Season,2008
2008-12-21,Sun,San Diego Chargers,Tampa Bay Buccaneers,41,24,Regular Season,2008
2008-12-21,Sun,Cincinnati Bengals,Cleveland Browns,14,0,Regular Season,2008
2008-12-21,Sun,New Orleans Saints,Detroit Lions,42,7,Regular Season,2008
2008-12-21,Sun,Oakland Raiders,Houston Texans,27,16,Regular Season,2008
2008-12-21,Sun,Buffalo Bills,Denver Broncos,30,23,Regular Season,2008
2008-12-21,Sun,Seattle Seahawks,New York Jets,13,3,Regular Season,2008
2008-12-21,Sun,Atlanta Falcons,Minnesota Vikings,24,17,Regular Season,2008
2008-12-21,Sun,Washington Redskins,Philadelphia Eagles,10,3,Regular Season,2008
2008-12-21,Sun,New York Giants,Carolina Panthers,34,28,Regular Season,2008
2008-12-22,Mon,Chicago Bears,Green Bay Packers,20,17,Regular Season,2008
2008-12-28,Sun,Atlanta Falcons,St. Louis Rams,31,27,Regular Season,2008
2008-12-28,Sun,New England Patriots,Buffalo Bills,13,0,Regular Season,2008
2008-12-28,Sun,Cincinnati Bengals,Kansas City Chiefs,16,6,Regular Season,2008
2008-12-28,Sun,Pittsburgh Steelers,Cleveland Browns,31,0,Regular Season,2008
2008-12-28,Sun,Indianapolis Colts,Tennessee Titans,23,0,Regular Season,2008
2008-12-28,Sun,Green Bay Packers,Detroit Lions,31,21,Regular Season,2008
2008-12-28,Sun,Oakland Raiders,Tampa Bay Buccaneers,31,24,Regular Season,2008
2008-12-28,Sun,Carolina Panthers,New Orleans Saints,33,31,Regular Season,2008
2008-12-28,Sun,Houston Texans,Chicago Bears,31,24,Regular Season,2008
2008-12-28,Sun,Minnesota Vikings,New York Giants,20,19,Regular Season,2008
2008-12-28,Sun,Arizona Cardinals,Seattle Seahawks,34,21,Regular Season,2008
2008-12-28,Sun,Philadelphia Eagles,Dallas Cowboys,44,6,Regular Season,2008
2008-12-28,Sun,San Francisco 49ers,Washington Redskins,27,24,Regular Season,2008
2008-12-28,Sun,Baltimore Ravens,Jacksonville Jaguars,27,7,Regular Season,2008
2008-12-28,Sun,Miami Dolphins,New York Jets,24,17,Regular Season,2008
2008-12-28,Sun,San Diego Chargers,Denver Broncos,52,21,Regular Season,2008
Playoffs,,,,,,Playoff,2008
2009-01-03,Sat,Arizona Cardinals,Atlanta Falcons,30,24,Playoff,2008
2009-01-03,Sat,San Diego Chargers,Indianapolis Colts,23,17,Playoff,2008
2009-01-04,Sun,Baltimore Ravens,Miami Dolphins,27,9,Playoff,2008
2009-01-04,Sun,Philadelphia Eagles,Minnesota Vikings,26,14,Playoff,2008
2009-01-10,Sat,Baltimore Ravens,Tennessee Titans,13,10,Playoff,2008
2009-01-10,Sat,Arizona Cardinals,Carolina Panthers,33,13,Playoff,2008
2009-01-11,Sun,Philadelphia Eagles,New York Giants,23,11,Playoff,2008
2009-01-11,Sun,Pittsburgh Steelers,San Diego Chargers,35,24,Playoff,2008
2009-01-18,Sun,Arizona Cardinals,Philadelphia Eagles,32,25,Playoff,2008
2009-01-18,Sun,Pittsburgh Steelers,Baltimore Ravens,23,14,Playoff,2008
2009-02-01,Sun,Pittsburgh Steelers,Arizona Cardinals,27,23,Playoff,2008
