Date,DOW,WT,LT,WTS,LTS,Type,Season
2009-09-10,Thu,Pittsburgh Steelers,Tennessee Titans,13,10,Regular Season,2009
2009-09-13,Sun,Denver Broncos,Cincinnati Bengals,12,7,Regular Season,2009
2009-09-13,Sun,Indianapolis Colts,Jacksonville Jaguars,14,12,Regular Season,2009
2009-09-13,Sun,Baltimore Ravens,Kansas City Chiefs,38,24,Regular Season,2009
2009-09-13,Sun,Minnesota Vikings,Cleveland Browns,34,20,Regular Season,2009
2009-09-13,Sun,Dallas Cowboys,Tampa Bay Buccaneers,34,21,Regular Season,2009
2009-09-13,Sun,New Orleans Saints,Detroit Lions,45,27,Regular Season,2009
2009-09-13,Sun,New York Jets,Houston Texans,24,7,Regular Season,2009
2009-09-13,Sun,Philadelphia Eagles,Carolina Panthers,38,10,Regular Season,2009
2009-09-13,Sun,Atlanta Falcons,Miami Dolphins,19,7,Regular Season,2009
2009-09-13,Sun,San Francisco 49ers,Arizona Cardinals,20,16,Regular Season,2009
2009-09-13,Sun,New York Giants,Washington Redskins,23,17,Regular Season,2009
2009-09-13,Sun,Seattle Seahawks,St. Louis Rams,28,0,Regular Season,2009
2009-09-13,Sun,Green Bay Packers,Chicago Bears,21,15,Regular Season,2009
2009-09-14,Mon,New England Patriots,Buffalo Bills,25,24,Regular Season,2009
2009-09-14,Mon,San Diego Chargers,Oakland Raiders,24,20,Regular Season,2009
2009-09-20,Sun,Oakland Raiders,Kansas City Chiefs,13,10,Regular Season,2009
2009-09-20,Sun,Atlanta Falcons,Carolina Panthers,28,20,Regular Season,2009
2009-09-20,Sun,Cincinnati Bengals,Green Bay Packers,31,24,Regular Season,2009
2009-09-20,Sun,New York Jets,New England Patriots,16,9,Regular Season,2009
2009-09-20,Sun,Washington Redskins,St. Louis Rams,9,7,Regular Season,2009
2009-09-20,Sun,Arizona Cardinals,Jacksonville Jaguars,31,17,Regular Season,2009
2009-09-20,Sun,Minnesota Vikings,Detroit Lions,27,13,Regular Season,2009
2009-09-20,Sun,Houston Texans,Tennessee Titans,34,31,Regular Season,2009
2009-09-20,Sun,New Orleans Saints,Philadelphia Eagles,48,22,Regular Season,2009
2009-09-20,Sun,Buffalo Bills,Tampa Bay Buccaneers,33,20,Regular Season,2009
2009-09-20,Sun,San Francisco 49ers,Seattle Seahawks,23,10,Regular Season,2009
2009-09-20,Sun,Chicago Bears,Pittsburgh Steelers,17,14,Regular Season,2009
2009-09-20,Sun,Denver Broncos,Cleveland Browns,27,6,Regular Season,2009
2009-09-20,Sun,Baltimore Ravens,San Diego Chargers,31,26,Regular Season,2009
2009-09-20,Sun,New York Giants,Dallas Cowboys,33,31,Regular Season,2009
2009-09-21,Mon,Indianapolis Colts,Miami Dolphins,27,23,Regular Season,2009
2009-09-27,Sun,Green Bay Packers,St. Louis Rams,36,17,Regular Season,2009
2009-09-27,Sun,New York Giants,Tampa Bay Buccaneers,24,0,Regular Season,2009
2009-09-27,Sun,New England Patriots,Atlanta Falcons,26,10,Regular Season,2009
2009-09-27,Sun,Baltimore Ravens,Cleveland Browns,34,3,Regular Season,2009
2009-09-27,Sun,Detroit Lions,Washington Redskins,19,14,Regular Season,2009
2009-09-27,Sun,Philadelphia Eagles,Kansas City Chiefs,34,14,Regular Season,2009
2009-09-27,Sun,Jacksonville Jaguars,Houston Texans,31,24,Regular Season,2009
2009-09-27,Sun,Minnesota Vikings,San Francisco 49ers,27,24,Regular Season,2009
2009-09-27,Sun,New York Jets,Tennessee Titans,24,17,Regular Season,2009
2009-09-27,Sun,New Orleans Saints,Buffalo Bills,27,7,Regular Season,2009
2009-09-27,Sun,Chicago Bears,Seattle Seahawks,25,19,Regular Season,2009
2009-09-27,Sun,Cincinnati Bengals,Pittsburgh Steelers,23,20,Regular Season,2009
2009-09-27,Sun,Denver Broncos,Oakland Raiders,23,3,Regular Season,2009
2009-09-27,Sun,San Diego Chargers,Miami Dolphins,23,13,Regular Season,2009
2009-09-27,Sun,Indianapolis Colts,Arizona Cardinals,31,10,Regular Season,2009
2009-09-28,Mon,Dallas Cowboys,Carolina Panthers,21,7,Regular Season,2009
2009-10-04,Sun,New York Giants,Kansas City Chiefs,27,16,Regular Season,2009
2009-10-04,Sun,Washington Redskins,Tampa Bay Buccaneers,16,13,Regular Season,2009
2009-10-04,Sun,Chicago Bears,Detroit Lions,48,24,Regular Season,2009
2009-10-04,Sun,Houston Texans,Oakland Raiders,29,6,Regular Season,2009
2009-10-04,Sun,New England Patriots,Baltimore Ravens,27,21,Regular Season,2009
2009-10-04,Sun,Cincinnati Bengals,Cleveland Browns,23,20,Regular Season,2009
2009-10-04,Sun,Indianapolis Colts,Seattle Seahawks,34,17,Regular Season,2009
2009-10-04,Sun,Jacksonville Jaguars,Tennessee Titans,37,17,Regular Season,2009
2009-10-04,Sun,Miami Dolphins,Buffalo Bills,38,10,Regular Season,2009
2009-10-04,Sun,New Orleans Saints,New York Jets,24,10,Regular Season,2009
2009-10-04,Sun,Denver Broncos,Dallas Cowboys,17,10,Regular Season,2009
2009-10-04,Sun,San Francisco 49ers,St. Louis Rams,35,0,Regular Season,2009
2009-10-04,Sun,Pittsburgh Steelers,San Diego Chargers,38,28,Regular Season,2009
2009-10-05,Mon,Minnesota Vikings,Green Bay Packers,30,23,Regular Season,2009
2009-10-11,Sun,Dallas Cowboys,Kansas City Chiefs,26,20,Regular Season,2009
2009-10-11,Sun,Minnesota Vikings,St. Louis Rams,38,10,Regular Season,2009
2009-10-11,Sun,Cleveland Browns,Buffalo Bills,6,3,Regular Season,2009
2009-10-11,Sun,Philadelphia Eagles,Tampa Bay Buccaneers,33,14,Regular Season,2009
2009-10-11,Sun,Cincinnati Bengals,Baltimore Ravens,17,14,Regular Season,2009
2009-10-11,Sun,Pittsburgh Steelers,Detroit Lions,28,20,Regular Season,2009
2009-10-11,Sun,New York Giants,Oakland Raiders,44,7,Regular Season,2009
2009-10-11,Sun,Carolina Panthers,Washington Redskins,20,17,Regular Season,2009
2009-10-11,Sun,Atlanta Falcons,San Francisco 49ers,45,10,Regular Season,2009
2009-10-11,Sun,Arizona Cardinals,Houston Texans,28,21,Regular Season,2009
2009-10-11,Sun,Denver Broncos,New England Patriots,20,17,Regular Season,2009
2009-10-11,Sun,Seattle Seahawks,Jacksonville Jaguars,41,0,Regular Season,2009
2009-10-11,Sun,Indianapolis Colts,Tennessee Titans,31,9,Regular Season,2009
2009-10-12,Mon,Miami Dolphins,New York Jets,31,27,Regular Season,2009
2009-10-18,Sun,Carolina Panthers,Tampa Bay Buccaneers,28,21,Regular Season,2009
2009-10-18,Sun,Pittsburgh Steelers,Cleveland Browns,27,14,Regular Season,2009
2009-10-18,Sun,Houston Texans,Cincinnati Bengals,28,17,Regular Season,2009
2009-10-18,Sun,Green Bay Packers,Detroit Lions,26,0,Regular Season,2009
2009-10-18,Sun,New Orleans Saints,New York Giants,48,27,Regular Season,2009
2009-10-18,Sun,Jacksonville Jaguars,St. Louis Rams,23,20,Regular Season,2009
2009-10-18,Sun,Kansas City Chiefs,Washington Redskins,14,6,Regular Season,2009
2009-10-18,Sun,Minnesota Vikings,Baltimore Ravens,33,31,Regular Season,2009
2009-10-18,Sun,Arizona Cardinals,Seattle Seahawks,27,3,Regular Season,2009
2009-10-18,Sun,Oakland Raiders,Philadelphia Eagles,13,9,Regular Season,2009
2009-10-18,Sun,Buffalo Bills,New York Jets,16,13,Regular Season,2009
2009-10-18,Sun,New England Patriots,Tennessee Titans,59,0,Regular Season,2009
2009-10-18,Sun,Atlanta Falcons,Chicago Bears,21,14,Regular Season,2009
2009-10-19,Mon,Denver Broncos,San Diego Chargers,34,23,Regular Season,2009
2009-10-25,Sun,Indianapolis Colts,St. Louis Rams,42,6,Regular Season,2009
2009-10-25,Sun,San Diego Chargers,Kansas City Chiefs,37,7,Regular Season,2009
2009-10-25,Sun,Green Bay Packers,Cleveland Browns,31,3,Regular Season,2009
2009-10-25,Sun,Pittsburgh Steelers,Minnesota Vikings,27,17,Regular Season,2009
2009-10-25,Sun,Houston Texans,San Francisco 49ers,24,21,Regular Season,2009
2009-10-25,Sun,New England Patriots,Tampa Bay Buccaneers,35,7,Regular Season,2009
2009-10-25,Sun,Buffalo Bills,Carolina Panthers,20,9,Regular Season,2009
2009-10-25,Sun,New York Jets,Oakland Raiders,38,0,Regular Season,2009
2009-10-25,Sun,Dallas Cowboys,Atlanta Falcons,37,21,Regular Season,2009
2009-10-25,Sun,New Orleans Saints,Miami Dolphins,46,34,Regular Season,2009
2009-10-25,Sun,Cincinnati Bengals,Chicago Bears,45,10,Regular Season,2009
2009-10-25,Sun,Arizona Cardinals,New York Giants,24,17,Regular Season,2009
2009-10-26,Mon,Philadelphia Eagles,Washington Redskins,27,17,Regular Season,2009
2009-11-01,Sun,Chicago Bears,Cleveland Browns,30,6,Regular Season,2009
2009-11-01,Sun,Baltimore Ravens,Denver Broncos,30,7,Regular Season,2009
2009-11-01,Sun,Miami Dolphins,New York Jets,30,25,Regular Season,2009
2009-11-01,Sun,Houston Texans,Buffalo Bills,31,10,Regular Season,2009
2009-11-01,Sun,Indianapolis Colts,San Francisco 49ers,18,14,Regular Season,2009
2009-11-01,Sun,Dallas Cowboys,Seattle Seahawks,38,17,Regular Season,2009
2009-11-01,Sun,St. Louis Rams,Detroit Lions,17,10,Regular Season,2009
2009-11-01,Sun,Philadelphia Eagles,New York Giants,40,17,Regular Season,2009
2009-11-01,Sun,Tennessee Titans,Jacksonville Jaguars,30,13,Regular Season,2009
2009-11-01,Sun,San Diego Chargers,Oakland Raiders,24,16,Regular Season,2009
2009-11-01,Sun,Carolina Panthers,Arizona Cardinals,34,21,Regular Season,2009
2009-11-01,Sun,Minnesota Vikings,Green Bay Packers,38,26,Regular Season,2009
2009-11-02,Mon,New Orleans Saints,Atlanta Falcons,35,27,Regular Season,2009
2009-11-08,Sun,Cincinnati Bengals,Baltimore Ravens,17,7,Regular Season,2009
2009-11-08,Sun,Indianapolis Colts,Houston Texans,20,17,Regular Season,2009
2009-11-08,Sun,New England Patriots,Miami Dolphins,27,17,Regular Season,2009
2009-11-08,Sun,Atlanta Falcons,Washington Redskins,31,17,Regular Season,2009
2009-11-08,Sun,Arizona Cardinals,Chicago Bears,41,21,Regular Season,2009
2009-11-08,Sun,Tampa Bay Buccaneers,Green Bay Packers,38,28,Regular Season,2009
2009-11-08,Sun,Jacksonville Jaguars,Kansas City Chiefs,24,21,Regular Season,2009
2009-11-08,Sun,New Orleans Saints,Carolina Panthers,30,20,Regular Season,2009
2009-11-08,Sun,Seattle Seahawks,Detroit Lions,32,20,Regular Season,2009
2009-11-08,Sun,Tennessee Titans,San Francisco 49ers,34,27,Regular Season,2009
2009-11-08,Sun,San Diego Chargers,New York Giants,21,20,Regular Season,2009
2009-11-08,Sun,Dallas Cowboys,Philadelphia Eagles,20,16,Regular Season,2009
2009-11-09,Mon,Pittsburgh Steelers,Denver Broncos,28,10,Regular Season,2009
2009-11-12,Thu,San Francisco 49ers,Chicago Bears,10,6,Regular Season,2009
2009-11-15,Sun,New Orleans Saints,St. Louis Rams,28,23,Regular Season,2009
2009-11-15,Sun,Tennessee Titans,Buffalo Bills,41,17,Regular Season,2009
2009-11-15,Sun,Cincinnati Bengals,Pittsburgh Steelers,18,12,Regular Season,2009
2009-11-15,Sun,Washington Redskins,Denver Broncos,27,17,Regular Season,2009
2009-11-15,Sun,Jacksonville Jaguars,New York Jets,24,22,Regular Season,2009
2009-11-15,Sun,Carolina Panthers,Atlanta Falcons,28,19,Regular Season,2009
2009-11-15,Sun,Miami Dolphins,Tampa Bay Buccaneers,25,23,Regular Season,2009
2009-11-15,Sun,Minnesota Vikings,Detroit Lions,27,10,Regular Season,2009
2009-11-15,Sun,Kansas City Chiefs,Oakland Raiders,16,10,Regular Season,2009
2009-11-15,Sun,Arizona Cardinals,Seattle Seahawks,31,20,Regular Season,2009
2009-11-15,Sun,Green Bay Packers,Dallas Cowboys,17,7,Regular Season,2009
2009-11-15,Sun,San Diego Chargers,Philadelphia Eagles,31,23,Regular Season,2009
2009-11-15,Sun,Indianapolis Colts,New England Patriots,35,34,Regular Season,2009
2009-11-16,Mon,Baltimore Ravens,Cleveland Browns,16,0,Regular Season,2009
2009-11-19,Thu,Miami Dolphins,Carolina Panthers,24,17,Regular Season,2009
2009-11-22,Sun,Kansas City Chiefs,Pittsburgh Steelers,27,24,Regular Season,2009
2009-11-22,Sun,New Orleans Saints,Tampa Bay Buccaneers,38,7,Regular Season,2009
2009-11-22,Sun,Detroit Lions,Cleveland Browns,38,37,Regular Season,2009
2009-11-22,Sun,Indianapolis Colts,Baltimore Ravens,17,15,Regular Season,2009
2009-11-22,Sun,Green Bay Packers,San Francisco 49ers,30,24,Regular Season,2009
2009-11-22,Sun,New York Giants,Atlanta Falcons,34,31,Regular Season,2009
2009-11-22,Sun,Jacksonville Jaguars,Buffalo Bills,18,15,Regular Season,2009
2009-11-22,Sun,Dallas Cowboys,Washington Redskins,7,6,Regular Season,2009
2009-11-22,Sun,Minnesota Vikings,Seattle Seahawks,35,9,Regular Season,2009
2009-11-22,Sun,Arizona Cardinals,St. Louis Rams,21,13,Regular Season,2009
2009-11-22,Sun,Oakland Raiders,Cincinnati Bengals,20,17,Regular Season,2009
2009-11-22,Sun,San Diego Chargers,Denver Broncos,32,3,Regular Season,2009
2009-11-22,Sun,New England Patriots,New York Jets,31,14,Regular Season,2009
2009-11-22,Sun,Philadelphia Eagles,Chicago Bears,24,20,Regular Season,2009
2009-11-23,Mon,Tennessee Titans,Houston Texans,20,17,Regular Season,2009
2009-11-26,Thu,Green Bay Packers,Detroit Lions,34,12,Regular Season,2009
2009-11-26,Thu,Dallas Cowboys,Oakland Raiders,24,7,Regular Season,2009
2009-11-26,Thu,Denver Broncos,New York Giants,26,6,Regular Season,2009
2009-11-29,Sun,Seattle Seahawks,St. Louis Rams,27,17,Regular Season,2009
2009-11-29,Sun,Buffalo Bills,Miami Dolphins,31,14,Regular Season,2009
2009-11-29,Sun,New York Jets,Carolina Panthers,17,6,Regular Season,2009
2009-11-29,Sun,Cincinnati Bengals,Cleveland Browns,16,7,Regular Season,2009
2009-11-29,Sun,Indianapolis Colts,Houston Texans,35,27,Regular Season,2009
2009-11-29,Sun,Atlanta Falcons,Tampa Bay Buccaneers,20,17,Regular Season,2009
2009-11-29,Sun,Philadelphia Eagles,Washington Redskins,27,24,Regular Season,2009
2009-11-29,Sun,San Francisco 49ers,Jacksonville Jaguars,20,3,Regular Season,2009
2009-11-29,Sun,San Diego Chargers,Kansas City Chiefs,43,14,Regular Season,2009
2009-11-29,Sun,Minnesota Vikings,Chicago Bears,36,10,Regular Season,2009
2009-11-29,Sun,Tennessee Titans,Arizona Cardinals,20,17,Regular Season,2009
2009-11-29,Sun,Baltimore Ravens,Pittsburgh Steelers,20,17,Regular Season,2009
2009-11-30,Mon,New Orleans Saints,New England Patriots,38,17,Regular Season,2009
2009-12-03,Thu,New York Jets,Buffalo Bills,19,13,Regular Season,2009
2009-12-06,Sun,Denver Broncos,Kansas City Chiefs,44,13,Regular Season,2009
2009-12-06,Sun,Chicago Bears,St. Louis Rams,17,9,Regular Season,2009
2009-12-06,Sun,Cincinnati Bengals,Detroit Lions,23,13,Regular Season,2009
2009-12-06,Sun,Miami Dolphins,New England Patriots,22,21,Regular Season,2009
2009-12-06,Sun,Oakland Raiders,Pittsburgh Steelers,27,24,Regular Season,2009
2009-12-06,Sun,Philadelphia Eagles,Atlanta Falcons,34,7,Regular Season,2009
2009-12-06,Sun,Carolina Panthers,Tampa Bay Buccaneers,16,6,Regular Season,2009
2009-12-06,Sun,Indianapolis Colts,Tennessee Titans,27,17,Regular Season,2009
2009-12-06,Sun,Jacksonville Jaguars,Houston Texans,23,18,Regular Season,2009
2009-12-06,Sun,New Orleans Saints,Washington Redskins,33,30,Regular Season,2009
2009-12-06,Sun,San Diego Chargers,Cleveland Browns,30,23,Regular Season,2009
2009-12-06,Sun,New York Giants,Dallas Cowboys,31,24,Regular Season,2009
2009-12-06,Sun,Seattle Seahawks,San Francisco 49ers,20,17,Regular Season,2009
2009-12-06,Sun,Arizona Cardinals,Minnesota Vikings,30,17,Regular Season,2009
2009-12-07,Mon,Green Bay Packers,Baltimore Ravens,27,14,Regular Season,2009
2009-12-10,Thu,Cleveland Browns,Pittsburgh Steelers,13,6,Regular Season,2009
2009-12-13,Sun,Buffalo Bills,Kansas City Chiefs,16,10,Regular Season,2009
2009-12-13,Sun,New York Jets,Tampa Bay Buccaneers,26,3,Regular Season,2009
2009-12-13,Sun,New Orleans Saints,Atlanta Falcons,26,23,Regular Season,2009
2009-12-13,Sun,New England Patriots,Carolina Panthers,20,10,Regular Season,2009
2009-12-13,Sun,Green Bay Packers,Chicago Bears,21,14,Regular Season,2009
2009-12-13,Sun,Indianapolis Colts,Denver Broncos,28,16,Regular Season,2009
2009-12-13,Sun,Baltimore Ravens,Detroit Lions,48,3,Regular Season,2009
2009-12-13,Sun,Houston Texans,Seattle Seahawks,34,7,Regular Season,2009
2009-12-13,Sun,Miami Dolphins,Jacksonville Jaguars,14,10,Regular Season,2009
2009-12-13,Sun,Minnesota Vikings,Cincinnati Bengals,30,10,Regular Season,2009
2009-12-13,Sun,Tennessee Titans,St. Louis Rams,47,7,Regular Season,2009
2009-12-13,Sun,Washington Redskins,Oakland Raiders,34,13,Regular Season,2009
2009-12-13,Sun,San Diego Chargers,Dallas Cowboys,20,17,Regular Season,2009
2009-12-13,Sun,Philadelphia Eagles,New York Giants,45,38,Regular Season,2009
2009-12-14,Mon,San Francisco 49ers,Arizona Cardinals,24,9,Regular Season,2009
2009-12-17,Thu,Indianapolis Colts,Jacksonville Jaguars,35,31,Regular Season,2009
2009-12-19,Sat,Dallas Cowboys,New Orleans Saints,24,17,Regular Season,2009
2009-12-20,Sun,Cleveland Browns,Kansas City Chiefs,41,34,Regular Season,2009
2009-12-20,Sun,Houston Texans,St. Louis Rams,16,13,Regular Season,2009
2009-12-20,Sun,New England Patriots,Buffalo Bills,17,10,Regular Season,2009
2009-12-20,Sun,Arizona Cardinals,Detroit Lions,31,24,Regular Season,2009
2009-12-20,Sun,Tennessee Titans,Miami Dolphins,27,24,Regular Season,2009
2009-12-20,Sun,Atlanta Falcons,New York Jets,10,7,Regular Season,2009
2009-12-20,Sun,San Diego Chargers,Cincinnati Bengals,27,24,Regular Season,2009
2009-12-20,Sun,Oakland Raiders,Denver Broncos,20,19,Regular Season,2009
2009-12-20,Sun,Baltimore Ravens,Chicago Bears,31,7,Regular Season,2009
2009-12-20,Sun,Pittsburgh Steelers,Green Bay Packers,37,36,Regular Season,2009
2009-12-20,Sun,Philadelphia Eagles,San Francisco 49ers,27,13,Regular Season,2009
2009-12-20,Sun,Tampa Bay Buccaneers,Seattle Seahawks,24,7,Regular Season,2009
2009-12-20,Sun,Carolina Panthers,Minnesota Vikings,26,7,Regular Season,2009
2009-12-21,Mon,New York Giants,Washington Redskins,45,12,Regular Season,2009
2009-12-25,Fri,San Diego Chargers,Tennessee Titans,42,17,Regular Season,2009
2009-12-27,Sun,Cleveland Browns,Oakland Raiders,23,9,Regular Season,2009
2009-12-27,Sun,Atlanta Falcons,Buffalo Bills,31,3,Regular Season,2009
2009-12-27,Sun,Green Bay Packers,Seattle Seahawks,48,10,Regular Season,2009
2009-12-27,Sun,Houston Texans,Miami Dolphins,27,20,Regular Season,2009
2009-12-27,Sun,New England Patriots,Jacksonville Jaguars,35,7,Regular Season,2009
2009-12-27,Sun,Pittsburgh Steelers,Baltimore Ravens,23,20,Regular Season,2009
2009-12-27,Sun,Carolina Panthers,New York Giants,41,9,Regular Season,2009
2009-12-27,Sun,Cincinnati Bengals,Kansas City Chiefs,17,10,Regular Season,2009
2009-12-27,Sun,Tampa Bay Buccaneers,New Orleans Saints,20,17,Regular Season,2009
2009-12-27,Sun,San Francisco 49ers,Detroit Lions,20,6,Regular Season,2009
2009-12-27,Sun,Arizona Cardinals,St. Louis Rams,31,10,Regular Season,2009
2009-12-27,Sun,New York Jets,Indianapolis Colts,29,15,Regular Season,2009
2009-12-27,Sun,Philadelphia Eagles,Denver Broncos,30,27,Regular Season,2009
2009-12-27,Sun,Dallas Cowboys,Washington Redskins,17,0,Regular Season,2009
2009-12-28,Mon,Chicago Bears,Minnesota Vikings,36,30,Regular Season,2009
2010-01-03,Sun,San Francisco 49ers,St. Louis Rams,28,6,Regular Season,2009
2010-01-03,Sun,Buffalo Bills,Indianapolis Colts,30,7,Regular Season,2009
2010-01-03,Sun,Cleveland Browns,Jacksonville Jaguars,23,17,Regular Season,2009
2010-01-03,Sun,Houston Texans,New England Patriots,34,27,Regular Season,2009
2010-01-03,Sun,Pittsburgh Steelers,Miami Dolphins,30,24,Regular Season,2009
2010-01-03,Sun,Atlanta Falcons,Tampa Bay Buccaneers,20,10,Regular Season,2009
2010-01-03,Sun,Chicago Bears,Detroit Lions,37,23,Regular Season,2009
2010-01-03,Sun,Carolina Panthers,New Orleans Saints,23,10,Regular Season,2009
2010-01-03,Sun,Minnesota Vikings,New York Giants,44,7,Regular Season,2009
2010-01-03,Sun,Green Bay Packers,Arizona Cardinals,33,7,Regular Season,2009
2010-01-03,Sun,Dallas Cowboys,Philadelphia Eagles,24,0,Regular Season,2009
2010-01-03,Sun,Kansas City Chiefs,Denver Broncos,44,24,Regular Season,2009
2010-01-03,Sun,Baltimore Ravens,Oakland Raiders,21,13,Regular Season,2009
2010-01-03,Sun,San Diego Chargers,Washington Redskins,23,20,Regular Season,2009
2010-01-03,Sun,Tennessee Titans,Seattle Seahawks,17,13,Regular Season,2009
2010-01-03,Sun,New York Jets,Cincinnati Bengals,37,0,Regular Season,2009
Playoffs,,,,,,Playoff,2009
2010-01-09,Sat,New York Jets,Cincinnati Bengals,24,14,Playoff,2009
2010-01-09,Sat,Dallas Cowboys,Philadelphia Eagles,34,14,Playoff,2009
2010-01-10,Sun,Baltimore Ravens,New England Patriots,33,14,Playoff,2009
2010-01-10,Sun,Arizona Cardinals,Green Bay Packers,51,45,Playoff,2009
2010-01-16,Sat,New Orleans Saints,Arizona Cardinals,45,14,Playoff,2009
2010-01-16,Sat,Indianapolis Colts,Baltimore Ravens,20,3,Playoff,2009
2010-01-17,Sun,Minnesota Vikings,Dallas Cowboys,34,3,Playoff,2009
2010-01-17,Sun,New York Jets,San Diego Chargers,17,14,Playoff,2009
2010-01-24,Sun,Indianapolis Colts,New York Jets,30,17,Playoff,2009
2010-01-24,Sun,New Orleans Saints,Minnesota Vikings,31,28,Playoff,2009
2010-02-07,Sun,New Orleans Saints,Indianapolis Colts,31,17,Playoff,2009
