Date,DOW,WT,LT,WTS,LTS,Type,Season
2010-09-09,Thu,New Orleans Saints,Minnesota Vikings,14,9,Regular Season,2010
2010-09-12,Sun,Pittsburgh Steelers,Atlanta Falcons,15,9,Regular Season,2010
2010-09-12,Sun,Miami Dolphins,Buffalo Bills,15,10,Regular Season,2010
2010-09-12,Sun,Chicago Bears,Detroit Lions,19,14,Regular Season,2010
2010-09-12,Sun,New England Patriots,Cincinnati Bengals,38,24,Regular Season,2010
2010-09-12,Sun,Tampa Bay Buccaneers,Cleveland Browns,17,14,Regular Season,2010
2010-09-12,Sun,Houston Texans,Indianapolis Colts,34,24,Regular Season,2010
2010-09-12,Sun,Tennessee Titans,Oakland Raiders,38,13,Regular Season,2010
2010-09-12,Sun,Jacksonville Jaguars,Denver Broncos,24,17,Regular Season,2010
2010-09-12,Sun,New York Giants,Carolina Panthers,31,18,Regular Season,2010
2010-09-12,Sun,Arizona Cardinals,St. Louis Rams,17,13,Regular Season,2010
2010-09-12,Sun,Green Bay Packers,Philadelphia Eagles,27,20,Regular Season,2010
2010-09-12,Sun,Seattle Seahawks,San Francisco 49ers,31,6,Regular Season,2010
2010-09-12,Sun,Washington Redskins,Dallas Cowboys,13,7,Regular Season,2010
2010-09-13,Mon,Baltimore Ravens,New York Jets,10,9,Regular Season,2010
2010-09-13,Mon,Kansas City Chiefs,San Diego Chargers,21,14,Regular Season,2010
2010-09-19,Sun,Green Bay Packers,Buffalo Bills,34,7,Regular Season,2010
2010-09-19,Sun,Cincinnati Bengals,Baltimore Ravens,15,10,Regular Season,2010
2010-09-19,Sun,Kansas City Chiefs,Cleveland Browns,16,14,Regular Season,2010
2010-09-19,Sun,Philadelphia Eagles,Detroit Lions,35,32,Regular Season,2010
2010-09-19,Sun,Pittsburgh Steelers,Tennessee Titans,19,11,Regular Season,2010
2010-09-19,Sun,Atlanta Falcons,Arizona Cardinals,41,7,Regular Season,2010
2010-09-19,Sun,Tampa Bay Buccaneers,Carolina Panthers,20,7,Regular Season,2010
2010-09-19,Sun,Chicago Bears,Dallas Cowboys,27,20,Regular Season,2010
2010-09-19,Sun,Miami Dolphins,Minnesota Vikings,14,10,Regular Season,2010
2010-09-19,Sun,Oakland Raiders,St. Louis Rams,16,14,Regular Season,2010
2010-09-19,Sun,Denver Broncos,Seattle Seahawks,31,14,Regular Season,2010
2010-09-19,Sun,Houston Texans,Washington Redskins,30,27,Regular Season,2010
2010-09-19,Sun,San Diego Chargers,Jacksonville Jaguars,38,13,Regular Season,2010
2010-09-19,Sun,New York Jets,New England Patriots,28,14,Regular Season,2010
2010-09-19,Sun,Indianapolis Colts,New York Giants,38,14,Regular Season,2010
2010-09-20,Mon,New Orleans Saints,San Francisco 49ers,25,22,Regular Season,2010
2010-09-26,Sun,New England Patriots,Buffalo Bills,38,30,Regular Season,2010
2010-09-26,Sun,Cincinnati Bengals,Carolina Panthers,20,7,Regular Season,2010
2010-09-26,Sun,Baltimore Ravens,Cleveland Browns,24,17,Regular Season,2010
2010-09-26,Sun,Dallas Cowboys,Houston Texans,27,13,Regular Season,2010
2010-09-26,Sun,Tennessee Titans,New York Giants,29,10,Regular Season,2010
2010-09-26,Sun,Atlanta Falcons,New Orleans Saints,27,24,Regular Season,2010
2010-09-26,Sun,Pittsburgh Steelers,Tampa Bay Buccaneers,38,13,Regular Season,2010
2010-09-26,Sun,Kansas City Chiefs,San Francisco 49ers,31,10,Regular Season,2010
2010-09-26,Sun,Minnesota Vikings,Detroit Lions,24,10,Regular Season,2010
2010-09-26,Sun,Philadelphia Eagles,Jacksonville Jaguars,28,3,Regular Season,2010
2010-09-26,Sun,St. Louis Rams,Washington Redskins,30,16,Regular Season,2010
2010-09-26,Sun,Arizona Cardinals,Oakland Raiders,24,23,Regular Season,2010
2010-09-26,Sun,Indianapolis Colts,Denver Broncos,27,13,Regular Season,2010
2010-09-26,Sun,Seattle Seahawks,San Diego Chargers,27,20,Regular Season,2010
2010-09-26,Sun,New York Jets,Miami Dolphins,31,23,Regular Season,2010
2010-09-27,Mon,Chicago Bears,Green Bay Packers,20,17,Regular Season,2010
2010-10-03,Sun,St. Louis Rams,Seattle Seahawks,20,3,Regular Season,2010
2010-10-03,Sun,New York Jets,Buffalo Bills,38,14,Regular Season,2010
2010-10-03,Sun,Cleveland Browns,Cincinnati Bengals,23,20,Regular Season,2010
2010-10-03,Sun,Denver Broncos,Tennessee Titans,26,20,Regular Season,2010
2010-10-03,Sun,Green Bay Packers,Detroit Lions,28,26,Regular Season,2010
2010-10-03,Sun,Baltimore Ravens,Pittsburgh Steelers,17,14,Regular Season,2010
2010-10-03,Sun,Atlanta Falcons,San Francisco 49ers,16,14,Regular Season,2010
2010-10-03,Sun,New Orleans Saints,Carolina Panthers,16,14,Regular Season,2010
2010-10-03,Sun,Jacksonville Jaguars,Indianapolis Colts,31,28,Regular Season,2010
2010-10-03,Sun,Houston Texans,Oakland Raiders,31,24,Regular Season,2010
2010-10-03,Sun,San Diego Chargers,Arizona Cardinals,41,10,Regular Season,2010
2010-10-03,Sun,Washington Redskins,Philadelphia Eagles,17,12,Regular Season,2010
2010-10-03,Sun,New York Giants,Chicago Bears,17,3,Regular Season,2010
2010-10-04,Mon,New England Patriots,Miami Dolphins,41,14,Regular Season,2010
2010-10-10,Sun,Detroit Lions,St. Louis Rams,44,6,Regular Season,2010
2010-10-10,Sun,Jacksonville Jaguars,Buffalo Bills,36,26,Regular Season,2010
2010-10-10,Sun,Baltimore Ravens,Denver Broncos,31,17,Regular Season,2010
2010-10-10,Sun,Washington Redskins,Green Bay Packers,16,13,Regular Season,2010
2010-10-10,Sun,Atlanta Falcons,Cleveland Browns,20,10,Regular Season,2010
2010-10-10,Sun,Chicago Bears,Carolina Panthers,23,6,Regular Season,2010
2010-10-10,Sun,Tampa Bay Buccaneers,Cincinnati Bengals,24,21,Regular Season,2010
2010-10-10,Sun,Indianapolis Colts,Kansas City Chiefs,19,9,Regular Season,2010
2010-10-10,Sun,New York Giants,Houston Texans,34,10,Regular Season,2010
2010-10-10,Sun,Arizona Cardinals,New Orleans Saints,30,20,Regular Season,2010
2010-10-10,Sun,Oakland Raiders,San Diego Chargers,35,27,Regular Season,2010
2010-10-10,Sun,Tennessee Titans,Dallas Cowboys,34,27,Regular Season,2010
2010-10-10,Sun,Philadelphia Eagles,San Francisco 49ers,27,24,Regular Season,2010
2010-10-11,Mon,New York Jets,Minnesota Vikings,29,20,Regular Season,2010
2010-10-17,Sun,St. Louis Rams,San Diego Chargers,20,17,Regular Season,2010
2010-10-17,Sun,New England Patriots,Baltimore Ravens,23,20,Regular Season,2010
2010-10-17,Sun,Philadelphia Eagles,Atlanta Falcons,31,17,Regular Season,2010
2010-10-17,Sun,Seattle Seahawks,Chicago Bears,23,20,Regular Season,2010
2010-10-17,Sun,Pittsburgh Steelers,Cleveland Browns,28,10,Regular Season,2010
2010-10-17,Sun,Miami Dolphins,Green Bay Packers,23,20,Regular Season,2010
2010-10-17,Sun,New Orleans Saints,Tampa Bay Buccaneers,31,6,Regular Season,2010
2010-10-17,Sun,New York Giants,Detroit Lions,28,20,Regular Season,2010
2010-10-17,Sun,Houston Texans,Kansas City Chiefs,35,31,Regular Season,2010
2010-10-17,Sun,New York Jets,Denver Broncos,24,20,Regular Season,2010
2010-10-17,Sun,San Francisco 49ers,Oakland Raiders,17,9,Regular Season,2010
2010-10-17,Sun,Minnesota Vikings,Dallas Cowboys,24,21,Regular Season,2010
2010-10-17,Sun,Indianapolis Colts,Washington Redskins,27,24,Regular Season,2010
2010-10-18,Mon,Tennessee Titans,Jacksonville Jaguars,30,3,Regular Season,2010
2010-10-24,Sun,Baltimore Ravens,Buffalo Bills,37,34,Regular Season,2010
2010-10-24,Sun,Pittsburgh Steelers,Miami Dolphins,23,22,Regular Season,2010
2010-10-24,Sun,Cleveland Browns,New Orleans Saints,30,17,Regular Season,2010
2010-10-24,Sun,Tennessee Titans,Philadelphia Eagles,37,19,Regular Season,2010
2010-10-24,Sun,Tampa Bay Buccaneers,St. Louis Rams,18,17,Regular Season,2010
2010-10-24,Sun,Carolina Panthers,San Francisco 49ers,23,20,Regular Season,2010
2010-10-24,Sun,Kansas City Chiefs,Jacksonville Jaguars,42,20,Regular Season,2010
2010-10-24,Sun,Washington Redskins,Chicago Bears,17,14,Regular Season,2010
2010-10-24,Sun,Atlanta Falcons,Cincinnati Bengals,39,32,Regular Season,2010
2010-10-24,Sun,Seattle Seahawks,Arizona Cardinals,22,10,Regular Season,2010
2010-10-24,Sun,New England Patriots,San Diego Chargers,23,20,Regular Season,2010
2010-10-24,Sun,Oakland Raiders,Denver Broncos,59,14,Regular Season,2010
2010-10-24,Sun,Green Bay Packers,Minnesota Vikings,28,24,Regular Season,2010
2010-10-25,Mon,New York Giants,Dallas Cowboys,41,35,Regular Season,2010
2010-10-31,Sun,St. Louis Rams,Carolina Panthers,20,10,Regular Season,2010
2010-10-31,Sun,Detroit Lions,Washington Redskins,37,25,Regular Season,2010
2010-10-31,Sun,Green Bay Packers,New York Jets,9,0,Regular Season,2010
2010-10-31,Sun,Jacksonville Jaguars,Dallas Cowboys,35,17,Regular Season,2010
2010-10-31,Sun,Miami Dolphins,Cincinnati Bengals,22,14,Regular Season,2010
2010-10-31,Sun,San Francisco 49ers,Denver Broncos,24,16,Regular Season,2010
2010-10-31,Sun,Kansas City Chiefs,Buffalo Bills,13,10,Regular Season,2010
2010-10-31,Sun,San Diego Chargers,Tennessee Titans,33,25,Regular Season,2010
2010-10-31,Sun,Tampa Bay Buccaneers,Arizona Cardinals,38,35,Regular Season,2010
2010-10-31,Sun,New England Patriots,Minnesota Vikings,28,18,Regular Season,2010
2010-10-31,Sun,Oakland Raiders,Seattle Seahawks,33,3,Regular Season,2010
2010-10-31,Sun,New Orleans Saints,Pittsburgh Steelers,20,10,Regular Season,2010
2010-11-01,Mon,Indianapolis Colts,Houston Texans,30,17,Regular Season,2010
2010-11-07,Sun,Atlanta Falcons,Tampa Bay Buccaneers,27,21,Regular Season,2010
2010-11-07,Sun,Chicago Bears,Buffalo Bills,22,19,Regular Season,2010
2010-11-07,Sun,Cleveland Browns,New England Patriots,34,14,Regular Season,2010
2010-11-07,Sun,San Diego Chargers,Houston Texans,29,23,Regular Season,2010
2010-11-07,Sun,Baltimore Ravens,Miami Dolphins,26,10,Regular Season,2010
2010-11-07,Sun,New York Jets,Detroit Lions,23,20,Regular Season,2010
2010-11-07,Sun,New Orleans Saints,Carolina Panthers,34,3,Regular Season,2010
2010-11-07,Sun,Minnesota Vikings,Arizona Cardinals,27,24,Regular Season,2010
2010-11-07,Sun,New York Giants,Seattle Seahawks,41,7,Regular Season,2010
2010-11-07,Sun,Oakland Raiders,Kansas City Chiefs,23,20,Regular Season,2010
2010-11-07,Sun,Philadelphia Eagles,Indianapolis Colts,26,24,Regular Season,2010
2010-11-07,Sun,Green Bay Packers,Dallas Cowboys,45,7,Regular Season,2010
2010-11-08,Mon,Pittsburgh Steelers,Cincinnati Bengals,27,21,Regular Season,2010
2010-11-11,Thu,Atlanta Falcons,Baltimore Ravens,26,21,Regular Season,2010
2010-11-14,Sun,Buffalo Bills,Detroit Lions,14,12,Regular Season,2010
2010-11-14,Sun,Tampa Bay Buccaneers,Carolina Panthers,31,16,Regular Season,2010
2010-11-14,Sun,Chicago Bears,Minnesota Vikings,27,13,Regular Season,2010
2010-11-14,Sun,Indianapolis Colts,Cincinnati Bengals,23,17,Regular Season,2010
2010-11-14,Sun,New York Jets,Cleveland Browns,26,20,Regular Season,2010
2010-11-14,Sun,Miami Dolphins,Tennessee Titans,29,17,Regular Season,2010
2010-11-14,Sun,Jacksonville Jaguars,Houston Texans,31,24,Regular Season,2010
2010-11-14,Sun,Denver Broncos,Kansas City Chiefs,49,29,Regular Season,2010
2010-11-14,Sun,Seattle Seahawks,Arizona Cardinals,36,18,Regular Season,2010
2010-11-14,Sun,Dallas Cowboys,New York Giants,33,20,Regular Season,2010
2010-11-14,Sun,San Francisco 49ers,St. Louis Rams,23,20,Regular Season,2010
2010-11-14,Sun,New England Patriots,Pittsburgh Steelers,39,26,Regular Season,2010
2010-11-15,Mon,Philadelphia Eagles,Washington Redskins,59,28,Regular Season,2010
2010-11-18,Thu,Chicago Bears,Miami Dolphins,16,0,Regular Season,2010
2010-11-21,Sun,Buffalo Bills,Cincinnati Bengals,49,31,Regular Season,2010
2010-11-21,Sun,Dallas Cowboys,Detroit Lions,35,19,Regular Season,2010
2010-11-21,Sun,Pittsburgh Steelers,Oakland Raiders,35,3,Regular Season,2010
2010-11-21,Sun,Jacksonville Jaguars,Cleveland Browns,24,20,Regular Season,2010
2010-11-21,Sun,Kansas City Chiefs,Arizona Cardinals,31,13,Regular Season,2010
2010-11-21,Sun,New York Jets,Houston Texans,30,27,Regular Season,2010
2010-11-21,Sun,Washington Redskins,Tennessee Titans,19,16,Regular Season,2010
2010-11-21,Sun,Baltimore Ravens,Carolina Panthers,37,13,Regular Season,2010
2010-11-21,Sun,Green Bay Packers,Minnesota Vikings,31,3,Regular Season,2010
2010-11-21,Sun,Atlanta Falcons,St. Louis Rams,34,17,Regular Season,2010
2010-11-21,Sun,New Orleans Saints,Seattle Seahawks,34,19,Regular Season,2010
2010-11-21,Sun,Tampa Bay Buccaneers,San Francisco 49ers,21,0,Regular Season,2010
2010-11-21,Sun,New England Patriots,Indianapolis Colts,31,28,Regular Season,2010
2010-11-21,Sun,Philadelphia Eagles,New York Giants,27,17,Regular Season,2010
2010-11-22,Mon,San Diego Chargers,Denver Broncos,35,14,Regular Season,2010
2010-11-25,Thu,New England Patriots,Detroit Lions,45,24,Regular Season,2010
2010-11-25,Thu,New Orleans Saints,Dallas Cowboys,30,27,Regular Season,2010
2010-11-25,Thu,New York Jets,Cincinnati Bengals,26,10,Regular Season,2010
2010-11-28,Sun,Atlanta Falcons,Green Bay Packers,20,17,Regular Season,2010
2010-11-28,Sun,Pittsburgh Steelers,Buffalo Bills,19,16,Regular Season,2010
2010-11-28,Sun,Houston Texans,Tennessee Titans,20,0,Regular Season,2010
2010-11-28,Sun,New York Giants,Jacksonville Jaguars,24,20,Regular Season,2010
2010-11-28,Sun,Minnesota Vikings,Washington Redskins,17,13,Regular Season,2010
2010-11-28,Sun,Cleveland Browns,Carolina Panthers,24,23,Regular Season,2010
2010-11-28,Sun,Miami Dolphins,Oakland Raiders,33,17,Regular Season,2010
2010-11-28,Sun,Kansas City Chiefs,Seattle Seahawks,42,24,Regular Season,2010
2010-11-28,Sun,Chicago Bears,Philadelphia Eagles,31,26,Regular Season,2010
2010-11-28,Sun,Baltimore Ravens,Tampa Bay Buccaneers,17,10,Regular Season,2010
2010-11-28,Sun,St. Louis Rams,Denver Broncos,36,33,Regular Season,2010
2010-11-28,Sun,San Diego Chargers,Indianapolis Colts,36,14,Regular Season,2010
2010-11-29,Mon,San Francisco 49ers,Arizona Cardinals,27,6,Regular Season,2010
2010-12-02,Thu,Philadelphia Eagles,Houston Texans,34,24,Regular Season,2010
2010-12-05,Sun,Cleveland Browns,Miami Dolphins,13,10,Regular Season,2010
2010-12-05,Sun,Green Bay Packers,San Francisco 49ers,34,16,Regular Season,2010
2010-12-05,Sun,New York Giants,Washington Redskins,31,7,Regular Season,2010
2010-12-05,Sun,Chicago Bears,Detroit Lions,24,20,Regular Season,2010
2010-12-05,Sun,New Orleans Saints,Cincinnati Bengals,34,30,Regular Season,2010
2010-12-05,Sun,Kansas City Chiefs,Denver Broncos,10,6,Regular Season,2010
2010-12-05,Sun,Jacksonville Jaguars,Tennessee Titans,17,6,Regular Season,2010
2010-12-05,Sun,Minnesota Vikings,Buffalo Bills,38,14,Regular Season,2010
2010-12-05,Sun,Oakland Raiders,San Diego Chargers,28,13,Regular Season,2010
2010-12-05,Sun,Dallas Cowboys,Indianapolis Colts,38,35,Regular Season,2010
2010-12-05,Sun,St. Louis Rams,Arizona Cardinals,19,6,Regular Season,2010
2010-12-05,Sun,Atlanta Falcons,Tampa Bay Buccaneers,28,24,Regular Season,2010
2010-12-05,Sun,Seattle Seahawks,Carolina Panthers,31,14,Regular Season,2010
2010-12-05,Sun,Pittsburgh Steelers,Baltimore Ravens,13,10,Regular Season,2010
2010-12-06,Mon,New England Patriots,New York Jets,45,3,Regular Season,2010
2010-12-09,Thu,Indianapolis Colts,Tennessee Titans,30,28,Regular Season,2010
2010-12-12,Sun,Buffalo Bills,Cleveland Browns,13,6,Regular Season,2010
2010-12-12,Sun,Pittsburgh Steelers,Cincinnati Bengals,23,7,Regular Season,2010
2010-12-12,Sun,Jacksonville Jaguars,Oakland Raiders,38,31,Regular Season,2010
2010-12-12,Sun,Atlanta Falcons,Carolina Panthers,31,10,Regular Season,2010
2010-12-12,Sun,Detroit Lions,Green Bay Packers,7,3,Regular Season,2010
2010-12-12,Sun,Tampa Bay Buccaneers,Washington Redskins,17,16,Regular Season,2010
2010-12-12,Sun,New Orleans Saints,St. Louis Rams,31,13,Regular Season,2010
2010-12-12,Sun,San Francisco 49ers,Seattle Seahawks,40,21,Regular Season,2010
2010-12-12,Sun,Arizona Cardinals,Denver Broncos,43,13,Regular Season,2010
2010-12-12,Sun,San Diego Chargers,Kansas City Chiefs,31,0,Regular Season,2010
2010-12-12,Sun,Miami Dolphins,New York Jets,10,6,Regular Season,2010
2010-12-12,Sun,New England Patriots,Chicago Bears,36,7,Regular Season,2010
2010-12-12,Sun,Philadelphia Eagles,Dallas Cowboys,30,27,Regular Season,2010
2010-12-13,Mon,New York Giants,Minnesota Vikings,21,3,Regular Season,2010
2010-12-13,Mon,Baltimore Ravens,Houston Texans,34,28,Regular Season,2010
2010-12-16,Thu,San Diego Chargers,San Francisco 49ers,34,7,Regular Season,2010
2010-12-19,Sun,Kansas City Chiefs,St. Louis Rams,27,13,Regular Season,2010
2010-12-19,Sun,Buffalo Bills,Miami Dolphins,17,14,Regular Season,2010
2010-12-19,Sun,Cincinnati Bengals,Cleveland Browns,19,17,Regular Season,2010
2010-12-19,Sun,Indianapolis Colts,Jacksonville Jaguars,34,24,Regular Season,2010
2010-12-19,Sun,Tennessee Titans,Houston Texans,31,17,Regular Season,2010
2010-12-19,Sun,Dallas Cowboys,Washington Redskins,33,30,Regular Season,2010
2010-12-19,Sun,Detroit Lions,Tampa Bay Buccaneers,23,20,Regular Season,2010
2010-12-19,Sun,Baltimore Ravens,New Orleans Saints,30,24,Regular Season,2010
2010-12-19,Sun,Philadelphia Eagles,New York Giants,38,31,Regular Season,2010
2010-12-19,Sun,Carolina Panthers,Arizona Cardinals,19,12,Regular Season,2010
2010-12-19,Sun,Atlanta Falcons,Seattle Seahawks,34,18,Regular Season,2010
2010-12-19,Sun,Oakland Raiders,Denver Broncos,39,23,Regular Season,2010
2010-12-19,Sun,New York Jets,Pittsburgh Steelers,22,17,Regular Season,2010
2010-12-19,Sun,New England Patriots,Green Bay Packers,31,27,Regular Season,2010
2010-12-20,Mon,Chicago Bears,Minnesota Vikings,40,14,Regular Season,2010
2010-12-23,Thu,Pittsburgh Steelers,Carolina Panthers,27,3,Regular Season,2010
2010-12-25,Sat,Arizona Cardinals,Dallas Cowboys,27,26,Regular Season,2010
2010-12-26,Sun,St. Louis Rams,San Francisco 49ers,25,17,Regular Season,2010
2010-12-26,Sun,New England Patriots,Buffalo Bills,34,3,Regular Season,2010
2010-12-26,Sun,Chicago Bears,New York Jets,38,34,Regular Season,2010
2010-12-26,Sun,Baltimore Ravens,Cleveland Browns,20,10,Regular Season,2010
2010-12-26,Sun,Detroit Lions,Miami Dolphins,34,27,Regular Season,2010
2010-12-26,Sun,Washington Redskins,Jacksonville Jaguars,20,17,Regular Season,2010
2010-12-26,Sun,Kansas City Chiefs,Tennessee Titans,34,14,Regular Season,2010
2010-12-26,Sun,Cincinnati Bengals,San Diego Chargers,34,20,Regular Season,2010
2010-12-26,Sun,Indianapolis Colts,Oakland Raiders,31,26,Regular Season,2010
2010-12-26,Sun,Denver Broncos,Houston Texans,24,23,Regular Season,2010
2010-12-26,Sun,Green Bay Packers,New York Giants,45,17,Regular Season,2010
2010-12-26,Sun,Tampa Bay Buccaneers,Seattle Seahawks,38,15,Regular Season,2010
2010-12-27,Mon,New Orleans Saints,Atlanta Falcons,17,14,Regular Season,2010
2010-12-28,Tue,Minnesota Vikings,Philadelphia Eagles,24,14,Regular Season,2010
2011-01-02,Sun,Tampa Bay Buccaneers,New Orleans Saints,23,13,Regular Season,2010
2011-01-02,Sun,Baltimore Ravens,Cincinnati Bengals,13,7,Regular Season,2010
2011-01-02,Sun,Pittsburgh Steelers,Cleveland Browns,41,9,Regular Season,2010
2011-01-02,Sun,Oakland Raiders,Kansas City Chiefs,31,10,Regular Season,2010
2011-01-02,Sun,New England Patriots,Miami Dolphins,38,7,Regular Season,2010
2011-01-02,Sun,Atlanta Falcons,Carolina Panthers,31,10,Regular Season,2010
2011-01-02,Sun,New York Jets,Buffalo Bills,38,7,Regular Season,2010
2011-01-02,Sun,Detroit Lions,Minnesota Vikings,20,13,Regular Season,2010
2011-01-02,Sun,Green Bay Packers,Chicago Bears,10,3,Regular Season,2010
2011-01-02,Sun,San Francisco 49ers,Arizona Cardinals,38,7,Regular Season,2010
2011-01-02,Sun,Dallas Cowboys,Philadelphia Eagles,14,13,Regular Season,2010
2011-01-02,Sun,San Diego Chargers,Denver Broncos,33,28,Regular Season,2010
2011-01-02,Sun,Houston Texans,Jacksonville Jaguars,34,17,Regular Season,2010
2011-01-02,Sun,Indianapolis Colts,Tennessee Titans,23,20,Regular Season,2010
2011-01-02,Sun,New York Giants,Washington Redskins,17,14,Regular Season,2010
2011-01-02,Sun,Seattle Seahawks,St. Louis Rams,16,6,Regular Season,2010
Playoffs,,,,,,Playoff,2010
2011-01-08,Sat,Seattle Seahawks,New Orleans Saints,41,36,Playoff,2010
2011-01-08,Sat,New York Jets,Indianapolis Colts,17,16,Playoff,2010
2011-01-09,Sun,Baltimore Ravens,Kansas City Chiefs,30,7,Playoff,2010
2011-01-09,Sun,Green Bay Packers,Philadelphia Eagles,21,16,Playoff,2010
2011-01-15,Sat,Pittsburgh Steelers,Baltimore Ravens,31,24,Playoff,2010
2011-01-15,Sat,Green Bay Packers,Atlanta Falcons,48,21,Playoff,2010
2011-01-16,Sun,Chicago Bears,Seattle Seahawks,35,24,Playoff,2010
2011-01-16,Sun,New York Jets,New England Patriots,28,21,Playoff,2010
2011-01-23,Sun,Green Bay Packers,Chicago Bears,21,14,Playoff,2010
2011-01-23,Sun,Pittsburgh Steelers,New York Jets,24,19,Playoff,2010
2011-02-06,Sun,Green Bay Packers,Pittsburgh Steelers,31,25,Playoff,2010
