Date,DOW,WT,LT,WTS,LTS,Type,Season
2011-09-08,Thu,Green Bay Packers,New Orleans Saints,42,34,Regular Season,2011
2011-09-11,Sun,Philadelphia Eagles,St. Louis Rams,31,13,Regular Season,2011
2011-09-11,Sun,Houston Texans,Indianapolis Colts,34,7,Regular Season,2011
2011-09-11,Sun,Jacksonville Jaguars,Tennessee Titans,16,14,Regular Season,2011
2011-09-11,Sun,Baltimore Ravens,Pittsburgh Steelers,35,7,Regular Season,2011
2011-09-11,Sun,Chicago Bears,Atlanta Falcons,30,12,Regular Season,2011
2011-09-11,Sun,Buffalo Bills,Kansas City Chiefs,41,7,Regular Season,2011
2011-09-11,Sun,Cincinnati Bengals,Cleveland Browns,27,17,Regular Season,2011
2011-09-11,Sun,Detroit Lions,Tampa Bay Buccaneers,27,20,Regular Season,2011
2011-09-11,Sun,Arizona Cardinals,Carolina Panthers,28,21,Regular Season,2011
2011-09-11,Sun,San Diego Chargers,Minnesota Vikings,24,17,Regular Season,2011
2011-09-11,Sun,San Francisco 49ers,Seattle Seahawks,33,17,Regular Season,2011
2011-09-11,Sun,Washington Redskins,New York Giants,28,14,Regular Season,2011
2011-09-11,Sun,New York Jets,Dallas Cowboys,27,24,Regular Season,2011
2011-09-12,Mon,New England Patriots,Miami Dolphins,38,24,Regular Season,2011
2011-09-12,Mon,Oakland Raiders,Denver Broncos,23,20,Regular Season,2011
2011-09-18,Sun,Green Bay Packers,Carolina Panthers,30,23,Regular Season,2011
2011-09-18,Sun,New Orleans Saints,Chicago Bears,30,13,Regular Season,2011
2011-09-18,Sun,Cleveland Browns,Indianapolis Colts,27,19,Regular Season,2011
2011-09-18,Sun,Detroit Lions,Kansas City Chiefs,48,3,Regular Season,2011
2011-09-18,Sun,New York Jets,Jacksonville Jaguars,32,3,Regular Season,2011
2011-09-18,Sun,Tennessee Titans,Baltimore Ravens,26,13,Regular Season,2011
2011-09-18,Sun,Pittsburgh Steelers,Seattle Seahawks,24,0,Regular Season,2011
2011-09-18,Sun,Buffalo Bills,Oakland Raiders,38,35,Regular Season,2011
2011-09-18,Sun,Washington Redskins,Arizona Cardinals,22,21,Regular Season,2011
2011-09-18,Sun,Tampa Bay Buccaneers,Minnesota Vikings,24,20,Regular Season,2011
2011-09-18,Sun,Dallas Cowboys,San Francisco 49ers,27,24,Regular Season,2011
2011-09-18,Sun,Denver Broncos,Cincinnati Bengals,24,22,Regular Season,2011
2011-09-18,Sun,Houston Texans,Miami Dolphins,23,13,Regular Season,2011
2011-09-18,Sun,New England Patriots,San Diego Chargers,35,21,Regular Season,2011
2011-09-18,Sun,Atlanta Falcons,Philadelphia Eagles,35,31,Regular Season,2011
2011-09-19,Mon,New York Giants,St. Louis Rams,28,16,Regular Season,2011
2011-09-25,Sun,Carolina Panthers,Jacksonville Jaguars,16,10,Regular Season,2011
2011-09-25,Sun,San Francisco 49ers,Cincinnati Bengals,13,8,Regular Season,2011
2011-09-25,Sun,Cleveland Browns,Miami Dolphins,17,16,Regular Season,2011
2011-09-25,Sun,Tennessee Titans,Denver Broncos,17,14,Regular Season,2011
2011-09-25,Sun,New Orleans Saints,Houston Texans,40,33,Regular Season,2011
2011-09-25,Sun,Buffalo Bills,New England Patriots,34,31,Regular Season,2011
2011-09-25,Sun,New York Giants,Philadelphia Eagles,29,16,Regular Season,2011
2011-09-25,Sun,Detroit Lions,Minnesota Vikings,26,23,Regular Season,2011
2011-09-25,Sun,Oakland Raiders,New York Jets,34,24,Regular Season,2011
2011-09-25,Sun,San Diego Chargers,Kansas City Chiefs,20,17,Regular Season,2011
2011-09-25,Sun,Baltimore Ravens,St. Louis Rams,37,7,Regular Season,2011
2011-09-25,Sun,Green Bay Packers,Chicago Bears,27,17,Regular Season,2011
2011-09-25,Sun,Seattle Seahawks,Arizona Cardinals,13,10,Regular Season,2011
2011-09-25,Sun,Tampa Bay Buccaneers,Atlanta Falcons,16,13,Regular Season,2011
2011-09-25,Sun,Pittsburgh Steelers,Indianapolis Colts,23,20,Regular Season,2011
2011-09-26,Mon,Dallas Cowboys,Washington Redskins,18,16,Regular Season,2011
2011-10-02,Sun,Washington Redskins,St. Louis Rams,17,10,Regular Season,2011
2011-10-02,Sun,Detroit Lions,Dallas Cowboys,34,30,Regular Season,2011
2011-10-02,Sun,Kansas City Chiefs,Minnesota Vikings,22,17,Regular Season,2011
2011-10-02,Sun,Cincinnati Bengals,Buffalo Bills,23,20,Regular Season,2011
2011-10-02,Sun,Tennessee Titans,Cleveland Browns,31,13,Regular Season,2011
2011-10-02,Sun,Houston Texans,Pittsburgh Steelers,17,10,Regular Season,2011
2011-10-02,Sun,New Orleans Saints,Jacksonville Jaguars,23,10,Regular Season,2011
2011-10-02,Sun,San Francisco 49ers,Philadelphia Eagles,24,23,Regular Season,2011
2011-10-02,Sun,Chicago Bears,Carolina Panthers,34,29,Regular Season,2011
2011-10-02,Sun,Atlanta Falcons,Seattle Seahawks,30,28,Regular Season,2011
2011-10-02,Sun,New York Giants,Arizona Cardinals,31,27,Regular Season,2011
2011-10-02,Sun,Green Bay Packers,Denver Broncos,49,23,Regular Season,2011
2011-10-02,Sun,San Diego Chargers,Miami Dolphins,26,16,Regular Season,2011
2011-10-02,Sun,New England Patriots,Oakland Raiders,31,19,Regular Season,2011
2011-10-02,Sun,Baltimore Ravens,New York Jets,34,17,Regular Season,2011
2011-10-03,Mon,Tampa Bay Buccaneers,Indianapolis Colts,24,17,Regular Season,2011
2011-10-09,Sun,Cincinnati Bengals,Jacksonville Jaguars,30,20,Regular Season,2011
2011-10-09,Sun,Kansas City Chiefs,Indianapolis Colts,28,24,Regular Season,2011
2011-10-09,Sun,Oakland Raiders,Houston Texans,25,20,Regular Season,2011
2011-10-09,Sun,Pittsburgh Steelers,Tennessee Titans,38,17,Regular Season,2011
2011-10-09,Sun,Buffalo Bills,Philadelphia Eagles,31,24,Regular Season,2011
2011-10-09,Sun,New Orleans Saints,Carolina Panthers,30,27,Regular Season,2011
2011-10-09,Sun,Seattle Seahawks,New York Giants,36,25,Regular Season,2011
2011-10-09,Sun,Minnesota Vikings,Arizona Cardinals,34,10,Regular Season,2011
2011-10-09,Sun,San Francisco 49ers,Tampa Bay Buccaneers,48,3,Regular Season,2011
2011-10-09,Sun,New England Patriots,New York Jets,30,21,Regular Season,2011
2011-10-09,Sun,San Diego Chargers,Denver Broncos,29,24,Regular Season,2011
2011-10-09,Sun,Green Bay Packers,Atlanta Falcons,25,14,Regular Season,2011
2011-10-10,Mon,Detroit Lions,Chicago Bears,24,13,Regular Season,2011
2011-10-16,Sun,Atlanta Falcons,Carolina Panthers,31,17,Regular Season,2011
2011-10-16,Sun,New York Giants,Buffalo Bills,27,24,Regular Season,2011
2011-10-16,Sun,Cincinnati Bengals,Indianapolis Colts,27,17,Regular Season,2011
2011-10-16,Sun,Green Bay Packers,St. Louis Rams,24,3,Regular Season,2011
2011-10-16,Sun,Pittsburgh Steelers,Jacksonville Jaguars,17,13,Regular Season,2011
2011-10-16,Sun,San Francisco 49ers,Detroit Lions,25,19,Regular Season,2011
2011-10-16,Sun,Philadelphia Eagles,Washington Redskins,20,13,Regular Season,2011
2011-10-16,Sun,Oakland Raiders,Cleveland Browns,24,17,Regular Season,2011
2011-10-16,Sun,Baltimore Ravens,Houston Texans,29,14,Regular Season,2011
2011-10-16,Sun,New England Patriots,Dallas Cowboys,20,16,Regular Season,2011
2011-10-16,Sun,Tampa Bay Buccaneers,New Orleans Saints,26,20,Regular Season,2011
2011-10-16,Sun,Chicago Bears,Minnesota Vikings,39,10,Regular Season,2011
2011-10-17,Mon,New York Jets,Miami Dolphins,24,6,Regular Season,2011
2011-10-23,Sun,Denver Broncos,Miami Dolphins,18,15,Regular Season,2011
2011-10-23,Sun,Houston Texans,Tennessee Titans,41,7,Regular Season,2011
2011-10-23,Sun,New York Jets,San Diego Chargers,27,21,Regular Season,2011
2011-10-23,Sun,Cleveland Browns,Seattle Seahawks,6,3,Regular Season,2011
2011-10-23,Sun,Atlanta Falcons,Detroit Lions,23,16,Regular Season,2011
2011-10-23,Sun,Carolina Panthers,Washington Redskins,33,20,Regular Season,2011
2011-10-23,Sun,Chicago Bears,Tampa Bay Buccaneers,24,18,Regular Season,2011
2011-10-23,Sun,Pittsburgh Steelers,Arizona Cardinals,32,20,Regular Season,2011
2011-10-23,Sun,Dallas Cowboys,St. Louis Rams,34,7,Regular Season,2011
2011-10-23,Sun,Green Bay Packers,Minnesota Vikings,33,27,Regular Season,2011
2011-10-23,Sun,Kansas City Chiefs,Oakland Raiders,28,0,Regular Season,2011
2011-10-23,Sun,New Orleans Saints,Indianapolis Colts,62,7,Regular Season,2011
2011-10-24,Mon,Jacksonville Jaguars,Baltimore Ravens,12,7,Regular Season,2011
2011-10-30,Sun,St. Louis Rams,New Orleans Saints,31,21,Regular Season,2011
2011-10-30,Sun,Baltimore Ravens,Arizona Cardinals,30,27,Regular Season,2011
2011-10-30,Sun,New York Giants,Miami Dolphins,20,17,Regular Season,2011
2011-10-30,Sun,Tennessee Titans,Indianapolis Colts,27,10,Regular Season,2011
2011-10-30,Sun,Houston Texans,Jacksonville Jaguars,24,14,Regular Season,2011
2011-10-30,Sun,Minnesota Vikings,Carolina Panthers,24,21,Regular Season,2011
2011-10-30,Sun,Buffalo Bills,Washington Redskins,23,0,Regular Season,2011
2011-10-30,Sun,Detroit Lions,Denver Broncos,45,10,Regular Season,2011
2011-10-30,Sun,San Francisco 49ers,Cleveland Browns,20,10,Regular Season,2011
2011-10-30,Sun,Pittsburgh Steelers,New England Patriots,25,17,Regular Season,2011
2011-10-30,Sun,Cincinnati Bengals,Seattle Seahawks,34,12,Regular Season,2011
2011-10-30,Sun,Philadelphia Eagles,Dallas Cowboys,34,7,Regular Season,2011
2011-10-31,Mon,Kansas City Chiefs,San Diego Chargers,23,20,Regular Season,2011
2011-11-06,Sun,Atlanta Falcons,Indianapolis Colts,31,7,Regular Season,2011
2011-11-06,Sun,Dallas Cowboys,Seattle Seahawks,23,13,Regular Season,2011
2011-11-06,Sun,New York Jets,Buffalo Bills,27,11,Regular Season,2011
2011-11-06,Sun,Houston Texans,Cleveland Browns,30,12,Regular Season,2011
2011-11-06,Sun,Miami Dolphins,Kansas City Chiefs,31,3,Regular Season,2011
2011-11-06,Sun,San Francisco 49ers,Washington Redskins,19,11,Regular Season,2011
2011-11-06,Sun,New Orleans Saints,Tampa Bay Buccaneers,27,16,Regular Season,2011
2011-11-06,Sun,Cincinnati Bengals,Tennessee Titans,24,17,Regular Season,2011
2011-11-06,Sun,Denver Broncos,Oakland Raiders,38,24,Regular Season,2011
2011-11-06,Sun,Arizona Cardinals,St. Louis Rams,19,13,Regular Season,2011
2011-11-06,Sun,Green Bay Packers,San Diego Chargers,45,38,Regular Season,2011
2011-11-06,Sun,New York Giants,New England Patriots,24,20,Regular Season,2011
2011-11-06,Sun,Baltimore Ravens,Pittsburgh Steelers,23,20,Regular Season,2011
2011-11-07,Mon,Chicago Bears,Philadelphia Eagles,30,24,Regular Season,2011
2011-11-10,Thu,Oakland Raiders,San Diego Chargers,24,17,Regular Season,2011
2011-11-13,Sun,Dallas Cowboys,Buffalo Bills,44,7,Regular Season,2011
2011-11-13,Sun,Pittsburgh Steelers,Cincinnati Bengals,24,17,Regular Season,2011
2011-11-13,Sun,Arizona Cardinals,Philadelphia Eagles,21,17,Regular Season,2011
2011-11-13,Sun,Jacksonville Jaguars,Indianapolis Colts,17,3,Regular Season,2011
2011-11-13,Sun,Houston Texans,Tampa Bay Buccaneers,37,9,Regular Season,2011
2011-11-13,Sun,New Orleans Saints,Atlanta Falcons,26,23,Regular Season,2011
2011-11-13,Sun,St. Louis Rams,Cleveland Browns,13,12,Regular Season,2011
2011-11-13,Sun,Denver Broncos,Kansas City Chiefs,17,10,Regular Season,2011
2011-11-13,Sun,Miami Dolphins,Washington Redskins,20,9,Regular Season,2011
2011-11-13,Sun,Tennessee Titans,Carolina Panthers,30,3,Regular Season,2011
2011-11-13,Sun,Seattle Seahawks,Baltimore Ravens,22,17,Regular Season,2011
2011-11-13,Sun,San Francisco 49ers,New York Giants,27,20,Regular Season,2011
2011-11-13,Sun,Chicago Bears,Detroit Lions,37,13,Regular Season,2011
2011-11-13,Sun,New England Patriots,New York Jets,37,16,Regular Season,2011
2011-11-14,Mon,Green Bay Packers,Minnesota Vikings,45,7,Regular Season,2011
2011-11-17,Thu,Denver Broncos,New York Jets,17,13,Regular Season,2011
2011-11-20,Sun,Miami Dolphins,Buffalo Bills,35,8,Regular Season,2011
2011-11-20,Sun,Detroit Lions,Carolina Panthers,49,35,Regular Season,2011
2011-11-20,Sun,Baltimore Ravens,Cincinnati Bengals,31,24,Regular Season,2011
2011-11-20,Sun,Cleveland Browns,Jacksonville Jaguars,14,10,Regular Season,2011
2011-11-20,Sun,Green Bay Packers,Tampa Bay Buccaneers,35,26,Regular Season,2011
2011-11-20,Sun,Dallas Cowboys,Washington Redskins,27,24,Regular Season,2011
2011-11-20,Sun,Oakland Raiders,Minnesota Vikings,27,21,Regular Season,2011
2011-11-20,Sun,San Francisco 49ers,Arizona Cardinals,23,7,Regular Season,2011
2011-11-20,Sun,Seattle Seahawks,St. Louis Rams,24,7,Regular Season,2011
2011-11-20,Sun,Atlanta Falcons,Tennessee Titans,23,17,Regular Season,2011
2011-11-20,Sun,Chicago Bears,San Diego Chargers,31,20,Regular Season,2011
2011-11-20,Sun,Philadelphia Eagles,New York Giants,17,10,Regular Season,2011
2011-11-21,Mon,New England Patriots,Kansas City Chiefs,34,3,Regular Season,2011
2011-11-24,Thu,Green Bay Packers,Detroit Lions,27,15,Regular Season,2011
2011-11-24,Thu,Dallas Cowboys,Miami Dolphins,20,19,Regular Season,2011
2011-11-24,Thu,Baltimore Ravens,San Francisco 49ers,16,6,Regular Season,2011
2011-11-27,Sun,Arizona Cardinals,St. Louis Rams,23,20,Regular Season,2011
2011-11-27,Sun,Atlanta Falcons,Minnesota Vikings,24,14,Regular Season,2011
2011-11-27,Sun,New York Jets,Buffalo Bills,28,24,Regular Season,2011
2011-11-27,Sun,Cincinnati Bengals,Cleveland Browns,23,20,Regular Season,2011
2011-11-27,Sun,Tennessee Titans,Tampa Bay Buccaneers,23,17,Regular Season,2011
2011-11-27,Sun,Carolina Panthers,Indianapolis Colts,27,19,Regular Season,2011
2011-11-27,Sun,Houston Texans,Jacksonville Jaguars,20,13,Regular Season,2011
2011-11-27,Sun,Oakland Raiders,Chicago Bears,25,20,Regular Season,2011
2011-11-27,Sun,Washington Redskins,Seattle Seahawks,23,17,Regular Season,2011
2011-11-27,Sun,Denver Broncos,San Diego Chargers,16,13,Regular Season,2011
2011-11-27,Sun,New England Patriots,Philadelphia Eagles,38,20,Regular Season,2011
2011-11-27,Sun,Pittsburgh Steelers,Kansas City Chiefs,13,9,Regular Season,2011
2011-11-28,Mon,New Orleans Saints,New York Giants,49,24,Regular Season,2011
2011-12-01,Thu,Seattle Seahawks,Philadelphia Eagles,31,14,Regular Season,2011
2011-12-04,Sun,Tennessee Titans,Buffalo Bills,23,17,Regular Season,2011
2011-12-04,Sun,Carolina Panthers,Tampa Bay Buccaneers,38,19,Regular Season,2011
2011-12-04,Sun,Pittsburgh Steelers,Cincinnati Bengals,35,7,Regular Season,2011
2011-12-04,Sun,New England Patriots,Indianapolis Colts,31,24,Regular Season,2011
2011-12-04,Sun,Houston Texans,Atlanta Falcons,17,10,Regular Season,2011
2011-12-04,Sun,Kansas City Chiefs,Chicago Bears,10,3,Regular Season,2011
2011-12-04,Sun,Miami Dolphins,Oakland Raiders,34,14,Regular Season,2011
2011-12-04,Sun,New York Jets,Washington Redskins,34,19,Regular Season,2011
2011-12-04,Sun,Denver Broncos,Minnesota Vikings,35,32,Regular Season,2011
2011-12-04,Sun,Baltimore Ravens,Cleveland Browns,24,10,Regular Season,2011
2011-12-04,Sun,Arizona Cardinals,Dallas Cowboys,19,13,Regular Season,2011
2011-12-04,Sun,Green Bay Packers,New York Giants,38,35,Regular Season,2011
2011-12-04,Sun,San Francisco 49ers,St. Louis Rams,26,0,Regular Season,2011
2011-12-04,Sun,New Orleans Saints,Detroit Lions,31,17,Regular Season,2011
2011-12-05,Mon,San Diego Chargers,Jacksonville Jaguars,38,14,Regular Season,2011
2011-12-08,Thu,Pittsburgh Steelers,Cleveland Browns,14,3,Regular Season,2011
2011-12-11,Sun,Houston Texans,Cincinnati Bengals,20,19,Regular Season,2011
2011-12-11,Sun,Baltimore Ravens,Indianapolis Colts,24,10,Regular Season,2011
2011-12-11,Sun,New York Jets,Kansas City Chiefs,37,10,Regular Season,2011
2011-12-11,Sun,Detroit Lions,Minnesota Vikings,34,28,Regular Season,2011
2011-12-11,Sun,Jacksonville Jaguars,Tampa Bay Buccaneers,41,14,Regular Season,2011
2011-12-11,Sun,Philadelphia Eagles,Miami Dolphins,26,10,Regular Season,2011
2011-12-11,Sun,New Orleans Saints,Tennessee Titans,22,17,Regular Season,2011
2011-12-11,Sun,New England Patriots,Washington Redskins,34,27,Regular Season,2011
2011-12-11,Sun,Atlanta Falcons,Carolina Panthers,31,23,Regular Season,2011
2011-12-11,Sun,Denver Broncos,Chicago Bears,13,10,Regular Season,2011
2011-12-11,Sun,Arizona Cardinals,San Francisco 49ers,21,19,Regular Season,2011
2011-12-11,Sun,San Diego Chargers,Buffalo Bills,37,10,Regular Season,2011
2011-12-11,Sun,Green Bay Packers,Oakland Raiders,46,16,Regular Season,2011
2011-12-11,Sun,New York Giants,Dallas Cowboys,37,34,Regular Season,2011
2011-12-12,Mon,Seattle Seahawks,St. Louis Rams,30,13,Regular Season,2011
2011-12-15,Thu,Atlanta Falcons,Jacksonville Jaguars,41,14,Regular Season,2011
2011-12-17,Sat,Dallas Cowboys,Tampa Bay Buccaneers,31,15,Regular Season,2011
2011-12-18,Sun,Cincinnati Bengals,St. Louis Rams,20,13,Regular Season,2011
2011-12-18,Sun,Miami Dolphins,Buffalo Bills,30,23,Regular Season,2011
2011-12-18,Sun,Washington Redskins,New York Giants,23,10,Regular Season,2011
2011-12-18,Sun,Carolina Panthers,Houston Texans,28,13,Regular Season,2011
2011-12-18,Sun,Seattle Seahawks,Chicago Bears,38,14,Regular Season,2011
2011-12-18,Sun,Indianapolis Colts,Tennessee Titans,27,13,Regular Season,2011
2011-12-18,Sun,Kansas City Chiefs,Green Bay Packers,19,14,Regular Season,2011
2011-12-18,Sun,New Orleans Saints,Minnesota Vikings,42,20,Regular Season,2011
2011-12-18,Sun,Detroit Lions,Oakland Raiders,28,27,Regular Season,2011
2011-12-18,Sun,Arizona Cardinals,Cleveland Browns,20,17,Regular Season,2011
2011-12-18,Sun,New England Patriots,Denver Broncos,41,23,Regular Season,2011
2011-12-18,Sun,Philadelphia Eagles,New York Jets,45,19,Regular Season,2011
2011-12-18,Sun,San Diego Chargers,Baltimore Ravens,34,14,Regular Season,2011
2011-12-19,Mon,San Francisco 49ers,Pittsburgh Steelers,20,3,Regular Season,2011
2011-12-22,Thu,Indianapolis Colts,Houston Texans,19,16,Regular Season,2011
2011-12-24,Sat,Buffalo Bills,Denver Broncos,40,14,Regular Season,2011
2011-12-24,Sat,Cincinnati Bengals,Arizona Cardinals,23,16,Regular Season,2011
2011-12-24,Sat,Tennessee Titans,Jacksonville Jaguars,23,17,Regular Season,2011
2011-12-24,Sat,New England Patriots,Miami Dolphins,27,24,Regular Season,2011
2011-12-24,Sat,Pittsburgh Steelers,St. Louis Rams,27,0,Regular Season,2011
2011-12-24,Sat,Baltimore Ravens,Cleveland Browns,20,14,Regular Season,2011
2011-12-24,Sat,Oakland Raiders,Kansas City Chiefs,16,13,Regular Season,2011
2011-12-24,Sat,New York Giants,New York Jets,29,14,Regular Season,2011
2011-12-24,Sat,Carolina Panthers,Tampa Bay Buccaneers,48,16,Regular Season,2011
2011-12-24,Sat,Minnesota Vikings,Washington Redskins,33,26,Regular Season,2011
2011-12-24,Sat,Detroit Lions,San Diego Chargers,38,10,Regular Season,2011
2011-12-24,Sat,Philadelphia Eagles,Dallas Cowboys,20,7,Regular Season,2011
2011-12-24,Sat,San Francisco 49ers,Seattle Seahawks,19,17,Regular Season,2011
2011-12-25,Sun,Green Bay Packers,Chicago Bears,35,21,Regular Season,2011
2011-12-26,Mon,New Orleans Saints,Atlanta Falcons,45,16,Regular Season,2011
2012-01-01,Sun,San Francisco 49ers,St. Louis Rams,34,27,Regular Season,2011
2012-01-01,Sun,New England Patriots,Buffalo Bills,49,21,Regular Season,2011
2012-01-01,Sun,Green Bay Packers,Detroit Lions,45,41,Regular Season,2011
2012-01-01,Sun,Tennessee Titans,Houston Texans,23,22,Regular Season,2011
2012-01-01,Sun,Miami Dolphins,New York Jets,19,17,Regular Season,2011
2012-01-01,Sun,Philadelphia Eagles,Washington Redskins,34,10,Regular Season,2011
2012-01-01,Sun,New Orleans Saints,Carolina Panthers,45,17,Regular Season,2011
2012-01-01,Sun,Jacksonville Jaguars,Indianapolis Colts,19,13,Regular Season,2011
2012-01-01,Sun,Chicago Bears,Minnesota Vikings,17,13,Regular Season,2011
2012-01-01,Sun,Arizona Cardinals,Seattle Seahawks,23,20,Regular Season,2011
2012-01-01,Sun,San Diego Chargers,Oakland Raiders,38,26,Regular Season,2011
2012-01-01,Sun,Baltimore Ravens,Cincinnati Bengals,24,16,Regular Season,2011
2012-01-01,Sun,Pittsburgh Steelers,Cleveland Browns,13,9,Regular Season,2011
2012-01-01,Sun,Kansas City Chiefs,Denver Broncos,7,3,Regular Season,2011
2012-01-01,Sun,Atlanta Falcons,Tampa Bay Buccaneers,45,24,Regular Season,2011
2012-01-01,Sun,New York Giants,Dallas Cowboys,31,14,Regular Season,2011
Playoffs,,,,,,Playoff,2011
2012-01-07,Sat,Houston Texans,Cincinnati Bengals,31,10,Playoff,2011
2012-01-07,Sat,New Orleans Saints,Detroit Lions,45,28,Playoff,2011
2012-01-08,Sun,New York Giants,Atlanta Falcons,24,2,Playoff,2011
2012-01-08,Sun,Denver Broncos,Pittsburgh Steelers,29,23,Playoff,2011
2012-01-14,Sat,San Francisco 49ers,New Orleans Saints,36,32,Playoff,2011
2012-01-14,Sat,New England Patriots,Denver Broncos,45,10,Playoff,2011
2012-01-15,Sun,Baltimore Ravens,Houston Texans,20,13,Playoff,2011
2012-01-15,Sun,New York Giants,Green Bay Packers,37,20,Playoff,2011
2012-01-22,Sun,New England Patriots,Baltimore Ravens,23,20,Playoff,2011
2012-01-22,Sun,New York Giants,San Francisco 49ers,20,17,Playoff,2011
2012-02-05,Sun,New York Giants,New England Patriots,21,17,Playoff,2011
