Date,DOW,WT,LT,WTS,LTS,Type,Season
2012-09-05,Wed,Dallas Cowboys,New York Giants,24,17,Regular Season,2012
2012-09-09,Sun,Chicago Bears,Indianapolis Colts,41,21,Regular Season,2012
2012-09-09,Sun,Atlanta Falcons,Kansas City Chiefs,40,24,Regular Season,2012
2012-09-09,Sun,New York Jets,Buffalo Bills,48,28,Regular Season,2012
2012-09-09,Sun,Philadelphia Eagles,Cleveland Browns,17,16,Regular Season,2012
2012-09-09,Sun,Detroit Lions,St. Louis Rams,27,23,Regular Season,2012
2012-09-09,Sun,Houston Texans,Miami Dolphins,30,10,Regular Season,2012
2012-09-09,Sun,Washington Redskins,New Orleans Saints,40,32,Regular Season,2012
2012-09-09,Sun,New England Patriots,Tennessee Titans,34,13,Regular Season,2012
2012-09-09,Sun,Minnesota Vikings,Jacksonville Jaguars,26,23,Regular Season,2012
2012-09-09,Sun,Arizona Cardinals,Seattle Seahawks,20,16,Regular Season,2012
2012-09-09,Sun,San Francisco 49ers,Green Bay Packers,30,22,Regular Season,2012
2012-09-09,Sun,Tampa Bay Buccaneers,Carolina Panthers,16,10,Regular Season,2012
2012-09-09,Sun,Denver Broncos,Pittsburgh Steelers,31,19,Regular Season,2012
2012-09-10,Mon,Baltimore Ravens,Cincinnati Bengals,44,13,Regular Season,2012
2012-09-10,Mon,San Diego Chargers,Oakland Raiders,22,14,Regular Season,2012
2012-09-13,Thu,Green Bay Packers,Chicago Bears,23,10,Regular Season,2012
2012-09-16,Sun,Buffalo Bills,Kansas City Chiefs,35,17,Regular Season,2012
2012-09-16,Sun,Cincinnati Bengals,Cleveland Browns,34,27,Regular Season,2012
2012-09-16,Sun,Arizona Cardinals,New England Patriots,20,18,Regular Season,2012
2012-09-16,Sun,Miami Dolphins,Oakland Raiders,35,13,Regular Season,2012
2012-09-16,Sun,Carolina Panthers,New Orleans Saints,35,27,Regular Season,2012
2012-09-16,Sun,Indianapolis Colts,Minnesota Vikings,23,20,Regular Season,2012
2012-09-16,Sun,Houston Texans,Jacksonville Jaguars,27,7,Regular Season,2012
2012-09-16,Sun,New York Giants,Tampa Bay Buccaneers,41,34,Regular Season,2012
2012-09-16,Sun,Philadelphia Eagles,Baltimore Ravens,24,23,Regular Season,2012
2012-09-16,Sun,St. Louis Rams,Washington Redskins,31,28,Regular Season,2012
2012-09-16,Sun,Seattle Seahawks,Dallas Cowboys,27,7,Regular Season,2012
2012-09-16,Sun,Pittsburgh Steelers,New York Jets,27,10,Regular Season,2012
2012-09-16,Sun,San Diego Chargers,Tennessee Titans,38,10,Regular Season,2012
2012-09-16,Sun,San Francisco 49ers,Detroit Lions,27,19,Regular Season,2012
2012-09-17,Mon,Atlanta Falcons,Denver Broncos,27,21,Regular Season,2012
2012-09-20,Thu,New York Giants,Carolina Panthers,36,7,Regular Season,2012
2012-09-23,Sun,Buffalo Bills,Cleveland Browns,24,14,Regular Season,2012
2012-09-23,Sun,Kansas City Chiefs,New Orleans Saints,27,24,Regular Season,2012
2012-09-23,Sun,Cincinnati Bengals,Washington Redskins,38,31,Regular Season,2012
2012-09-23,Sun,Jacksonville Jaguars,Indianapolis Colts,22,17,Regular Season,2012
2012-09-23,Sun,Tennessee Titans,Detroit Lions,44,41,Regular Season,2012
2012-09-23,Sun,New York Jets,Miami Dolphins,23,20,Regular Season,2012
2012-09-23,Sun,Chicago Bears,St. Louis Rams,23,6,Regular Season,2012
2012-09-23,Sun,Dallas Cowboys,Tampa Bay Buccaneers,16,10,Regular Season,2012
2012-09-23,Sun,Minnesota Vikings,San Francisco 49ers,24,13,Regular Season,2012
2012-09-23,Sun,Atlanta Falcons,San Diego Chargers,27,3,Regular Season,2012
2012-09-23,Sun,Arizona Cardinals,Philadelphia Eagles,27,6,Regular Season,2012
2012-09-23,Sun,Houston Texans,Denver Broncos,31,25,Regular Season,2012
2012-09-23,Sun,Oakland Raiders,Pittsburgh Steelers,34,31,Regular Season,2012
2012-09-23,Sun,Baltimore Ravens,New England Patriots,31,30,Regular Season,2012
2012-09-24,Mon,Seattle Seahawks,Green Bay Packers,14,12,Regular Season,2012
2012-09-27,Thu,Baltimore Ravens,Cleveland Browns,23,16,Regular Season,2012
2012-09-30,Sun,St. Louis Rams,Seattle Seahawks,19,13,Regular Season,2012
2012-09-30,Sun,New England Patriots,Buffalo Bills,52,28,Regular Season,2012
2012-09-30,Sun,Atlanta Falcons,Carolina Panthers,30,28,Regular Season,2012
2012-09-30,Sun,Minnesota Vikings,Detroit Lions,20,13,Regular Season,2012
2012-09-30,Sun,Houston Texans,Tennessee Titans,38,14,Regular Season,2012
2012-09-30,Sun,San Diego Chargers,Kansas City Chiefs,37,20,Regular Season,2012
2012-09-30,Sun,San Francisco 49ers,New York Jets,34,0,Regular Season,2012
2012-09-30,Sun,Cincinnati Bengals,Jacksonville Jaguars,27,10,Regular Season,2012
2012-09-30,Sun,Arizona Cardinals,Miami Dolphins,24,21,Regular Season,2012
2012-09-30,Sun,Denver Broncos,Oakland Raiders,37,6,Regular Season,2012
2012-09-30,Sun,Green Bay Packers,New Orleans Saints,28,27,Regular Season,2012
2012-09-30,Sun,Washington Redskins,Tampa Bay Buccaneers,24,22,Regular Season,2012
2012-09-30,Sun,Philadelphia Eagles,New York Giants,19,17,Regular Season,2012
2012-10-01,Mon,Chicago Bears,Dallas Cowboys,34,18,Regular Season,2012
2012-10-04,Thu,St. Louis Rams,Arizona Cardinals,17,3,Regular Season,2012
2012-10-07,Sun,New York Giants,Cleveland Browns,41,27,Regular Season,2012
2012-10-07,Sun,Baltimore Ravens,Kansas City Chiefs,9,6,Regular Season,2012
2012-10-07,Sun,Pittsburgh Steelers,Philadelphia Eagles,16,14,Regular Season,2012
2012-10-07,Sun,Indianapolis Colts,Green Bay Packers,30,27,Regular Season,2012
2012-10-07,Sun,Miami Dolphins,Cincinnati Bengals,17,13,Regular Season,2012
2012-10-07,Sun,Atlanta Falcons,Washington Redskins,24,17,Regular Season,2012
2012-10-07,Sun,Seattle Seahawks,Carolina Panthers,16,12,Regular Season,2012
2012-10-07,Sun,Chicago Bears,Jacksonville Jaguars,41,3,Regular Season,2012
2012-10-07,Sun,Minnesota Vikings,Tennessee Titans,30,7,Regular Season,2012
2012-10-07,Sun,San Francisco 49ers,Buffalo Bills,45,3,Regular Season,2012
2012-10-07,Sun,New England Patriots,Denver Broncos,31,21,Regular Season,2012
2012-10-07,Sun,New Orleans Saints,San Diego Chargers,31,24,Regular Season,2012
2012-10-08,Mon,Houston Texans,New York Jets,23,17,Regular Season,2012
2012-10-11,Thu,Tennessee Titans,Pittsburgh Steelers,26,23,Regular Season,2012
2012-10-14,Sun,Tampa Bay Buccaneers,Kansas City Chiefs,38,10,Regular Season,2012
2012-10-14,Sun,Miami Dolphins,St. Louis Rams,17,14,Regular Season,2012
2012-10-14,Sun,Atlanta Falcons,Oakland Raiders,23,20,Regular Season,2012
2012-10-14,Sun,New York Jets,Indianapolis Colts,35,9,Regular Season,2012
2012-10-14,Sun,Baltimore Ravens,Dallas Cowboys,31,29,Regular Season,2012
2012-10-14,Sun,Cleveland Browns,Cincinnati Bengals,34,24,Regular Season,2012
2012-10-14,Sun,Detroit Lions,Philadelphia Eagles,26,23,Regular Season,2012
2012-10-14,Sun,Seattle Seahawks,New England Patriots,24,23,Regular Season,2012
2012-10-14,Sun,Buffalo Bills,Arizona Cardinals,19,16,Regular Season,2012
2012-10-14,Sun,New York Giants,San Francisco 49ers,26,3,Regular Season,2012
2012-10-14,Sun,Washington Redskins,Minnesota Vikings,38,26,Regular Season,2012
2012-10-14,Sun,Green Bay Packers,Houston Texans,42,24,Regular Season,2012
2012-10-15,Mon,Denver Broncos,San Diego Chargers,35,24,Regular Season,2012
2012-10-18,Thu,San Francisco 49ers,Seattle Seahawks,13,6,Regular Season,2012
2012-10-21,Sun,Green Bay Packers,St. Louis Rams,30,20,Regular Season,2012
2012-10-21,Sun,New Orleans Saints,Tampa Bay Buccaneers,35,28,Regular Season,2012
2012-10-21,Sun,Tennessee Titans,Buffalo Bills,35,34,Regular Season,2012
2012-10-21,Sun,Indianapolis Colts,Cleveland Browns,17,13,Regular Season,2012
2012-10-21,Sun,Houston Texans,Baltimore Ravens,43,13,Regular Season,2012
2012-10-21,Sun,Dallas Cowboys,Carolina Panthers,19,14,Regular Season,2012
2012-10-21,Sun,New York Giants,Washington Redskins,27,23,Regular Season,2012
2012-10-21,Sun,Minnesota Vikings,Arizona Cardinals,21,14,Regular Season,2012
2012-10-21,Sun,Oakland Raiders,Jacksonville Jaguars,26,23,Regular Season,2012
2012-10-21,Sun,New England Patriots,New York Jets,29,26,Regular Season,2012
2012-10-21,Sun,Pittsburgh Steelers,Cincinnati Bengals,24,17,Regular Season,2012
2012-10-22,Mon,Chicago Bears,Detroit Lions,13,7,Regular Season,2012
2012-10-25,Thu,Tampa Bay Buccaneers,Minnesota Vikings,36,17,Regular Season,2012
2012-10-28,Sun,Pittsburgh Steelers,Washington Redskins,27,12,Regular Season,2012
2012-10-28,Sun,Atlanta Falcons,Philadelphia Eagles,30,17,Regular Season,2012
2012-10-28,Sun,Chicago Bears,Carolina Panthers,23,22,Regular Season,2012
2012-10-28,Sun,Detroit Lions,Seattle Seahawks,28,24,Regular Season,2012
2012-10-28,Sun,Green Bay Packers,Jacksonville Jaguars,24,15,Regular Season,2012
2012-10-28,Sun,Indianapolis Colts,Tennessee Titans,19,13,Regular Season,2012
2012-10-28,Sun,Miami Dolphins,New York Jets,30,9,Regular Season,2012
2012-10-28,Sun,Cleveland Browns,San Diego Chargers,7,6,Regular Season,2012
2012-10-28,Sun,New England Patriots,St. Louis Rams,45,7,Regular Season,2012
2012-10-28,Sun,Oakland Raiders,Kansas City Chiefs,26,16,Regular Season,2012
2012-10-28,Sun,New York Giants,Dallas Cowboys,29,24,Regular Season,2012
2012-10-28,Sun,Denver Broncos,New Orleans Saints,34,14,Regular Season,2012
2012-10-29,Mon,San Francisco 49ers,Arizona Cardinals,24,3,Regular Season,2012
2012-11-01,Thu,San Diego Chargers,Kansas City Chiefs,31,13,Regular Season,2012
2012-11-04,Sun,Houston Texans,Buffalo Bills,21,9,Regular Season,2012
2012-11-04,Sun,Denver Broncos,Cincinnati Bengals,31,23,Regular Season,2012
2012-11-04,Sun,Indianapolis Colts,Miami Dolphins,23,20,Regular Season,2012
2012-11-04,Sun,Green Bay Packers,Arizona Cardinals,31,17,Regular Season,2012
2012-11-04,Sun,Baltimore Ravens,Cleveland Browns,25,15,Regular Season,2012
2012-11-04,Sun,Chicago Bears,Tennessee Titans,51,20,Regular Season,2012
2012-11-04,Sun,Detroit Lions,Jacksonville Jaguars,31,14,Regular Season,2012
2012-11-04,Sun,Carolina Panthers,Washington Redskins,21,13,Regular Season,2012
2012-11-04,Sun,Tampa Bay Buccaneers,Oakland Raiders,42,32,Regular Season,2012
2012-11-04,Sun,Seattle Seahawks,Minnesota Vikings,30,20,Regular Season,2012
2012-11-04,Sun,Pittsburgh Steelers,New York Giants,24,20,Regular Season,2012
2012-11-04,Sun,Atlanta Falcons,Dallas Cowboys,19,13,Regular Season,2012
2012-11-05,Mon,New Orleans Saints,Philadelphia Eagles,28,13,Regular Season,2012
2012-11-08,Thu,Indianapolis Colts,Jacksonville Jaguars,27,10,Regular Season,2012
2012-11-11,Sun,New Orleans Saints,Atlanta Falcons,31,27,Regular Season,2012
2012-11-11,Sun,New England Patriots,Buffalo Bills,37,31,Regular Season,2012
2012-11-11,Sun,Denver Broncos,Carolina Panthers,36,14,Regular Season,2012
2012-11-11,Sun,Baltimore Ravens,Oakland Raiders,55,20,Regular Season,2012
2012-11-11,Sun,Cincinnati Bengals,New York Giants,31,13,Regular Season,2012
2012-11-11,Sun,Tennessee Titans,Miami Dolphins,37,3,Regular Season,2012
2012-11-11,Sun,Tampa Bay Buccaneers,San Diego Chargers,34,24,Regular Season,2012
2012-11-11,Sun,Minnesota Vikings,Detroit Lions,34,24,Regular Season,2012
2012-11-11,Sun,Seattle Seahawks,New York Jets,28,7,Regular Season,2012
2012-11-11,Sun,Dallas Cowboys,Philadelphia Eagles,38,23,Regular Season,2012
2012-11-11,Sun,San Francisco 49ers,St. Louis Rams,24,24,Regular Season,2012
2012-11-11,Sun,Houston Texans,Chicago Bears,13,6,Regular Season,2012
2012-11-12,Mon,Pittsburgh Steelers,Kansas City Chiefs,16,13,Regular Season,2012
2012-11-15,Thu,Buffalo Bills,Miami Dolphins,19,14,Regular Season,2012
2012-11-18,Sun,New York Jets,St. Louis Rams,27,13,Regular Season,2012
2012-11-18,Sun,Green Bay Packers,Detroit Lions,24,20,Regular Season,2012
2012-11-18,Sun,Atlanta Falcons,Arizona Cardinals,23,19,Regular Season,2012
2012-11-18,Sun,Cincinnati Bengals,Kansas City Chiefs,28,6,Regular Season,2012
2012-11-18,Sun,Houston Texans,Jacksonville Jaguars,43,37,Regular Season,2012
2012-11-18,Sun,Washington Redskins,Philadelphia Eagles,31,6,Regular Season,2012
2012-11-18,Sun,Tampa Bay Buccaneers,Carolina Panthers,27,21,Regular Season,2012
2012-11-18,Sun,Dallas Cowboys,Cleveland Browns,23,20,Regular Season,2012
2012-11-18,Sun,New Orleans Saints,Oakland Raiders,38,17,Regular Season,2012
2012-11-18,Sun,New England Patriots,Indianapolis Colts,59,24,Regular Season,2012
2012-11-18,Sun,Denver Broncos,San Diego Chargers,30,23,Regular Season,2012
2012-11-18,Sun,Baltimore Ravens,Pittsburgh Steelers,13,10,Regular Season,2012
2012-11-19,Mon,San Francisco 49ers,Chicago Bears,32,7,Regular Season,2012
2012-11-22,Thu,Houston Texans,Detroit Lions,34,31,Regular Season,2012
2012-11-22,Thu,Washington Redskins,Dallas Cowboys,38,31,Regular Season,2012
2012-11-22,Thu,New England Patriots,New York Jets,49,19,Regular Season,2012
2012-11-25,Sun,Chicago Bears,Minnesota Vikings,28,10,Regular Season,2012
2012-11-25,Sun,Atlanta Falcons,Tampa Bay Buccaneers,24,23,Regular Season,2012
2012-11-25,Sun,Cincinnati Bengals,Oakland Raiders,34,10,Regular Season,2012
2012-11-25,Sun,Cleveland Browns,Pittsburgh Steelers,20,14,Regular Season,2012
2012-11-25,Sun,Indianapolis Colts,Buffalo Bills,20,13,Regular Season,2012
2012-11-25,Sun,Denver Broncos,Kansas City Chiefs,17,9,Regular Season,2012
2012-11-25,Sun,Jacksonville Jaguars,Tennessee Titans,24,19,Regular Season,2012
2012-11-25,Sun,Miami Dolphins,Seattle Seahawks,24,21,Regular Season,2012
2012-11-25,Sun,Baltimore Ravens,San Diego Chargers,16,13,Regular Season,2012
2012-11-25,Sun,St. Louis Rams,Arizona Cardinals,31,17,Regular Season,2012
2012-11-25,Sun,San Francisco 49ers,New Orleans Saints,31,21,Regular Season,2012
2012-11-25,Sun,New York Giants,Green Bay Packers,38,10,Regular Season,2012
2012-11-26,Mon,Carolina Panthers,Philadelphia Eagles,30,22,Regular Season,2012
2012-11-29,Thu,Atlanta Falcons,New Orleans Saints,23,13,Regular Season,2012
2012-12-02,Sun,St. Louis Rams,San Francisco 49ers,16,13,Regular Season,2012
2012-12-02,Sun,Buffalo Bills,Jacksonville Jaguars,34,18,Regular Season,2012
2012-12-02,Sun,Green Bay Packers,Minnesota Vikings,23,14,Regular Season,2012
2012-12-02,Sun,Houston Texans,Tennessee Titans,24,10,Regular Season,2012
2012-12-02,Sun,New England Patriots,Miami Dolphins,23,16,Regular Season,2012
2012-12-02,Sun,Kansas City Chiefs,Carolina Panthers,27,21,Regular Season,2012
2012-12-02,Sun,Seattle Seahawks,Chicago Bears,23,17,Regular Season,2012
2012-12-02,Sun,Indianapolis Colts,Detroit Lions,35,33,Regular Season,2012
2012-12-02,Sun,New York Jets,Arizona Cardinals,7,6,Regular Season,2012
2012-12-02,Sun,Denver Broncos,Tampa Bay Buccaneers,31,23,Regular Season,2012
2012-12-02,Sun,Cincinnati Bengals,San Diego Chargers,20,13,Regular Season,2012
2012-12-02,Sun,Cleveland Browns,Oakland Raiders,20,17,Regular Season,2012
2012-12-02,Sun,Pittsburgh Steelers,Baltimore Ravens,23,20,Regular Season,2012
2012-12-02,Sun,Dallas Cowboys,Philadelphia Eagles,38,33,Regular Season,2012
2012-12-03,Mon,Washington Redskins,New York Giants,17,16,Regular Season,2012
2012-12-06,Thu,Denver Broncos,Oakland Raiders,26,13,Regular Season,2012
2012-12-09,Sun,St. Louis Rams,Buffalo Bills,15,12,Regular Season,2012
2012-12-09,Sun,Cleveland Browns,Kansas City Chiefs,30,7,Regular Season,2012
2012-12-09,Sun,Indianapolis Colts,Tennessee Titans,27,23,Regular Season,2012
2012-12-09,Sun,New York Jets,Jacksonville Jaguars,17,10,Regular Season,2012
2012-12-09,Sun,San Diego Chargers,Pittsburgh Steelers,34,24,Regular Season,2012
2012-12-09,Sun,Dallas Cowboys,Cincinnati Bengals,20,19,Regular Season,2012
2012-12-09,Sun,Philadelphia Eagles,Tampa Bay Buccaneers,23,21,Regular Season,2012
2012-12-09,Sun,Washington Redskins,Baltimore Ravens,31,28,Regular Season,2012
2012-12-09,Sun,Carolina Panthers,Atlanta Falcons,30,20,Regular Season,2012
2012-12-09,Sun,Minnesota Vikings,Chicago Bears,21,14,Regular Season,2012
2012-12-09,Sun,San Francisco 49ers,Miami Dolphins,27,13,Regular Season,2012
2012-12-09,Sun,Seattle Seahawks,Arizona Cardinals,58,0,Regular Season,2012
2012-12-09,Sun,New York Giants,New Orleans Saints,52,27,Regular Season,2012
2012-12-09,Sun,Green Bay Packers,Detroit Lions,27,20,Regular Season,2012
2012-12-10,Mon,New England Patriots,Houston Texans,42,14,Regular Season,2012
2012-12-13,Thu,Cincinnati Bengals,Philadelphia Eagles,34,13,Regular Season,2012
2012-12-16,Sun,Minnesota Vikings,St. Louis Rams,36,22,Regular Season,2012
2012-12-16,Sun,Houston Texans,Indianapolis Colts,29,17,Regular Season,2012
2012-12-16,Sun,Denver Broncos,Baltimore Ravens,34,17,Regular Season,2012
2012-12-16,Sun,Atlanta Falcons,New York Giants,34,0,Regular Season,2012
2012-12-16,Sun,Green Bay Packers,Chicago Bears,21,13,Regular Season,2012
2012-12-16,Sun,Washington Redskins,Cleveland Browns,38,21,Regular Season,2012
2012-12-16,Sun,Miami Dolphins,Jacksonville Jaguars,24,3,Regular Season,2012
2012-12-16,Sun,New Orleans Saints,Tampa Bay Buccaneers,41,0,Regular Season,2012
2012-12-16,Sun,Seattle Seahawks,Buffalo Bills,50,17,Regular Season,2012
2012-12-16,Sun,Carolina Panthers,San Diego Chargers,31,7,Regular Season,2012
2012-12-16,Sun,Arizona Cardinals,Detroit Lions,38,10,Regular Season,2012
2012-12-16,Sun,Dallas Cowboys,Pittsburgh Steelers,27,24,Regular Season,2012
2012-12-16,Sun,Oakland Raiders,Kansas City Chiefs,15,0,Regular Season,2012
2012-12-16,Sun,San Francisco 49ers,New England Patriots,41,34,Regular Season,2012
2012-12-17,Mon,Tennessee Titans,New York Jets,14,10,Regular Season,2012
2012-12-22,Sat,Atlanta Falcons,Detroit Lions,31,18,Regular Season,2012
2012-12-23,Sun,Miami Dolphins,Buffalo Bills,24,10,Regular Season,2012
2012-12-23,Sun,Cincinnati Bengals,Pittsburgh Steelers,13,10,Regular Season,2012
2012-12-23,Sun,New Orleans Saints,Dallas Cowboys,34,31,Regular Season,2012
2012-12-23,Sun,Green Bay Packers,Tennessee Titans,55,7,Regular Season,2012
2012-12-23,Sun,New England Patriots,Jacksonville Jaguars,23,16,Regular Season,2012
2012-12-23,Sun,Indianapolis Colts,Kansas City Chiefs,20,13,Regular Season,2012
2012-12-23,Sun,Minnesota Vikings,Houston Texans,23,6,Regular Season,2012
2012-12-23,Sun,San Diego Chargers,New York Jets,27,17,Regular Season,2012
2012-12-23,Sun,Washington Redskins,Philadelphia Eagles,27,20,Regular Season,2012
2012-12-23,Sun,St. Louis Rams,Tampa Bay Buccaneers,28,13,Regular Season,2012
2012-12-23,Sun,Carolina Panthers,Oakland Raiders,17,6,Regular Season,2012
2012-12-23,Sun,Denver Broncos,Cleveland Browns,34,12,Regular Season,2012
2012-12-23,Sun,Chicago Bears,Arizona Cardinals,28,13,Regular Season,2012
2012-12-23,Sun,Baltimore Ravens,New York Giants,33,14,Regular Season,2012
2012-12-23,Sun,Seattle Seahawks,San Francisco 49ers,42,13,Regular Season,2012
2012-12-30,Sun,Tampa Bay Buccaneers,Atlanta Falcons,22,17,Regular Season,2012
2012-12-30,Sun,Buffalo Bills,New York Jets,28,9,Regular Season,2012
2012-12-30,Sun,Pittsburgh Steelers,Cleveland Browns,24,10,Regular Season,2012
2012-12-30,Sun,Indianapolis Colts,Houston Texans,28,16,Regular Season,2012
2012-12-30,Sun,Tennessee Titans,Jacksonville Jaguars,38,20,Regular Season,2012
2012-12-30,Sun,Carolina Panthers,New Orleans Saints,44,38,Regular Season,2012
2012-12-30,Sun,Chicago Bears,Detroit Lions,26,24,Regular Season,2012
2012-12-30,Sun,Cincinnati Bengals,Baltimore Ravens,23,17,Regular Season,2012
2012-12-30,Sun,New York Giants,Philadelphia Eagles,42,7,Regular Season,2012
2012-12-30,Sun,San Diego Chargers,Oakland Raiders,24,21,Regular Season,2012
2012-12-30,Sun,San Francisco 49ers,Arizona Cardinals,27,13,Regular Season,2012
2012-12-30,Sun,Denver Broncos,Kansas City Chiefs,38,3,Regular Season,2012
2012-12-30,Sun,Minnesota Vikings,Green Bay Packers,37,34,Regular Season,2012
2012-12-30,Sun,New England Patriots,Miami Dolphins,28,0,Regular Season,2012
2012-12-30,Sun,Seattle Seahawks,St. Louis Rams,20,13,Regular Season,2012
2012-12-30,Sun,Washington Redskins,Dallas Cowboys,28,18,Regular Season,2012
Playoffs,,,,,,Playoff,2012
2013-01-05,Sat,Houston Texans,Cincinnati Bengals,19,13,Playoff,2012
2013-01-05,Sat,Green Bay Packers,Minnesota Vikings,24,10,Playoff,2012
2013-01-06,Sun,Baltimore Ravens,Indianapolis Colts,24,9,Playoff,2012
2013-01-06,Sun,Seattle Seahawks,Washington Redskins,24,14,Playoff,2012
2013-01-12,Sat,Baltimore Ravens,Denver Broncos,38,35,Playoff,2012
2013-01-12,Sat,San Francisco 49ers,Green Bay Packers,45,31,Playoff,2012
2013-01-13,Sun,Atlanta Falcons,Seattle Seahawks,30,28,Playoff,2012
2013-01-13,Sun,New England Patriots,Houston Texans,41,28,Playoff,2012
2013-01-20,Sun,San Francisco 49ers,Atlanta Falcons,28,24,Playoff,2012
2013-01-20,Sun,Baltimore Ravens,New England Patriots,28,13,Playoff,2012
2013-02-03,Sun,Baltimore Ravens,San Francisco 49ers,34,31,Playoff,2012
