Date,DOW,WT,LT,WTS,LTS,Type,Season
2013-09-05,Thu,Denver Broncos,Baltimore Ravens,49,27,Regular Season,2013
2013-09-08,Sun,New England Patriots,Buffalo Bills,23,21,Regular Season,2013
2013-09-08,Sun,Chicago Bears,Cincinnati Bengals,24,21,Regular Season,2013
2013-09-08,Sun,Miami Dolphins,Cleveland Browns,23,10,Regular Season,2013
2013-09-08,Sun,Indianapolis Colts,Oakland Raiders,21,17,Regular Season,2013
2013-09-08,Sun,Detroit Lions,Minnesota Vikings,34,24,Regular Season,2013
2013-09-08,Sun,Tennessee Titans,Pittsburgh Steelers,16,9,Regular Season,2013
2013-09-08,Sun,New Orleans Saints,Atlanta Falcons,23,17,Regular Season,2013
2013-09-08,Sun,Kansas City Chiefs,Jacksonville Jaguars,28,2,Regular Season,2013
2013-09-08,Sun,New York Jets,Tampa Bay Buccaneers,18,17,Regular Season,2013
2013-09-08,Sun,Seattle Seahawks,Carolina Panthers,12,7,Regular Season,2013
2013-09-08,Sun,St. Louis Rams,Arizona Cardinals,27,24,Regular Season,2013
2013-09-08,Sun,San Francisco 49ers,Green Bay Packers,34,28,Regular Season,2013
2013-09-08,Sun,Dallas Cowboys,New York Giants,36,31,Regular Season,2013
2013-09-09,Mon,Philadelphia Eagles,Washington Redskins,33,27,Regular Season,2013
2013-09-09,Mon,Houston Texans,San Diego Chargers,31,28,Regular Season,2013
2013-09-12,Thu,New England Patriots,New York Jets,13,10,Regular Season,2013
2013-09-15,Sun,Buffalo Bills,Carolina Panthers,24,23,Regular Season,2013
2013-09-15,Sun,Baltimore Ravens,Cleveland Browns,14,6,Regular Season,2013
2013-09-15,Sun,Miami Dolphins,Indianapolis Colts,24,20,Regular Season,2013
2013-09-15,Sun,Kansas City Chiefs,Dallas Cowboys,17,16,Regular Season,2013
2013-09-15,Sun,Green Bay Packers,Washington Redskins,38,20,Regular Season,2013
2013-09-15,Sun,San Diego Chargers,Philadelphia Eagles,33,30,Regular Season,2013
2013-09-15,Sun,Atlanta Falcons,St. Louis Rams,31,24,Regular Season,2013
2013-09-15,Sun,Chicago Bears,Minnesota Vikings,31,30,Regular Season,2013
2013-09-15,Sun,Houston Texans,Tennessee Titans,30,24,Regular Season,2013
2013-09-15,Sun,Arizona Cardinals,Detroit Lions,25,21,Regular Season,2013
2013-09-15,Sun,New Orleans Saints,Tampa Bay Buccaneers,16,14,Regular Season,2013
2013-09-15,Sun,Denver Broncos,New York Giants,41,23,Regular Season,2013
2013-09-15,Sun,Oakland Raiders,Jacksonville Jaguars,19,9,Regular Season,2013
2013-09-15,Sun,Seattle Seahawks,San Francisco 49ers,29,3,Regular Season,2013
2013-09-16,Mon,Cincinnati Bengals,Pittsburgh Steelers,20,10,Regular Season,2013
2013-09-19,Thu,Kansas City Chiefs,Philadelphia Eagles,26,16,Regular Season,2013
2013-09-22,Sun,Dallas Cowboys,St. Louis Rams,31,7,Regular Season,2013
2013-09-22,Sun,New England Patriots,Tampa Bay Buccaneers,23,3,Regular Season,2013
2013-09-22,Sun,Carolina Panthers,New York Giants,38,0,Regular Season,2013
2013-09-22,Sun,Cincinnati Bengals,Green Bay Packers,34,30,Regular Season,2013
2013-09-22,Sun,New Orleans Saints,Arizona Cardinals,31,7,Regular Season,2013
2013-09-22,Sun,Detroit Lions,Washington Redskins,27,20,Regular Season,2013
2013-09-22,Sun,Baltimore Ravens,Houston Texans,30,9,Regular Season,2013
2013-09-22,Sun,Tennessee Titans,San Diego Chargers,20,17,Regular Season,2013
2013-09-22,Sun,Cleveland Browns,Minnesota Vikings,31,27,Regular Season,2013
2013-09-22,Sun,Miami Dolphins,Atlanta Falcons,27,23,Regular Season,2013
2013-09-22,Sun,New York Jets,Buffalo Bills,27,20,Regular Season,2013
2013-09-22,Sun,Indianapolis Colts,San Francisco 49ers,27,7,Regular Season,2013
2013-09-22,Sun,Seattle Seahawks,Jacksonville Jaguars,45,17,Regular Season,2013
2013-09-22,Sun,Chicago Bears,Pittsburgh Steelers,40,23,Regular Season,2013
2013-09-23,Mon,Denver Broncos,Oakland Raiders,37,21,Regular Season,2013
2013-09-26,Thu,San Francisco 49ers,St. Louis Rams,35,11,Regular Season,2013
2013-09-29,Sun,Buffalo Bills,Baltimore Ravens,23,20,Regular Season,2013
2013-09-29,Sun,Kansas City Chiefs,New York Giants,31,7,Regular Season,2013
2013-09-29,Sun,Detroit Lions,Chicago Bears,40,32,Regular Season,2013
2013-09-29,Sun,Arizona Cardinals,Tampa Bay Buccaneers,13,10,Regular Season,2013
2013-09-29,Sun,Seattle Seahawks,Houston Texans,23,20,Regular Season,2013
2013-09-29,Sun,Cleveland Browns,Cincinnati Bengals,17,6,Regular Season,2013
2013-09-29,Sun,Indianapolis Colts,Jacksonville Jaguars,37,3,Regular Season,2013
2013-09-29,Sun,Minnesota Vikings,Pittsburgh Steelers,34,27,Regular Season,2013
2013-09-29,Sun,Tennessee Titans,New York Jets,38,13,Regular Season,2013
2013-09-29,Sun,San Diego Chargers,Dallas Cowboys,30,21,Regular Season,2013
2013-09-29,Sun,Denver Broncos,Philadelphia Eagles,52,20,Regular Season,2013
2013-09-29,Sun,Washington Redskins,Oakland Raiders,24,14,Regular Season,2013
2013-09-29,Sun,New England Patriots,Atlanta Falcons,30,23,Regular Season,2013
2013-09-30,Mon,New Orleans Saints,Miami Dolphins,38,17,Regular Season,2013
2013-10-03,Thu,Cleveland Browns,Buffalo Bills,37,24,Regular Season,2013
2013-10-06,Sun,St. Louis Rams,Jacksonville Jaguars,34,20,Regular Season,2013
2013-10-06,Sun,New Orleans Saints,Chicago Bears,26,18,Regular Season,2013
2013-10-06,Sun,Cincinnati Bengals,New England Patriots,13,6,Regular Season,2013
2013-10-06,Sun,Green Bay Packers,Detroit Lions,22,9,Regular Season,2013
2013-10-06,Sun,Baltimore Ravens,Miami Dolphins,26,23,Regular Season,2013
2013-10-06,Sun,Philadelphia Eagles,New York Giants,36,21,Regular Season,2013
2013-10-06,Sun,Indianapolis Colts,Seattle Seahawks,34,28,Regular Season,2013
2013-10-06,Sun,Kansas City Chiefs,Tennessee Titans,26,17,Regular Season,2013
2013-10-06,Sun,Arizona Cardinals,Carolina Panthers,22,6,Regular Season,2013
2013-10-06,Sun,Denver Broncos,Dallas Cowboys,51,48,Regular Season,2013
2013-10-06,Sun,San Francisco 49ers,Houston Texans,34,3,Regular Season,2013
2013-10-06,Sun,Oakland Raiders,San Diego Chargers,27,17,Regular Season,2013
2013-10-07,Mon,New York Jets,Atlanta Falcons,30,28,Regular Season,2013
2013-10-10,Thu,Chicago Bears,New York Giants,27,21,Regular Season,2013
2013-10-13,Sun,Green Bay Packers,Baltimore Ravens,19,17,Regular Season,2013
2013-10-13,Sun,Cincinnati Bengals,Buffalo Bills,27,24,Regular Season,2013
2013-10-13,Sun,Detroit Lions,Cleveland Browns,31,17,Regular Season,2013
2013-10-13,Sun,Kansas City Chiefs,Oakland Raiders,24,7,Regular Season,2013
2013-10-13,Sun,St. Louis Rams,Houston Texans,38,13,Regular Season,2013
2013-10-13,Sun,Pittsburgh Steelers,New York Jets,19,6,Regular Season,2013
2013-10-13,Sun,Philadelphia Eagles,Tampa Bay Buccaneers,31,20,Regular Season,2013
2013-10-13,Sun,Carolina Panthers,Minnesota Vikings,35,10,Regular Season,2013
2013-10-13,Sun,Denver Broncos,Jacksonville Jaguars,35,19,Regular Season,2013
2013-10-13,Sun,Seattle Seahawks,Tennessee Titans,20,13,Regular Season,2013
2013-10-13,Sun,San Francisco 49ers,Arizona Cardinals,32,20,Regular Season,2013
2013-10-13,Sun,New England Patriots,New Orleans Saints,30,27,Regular Season,2013
2013-10-13,Sun,Dallas Cowboys,Washington Redskins,31,16,Regular Season,2013
2013-10-14,Mon,San Diego Chargers,Indianapolis Colts,19,9,Regular Season,2013
2013-10-17,Thu,Seattle Seahawks,Arizona Cardinals,34,22,Regular Season,2013
2013-10-20,Sun,Atlanta Falcons,Tampa Bay Buccaneers,31,23,Regular Season,2013
2013-10-20,Sun,Buffalo Bills,Miami Dolphins,23,21,Regular Season,2013
2013-10-20,Sun,Cincinnati Bengals,Detroit Lions,27,24,Regular Season,2013
2013-10-20,Sun,Dallas Cowboys,Philadelphia Eagles,17,3,Regular Season,2013
2013-10-20,Sun,San Diego Chargers,Jacksonville Jaguars,24,6,Regular Season,2013
2013-10-20,Sun,Carolina Panthers,St. Louis Rams,30,15,Regular Season,2013
2013-10-20,Sun,New York Jets,New England Patriots,30,27,Regular Season,2013
2013-10-20,Sun,Washington Redskins,Chicago Bears,45,41,Regular Season,2013
2013-10-20,Sun,San Francisco 49ers,Tennessee Titans,31,17,Regular Season,2013
2013-10-20,Sun,Pittsburgh Steelers,Baltimore Ravens,19,16,Regular Season,2013
2013-10-20,Sun,Green Bay Packers,Cleveland Browns,31,13,Regular Season,2013
2013-10-20,Sun,Kansas City Chiefs,Houston Texans,17,16,Regular Season,2013
2013-10-20,Sun,Indianapolis Colts,Denver Broncos,39,33,Regular Season,2013
2013-10-21,Mon,New York Giants,Minnesota Vikings,23,7,Regular Season,2013
2013-10-24,Thu,Carolina Panthers,Tampa Bay Buccaneers,31,13,Regular Season,2013
2013-10-27,Sun,New England Patriots,Miami Dolphins,27,17,Regular Season,2013
2013-10-27,Sun,New Orleans Saints,Buffalo Bills,35,17,Regular Season,2013
2013-10-27,Sun,Kansas City Chiefs,Cleveland Browns,23,17,Regular Season,2013
2013-10-27,Sun,New York Giants,Philadelphia Eagles,15,7,Regular Season,2013
2013-10-27,Sun,Detroit Lions,Dallas Cowboys,31,30,Regular Season,2013
2013-10-27,Sun,San Francisco 49ers,Jacksonville Jaguars,42,10,Regular Season,2013
2013-10-27,Sun,Oakland Raiders,Pittsburgh Steelers,21,18,Regular Season,2013
2013-10-27,Sun,Cincinnati Bengals,New York Jets,49,9,Regular Season,2013
2013-10-27,Sun,Arizona Cardinals,Atlanta Falcons,27,13,Regular Season,2013
2013-10-27,Sun,Denver Broncos,Washington Redskins,45,21,Regular Season,2013
2013-10-27,Sun,Green Bay Packers,Minnesota Vikings,44,31,Regular Season,2013
2013-10-28,Mon,Seattle Seahawks,St. Louis Rams,14,9,Regular Season,2013
2013-10-31,Thu,Miami Dolphins,Cincinnati Bengals,22,20,Regular Season,2013
2013-11-03,Sun,Tennessee Titans,St. Louis Rams,28,21,Regular Season,2013
2013-11-03,Sun,Kansas City Chiefs,Buffalo Bills,23,13,Regular Season,2013
2013-11-03,Sun,Carolina Panthers,Atlanta Falcons,34,10,Regular Season,2013
2013-11-03,Sun,Washington Redskins,San Diego Chargers,30,24,Regular Season,2013
2013-11-03,Sun,Dallas Cowboys,Minnesota Vikings,27,23,Regular Season,2013
2013-11-03,Sun,New York Jets,New Orleans Saints,26,20,Regular Season,2013
2013-11-03,Sun,Philadelphia Eagles,Oakland Raiders,49,20,Regular Season,2013
2013-11-03,Sun,Seattle Seahawks,Tampa Bay Buccaneers,27,24,Regular Season,2013
2013-11-03,Sun,Cleveland Browns,Baltimore Ravens,24,18,Regular Season,2013
2013-11-03,Sun,New England Patriots,Pittsburgh Steelers,55,31,Regular Season,2013
2013-11-03,Sun,Indianapolis Colts,Houston Texans,27,24,Regular Season,2013
2013-11-04,Mon,Chicago Bears,Green Bay Packers,27,20,Regular Season,2013
2013-11-07,Thu,Minnesota Vikings,Washington Redskins,34,27,Regular Season,2013
2013-11-10,Sun,Philadelphia Eagles,Green Bay Packers,27,13,Regular Season,2013
2013-11-10,Sun,Jacksonville Jaguars,Tennessee Titans,29,27,Regular Season,2013
2013-11-10,Sun,Pittsburgh Steelers,Buffalo Bills,23,10,Regular Season,2013
2013-11-10,Sun,Baltimore Ravens,Cincinnati Bengals,20,17,Regular Season,2013
2013-11-10,Sun,Seattle Seahawks,Atlanta Falcons,33,10,Regular Season,2013
2013-11-10,Sun,Detroit Lions,Chicago Bears,21,19,Regular Season,2013
2013-11-10,Sun,St. Louis Rams,Indianapolis Colts,38,8,Regular Season,2013
2013-11-10,Sun,New York Giants,Oakland Raiders,24,20,Regular Season,2013
2013-11-10,Sun,Carolina Panthers,San Francisco 49ers,10,9,Regular Season,2013
2013-11-10,Sun,Arizona Cardinals,Houston Texans,27,24,Regular Season,2013
2013-11-10,Sun,Denver Broncos,San Diego Chargers,28,20,Regular Season,2013
2013-11-10,Sun,New Orleans Saints,Dallas Cowboys,49,17,Regular Season,2013
2013-11-11,Mon,Tampa Bay Buccaneers,Miami Dolphins,22,19,Regular Season,2013
2013-11-14,Thu,Indianapolis Colts,Tennessee Titans,30,27,Regular Season,2013
2013-11-17,Sun,Chicago Bears,Baltimore Ravens,23,20,Regular Season,2013
2013-11-17,Sun,Pittsburgh Steelers,Detroit Lions,37,27,Regular Season,2013
2013-11-17,Sun,Buffalo Bills,New York Jets,37,14,Regular Season,2013
2013-11-17,Sun,Cincinnati Bengals,Cleveland Browns,41,20,Regular Season,2013
2013-11-17,Sun,Philadelphia Eagles,Washington Redskins,24,16,Regular Season,2013
2013-11-17,Sun,Tampa Bay Buccaneers,Atlanta Falcons,41,28,Regular Season,2013
2013-11-17,Sun,Oakland Raiders,Houston Texans,28,23,Regular Season,2013
2013-11-17,Sun,Arizona Cardinals,Jacksonville Jaguars,27,14,Regular Season,2013
2013-11-17,Sun,Miami Dolphins,San Diego Chargers,20,16,Regular Season,2013
2013-11-17,Sun,New York Giants,Green Bay Packers,27,13,Regular Season,2013
2013-11-17,Sun,New Orleans Saints,San Francisco 49ers,23,20,Regular Season,2013
2013-11-17,Sun,Seattle Seahawks,Minnesota Vikings,41,20,Regular Season,2013
2013-11-17,Sun,Denver Broncos,Kansas City Chiefs,27,17,Regular Season,2013
2013-11-18,Mon,Carolina Panthers,New England Patriots,24,20,Regular Season,2013
2013-11-21,Thu,New Orleans Saints,Atlanta Falcons,17,13,Regular Season,2013
2013-11-24,Sun,St. Louis Rams,Chicago Bears,42,21,Regular Season,2013
2013-11-24,Sun,Minnesota Vikings,Green Bay Packers,26,26,Regular Season,2013
2013-11-24,Sun,Jacksonville Jaguars,Houston Texans,13,6,Regular Season,2013
2013-11-24,Sun,Baltimore Ravens,New York Jets,19,3,Regular Season,2013
2013-11-24,Sun,Carolina Panthers,Miami Dolphins,20,16,Regular Season,2013
2013-11-24,Sun,Pittsburgh Steelers,Cleveland Browns,27,11,Regular Season,2013
2013-11-24,Sun,Tampa Bay Buccaneers,Detroit Lions,24,21,Regular Season,2013
2013-11-24,Sun,San Diego Chargers,Kansas City Chiefs,41,38,Regular Season,2013
2013-11-24,Sun,Arizona Cardinals,Indianapolis Colts,40,11,Regular Season,2013
2013-11-24,Sun,Tennessee Titans,Oakland Raiders,23,19,Regular Season,2013
2013-11-24,Sun,Dallas Cowboys,New York Giants,24,21,Regular Season,2013
2013-11-24,Sun,New England Patriots,Denver Broncos,34,31,Regular Season,2013
2013-11-25,Mon,San Francisco 49ers,Washington Redskins,27,6,Regular Season,2013
2013-11-28,Thu,Detroit Lions,Green Bay Packers,40,10,Regular Season,2013
2013-11-28,Thu,Dallas Cowboys,Oakland Raiders,31,24,Regular Season,2013
2013-11-28,Thu,Baltimore Ravens,Pittsburgh Steelers,22,20,Regular Season,2013
2013-12-01,Sun,Jacksonville Jaguars,Cleveland Browns,32,28,Regular Season,2013
2013-12-01,Sun,Indianapolis Colts,Tennessee Titans,22,14,Regular Season,2013
2013-12-01,Sun,Philadelphia Eagles,Arizona Cardinals,24,21,Regular Season,2013
2013-12-01,Sun,New England Patriots,Houston Texans,34,31,Regular Season,2013
2013-12-01,Sun,Miami Dolphins,New York Jets,23,3,Regular Season,2013
2013-12-01,Sun,Carolina Panthers,Tampa Bay Buccaneers,27,6,Regular Season,2013
2013-12-01,Sun,Minnesota Vikings,Chicago Bears,23,20,Regular Season,2013
2013-12-01,Sun,Atlanta Falcons,Buffalo Bills,34,31,Regular Season,2013
2013-12-01,Sun,San Francisco 49ers,St. Louis Rams,23,13,Regular Season,2013
2013-12-01,Sun,Cincinnati Bengals,San Diego Chargers,17,10,Regular Season,2013
2013-12-01,Sun,Denver Broncos,Kansas City Chiefs,35,28,Regular Season,2013
2013-12-01,Sun,New York Giants,Washington Redskins,24,17,Regular Season,2013
2013-12-02,Mon,Seattle Seahawks,New Orleans Saints,34,7,Regular Season,2013
2013-12-05,Thu,Jacksonville Jaguars,Houston Texans,27,20,Regular Season,2013
2013-12-08,Sun,Green Bay Packers,Atlanta Falcons,22,21,Regular Season,2013
2013-12-08,Sun,Tampa Bay Buccaneers,Buffalo Bills,27,6,Regular Season,2013
2013-12-08,Sun,Cincinnati Bengals,Indianapolis Colts,42,28,Regular Season,2013
2013-12-08,Sun,New England Patriots,Cleveland Browns,27,26,Regular Season,2013
2013-12-08,Sun,Philadelphia Eagles,Detroit Lions,34,20,Regular Season,2013
2013-12-08,Sun,Miami Dolphins,Pittsburgh Steelers,34,28,Regular Season,2013
2013-12-08,Sun,New York Jets,Oakland Raiders,37,27,Regular Season,2013
2013-12-08,Sun,Kansas City Chiefs,Washington Redskins,45,10,Regular Season,2013
2013-12-08,Sun,Baltimore Ravens,Minnesota Vikings,29,26,Regular Season,2013
2013-12-08,Sun,Denver Broncos,Tennessee Titans,51,28,Regular Season,2013
2013-12-08,Sun,Arizona Cardinals,St. Louis Rams,30,10,Regular Season,2013
2013-12-08,Sun,San Diego Chargers,New York Giants,37,14,Regular Season,2013
2013-12-08,Sun,San Francisco 49ers,Seattle Seahawks,19,17,Regular Season,2013
2013-12-08,Sun,New Orleans Saints,Carolina Panthers,31,13,Regular Season,2013
2013-12-09,Mon,Chicago Bears,Dallas Cowboys,45,28,Regular Season,2013
2013-12-12,Thu,San Diego Chargers,Denver Broncos,27,20,Regular Season,2013
2013-12-15,Sun,Buffalo Bills,Jacksonville Jaguars,27,20,Regular Season,2013
2013-12-15,Sun,Indianapolis Colts,Houston Texans,25,3,Regular Season,2013
2013-12-15,Sun,Miami Dolphins,New England Patriots,24,20,Regular Season,2013
2013-12-15,Sun,Minnesota Vikings,Philadelphia Eagles,48,30,Regular Season,2013
2013-12-15,Sun,San Francisco 49ers,Tampa Bay Buccaneers,33,14,Regular Season,2013
2013-12-15,Sun,Atlanta Falcons,Washington Redskins,27,26,Regular Season,2013
2013-12-15,Sun,Chicago Bears,Cleveland Browns,38,31,Regular Season,2013
2013-12-15,Sun,Seattle Seahawks,New York Giants,23,0,Regular Season,2013
2013-12-15,Sun,Carolina Panthers,New York Jets,30,20,Regular Season,2013
2013-12-15,Sun,Kansas City Chiefs,Oakland Raiders,56,31,Regular Season,2013
2013-12-15,Sun,Green Bay Packers,Dallas Cowboys,37,36,Regular Season,2013
2013-12-15,Sun,St. Louis Rams,New Orleans Saints,27,16,Regular Season,2013
2013-12-15,Sun,Arizona Cardinals,Tennessee Titans,37,34,Regular Season,2013
2013-12-15,Sun,Pittsburgh Steelers,Cincinnati Bengals,30,20,Regular Season,2013
2013-12-16,Mon,Baltimore Ravens,Detroit Lions,18,16,Regular Season,2013
2013-12-22,Sun,St. Louis Rams,Tampa Bay Buccaneers,23,13,Regular Season,2013
2013-12-22,Sun,Buffalo Bills,Miami Dolphins,19,0,Regular Season,2013
2013-12-22,Sun,Cincinnati Bengals,Minnesota Vikings,42,14,Regular Season,2013
2013-12-22,Sun,New York Jets,Cleveland Browns,24,13,Regular Season,2013
2013-12-22,Sun,Indianapolis Colts,Kansas City Chiefs,23,7,Regular Season,2013
2013-12-22,Sun,Denver Broncos,Houston Texans,37,13,Regular Season,2013
2013-12-22,Sun,Tennessee Titans,Jacksonville Jaguars,20,16,Regular Season,2013
2013-12-22,Sun,Dallas Cowboys,Washington Redskins,24,23,Regular Season,2013
2013-12-22,Sun,Carolina Panthers,New Orleans Saints,17,13,Regular Season,2013
2013-12-22,Sun,New York Giants,Detroit Lions,23,20,Regular Season,2013
2013-12-22,Sun,Arizona Cardinals,Seattle Seahawks,17,10,Regular Season,2013
2013-12-22,Sun,Pittsburgh Steelers,Green Bay Packers,38,31,Regular Season,2013
2013-12-22,Sun,New England Patriots,Baltimore Ravens,41,7,Regular Season,2013
2013-12-22,Sun,San Diego Chargers,Oakland Raiders,26,13,Regular Season,2013
2013-12-22,Sun,Philadelphia Eagles,Chicago Bears,54,11,Regular Season,2013
2013-12-23,Mon,San Francisco 49ers,Atlanta Falcons,34,24,Regular Season,2013
2013-12-29,Sun,Cincinnati Bengals,Baltimore Ravens,34,17,Regular Season,2013
2013-12-29,Sun,Pittsburgh Steelers,Cleveland Browns,20,7,Regular Season,2013
2013-12-29,Sun,Indianapolis Colts,Jacksonville Jaguars,30,10,Regular Season,2013
2013-12-29,Sun,Tennessee Titans,Houston Texans,16,10,Regular Season,2013
2013-12-29,Sun,New York Jets,Miami Dolphins,20,7,Regular Season,2013
2013-12-29,Sun,New York Giants,Washington Redskins,20,6,Regular Season,2013
2013-12-29,Sun,Carolina Panthers,Atlanta Falcons,21,20,Regular Season,2013
2013-12-29,Sun,Minnesota Vikings,Detroit Lions,14,13,Regular Season,2013
2013-12-29,Sun,New England Patriots,Buffalo Bills,34,20,Regular Season,2013
2013-12-29,Sun,Green Bay Packers,Chicago Bears,33,28,Regular Season,2013
2013-12-29,Sun,San Francisco 49ers,Arizona Cardinals,23,20,Regular Season,2013
2013-12-29,Sun,Denver Broncos,Oakland Raiders,34,14,Regular Season,2013
2013-12-29,Sun,New Orleans Saints,Tampa Bay Buccaneers,42,17,Regular Season,2013
2013-12-29,Sun,San Diego Chargers,Kansas City Chiefs,27,24,Regular Season,2013
2013-12-29,Sun,Seattle Seahawks,St. Louis Rams,27,9,Regular Season,2013
2013-12-29,Sun,Philadelphia Eagles,Dallas Cowboys,24,22,Regular Season,2013
Playoffs,,,,,,Playoff,2013
2014-01-04,Sat,Indianapolis Colts,Kansas City Chiefs,45,44,Playoff,2013
2014-01-04,Sat,New Orleans Saints,Philadelphia Eagles,26,24,Playoff,2013
2014-01-05,Sun,San Diego Chargers,Cincinnati Bengals,27,10,Playoff,2013
2014-01-05,Sun,San Francisco 49ers,Green Bay Packers,23,20,Playoff,2013
2014-01-11,Sat,Seattle Seahawks,New Orleans Saints,23,15,Playoff,2013
2014-01-11,Sat,New England Patriots,Indianapolis Colts,43,22,Playoff,2013
2014-01-12,Sun,San Francisco 49ers,Carolina Panthers,23,10,Playoff,2013
2014-01-12,Sun,Denver Broncos,San Diego Chargers,24,17,Playoff,2013
2014-01-19,Sun,Denver Broncos,New England Patriots,26,16,Playoff,2013
2014-01-19,Sun,Seattle Seahawks,San Francisco 49ers,23,17,Playoff,2013
2014-02-02,Sun,Seattle Seahawks,Denver Broncos,43,8,Playoff,2013
