Date,DOW,WT,LT,WTS,LTS,Type,Season
2014-09-04,Thu,Seattle Seahawks,Green Bay Packers,36,16,Regular Season,2014
2014-09-07,Sun,Buffalo Bills,Chicago Bears,23,20,Regular Season,2014
2014-09-07,Sun,Minnesota Vikings,St. Louis Rams,34,6,Regular Season,2014
2014-09-07,Sun,Cincinnati Bengals,Baltimore Ravens,23,16,Regular Season,2014
2014-09-07,Sun,Pittsburgh Steelers,Cleveland Browns,30,27,Regular Season,2014
2014-09-07,Sun,Philadelphia Eagles,Jacksonville Jaguars,34,17,Regular Season,2014
2014-09-07,Sun,Tennessee Titans,Kansas City Chiefs,26,10,Regular Season,2014
2014-09-07,Sun,New York Jets,Oakland Raiders,19,14,Regular Season,2014
2014-09-07,Sun,Atlanta Falcons,New Orleans Saints,37,34,Regular Season,2014
2014-09-07,Sun,Houston Texans,Washington Redskins,17,6,Regular Season,2014
2014-09-07,Sun,Miami Dolphins,New England Patriots,33,20,Regular Season,2014
2014-09-07,Sun,Carolina Panthers,Tampa Bay Buccaneers,20,14,Regular Season,2014
2014-09-07,Sun,San Francisco 49ers,Dallas Cowboys,28,17,Regular Season,2014
2014-09-07,Sun,Denver Broncos,Indianapolis Colts,31,24,Regular Season,2014
2014-09-08,Mon,Detroit Lions,New York Giants,35,14,Regular Season,2014
2014-09-08,Mon,Arizona Cardinals,San Diego Chargers,18,17,Regular Season,2014
2014-09-11,Thu,Baltimore Ravens,Pittsburgh Steelers,26,6,Regular Season,2014
2014-09-14,Sun,Buffalo Bills,Miami Dolphins,29,10,Regular Season,2014
2014-09-14,Sun,Cleveland Browns,New Orleans Saints,26,24,Regular Season,2014
2014-09-14,Sun,Dallas Cowboys,Tennessee Titans,26,10,Regular Season,2014
2014-09-14,Sun,Carolina Panthers,Detroit Lions,24,7,Regular Season,2014
2014-09-14,Sun,Arizona Cardinals,New York Giants,25,14,Regular Season,2014
2014-09-14,Sun,Cincinnati Bengals,Atlanta Falcons,24,10,Regular Season,2014
2014-09-14,Sun,Washington Redskins,Jacksonville Jaguars,41,10,Regular Season,2014
2014-09-14,Sun,New England Patriots,Minnesota Vikings,30,7,Regular Season,2014
2014-09-14,Sun,St. Louis Rams,Tampa Bay Buccaneers,19,17,Regular Season,2014
2014-09-14,Sun,San Diego Chargers,Seattle Seahawks,30,21,Regular Season,2014
2014-09-14,Sun,Denver Broncos,Kansas City Chiefs,24,17,Regular Season,2014
2014-09-14,Sun,Green Bay Packers,New York Jets,31,24,Regular Season,2014
2014-09-14,Sun,Houston Texans,Oakland Raiders,30,14,Regular Season,2014
2014-09-14,Sun,Chicago Bears,San Francisco 49ers,28,20,Regular Season,2014
2014-09-15,Mon,Philadelphia Eagles,Indianapolis Colts,30,27,Regular Season,2014
2014-09-18,Thu,Atlanta Falcons,Tampa Bay Buccaneers,56,14,Regular Season,2014
2014-09-21,Sun,Dallas Cowboys,St. Louis Rams,34,31,Regular Season,2014
2014-09-21,Sun,San Diego Chargers,Buffalo Bills,22,10,Regular Season,2014
2014-09-21,Sun,Cincinnati Bengals,Tennessee Titans,33,7,Regular Season,2014
2014-09-21,Sun,Baltimore Ravens,Cleveland Browns,23,21,Regular Season,2014
2014-09-21,Sun,Indianapolis Colts,Jacksonville Jaguars,44,17,Regular Season,2014
2014-09-21,Sun,Detroit Lions,Green Bay Packers,19,7,Regular Season,2014
2014-09-21,Sun,New York Giants,Houston Texans,30,17,Regular Season,2014
2014-09-21,Sun,New England Patriots,Oakland Raiders,16,9,Regular Season,2014
2014-09-21,Sun,Philadelphia Eagles,Washington Redskins,37,34,Regular Season,2014
2014-09-21,Sun,New Orleans Saints,Minnesota Vikings,20,9,Regular Season,2014
2014-09-21,Sun,Arizona Cardinals,San Francisco 49ers,23,14,Regular Season,2014
2014-09-21,Sun,Seattle Seahawks,Denver Broncos,26,20,Regular Season,2014
2014-09-21,Sun,Kansas City Chiefs,Miami Dolphins,34,15,Regular Season,2014
2014-09-21,Sun,Pittsburgh Steelers,Carolina Panthers,37,19,Regular Season,2014
2014-09-22,Mon,Chicago Bears,New York Jets,27,19,Regular Season,2014
2014-09-25,Thu,New York Giants,Washington Redskins,45,14,Regular Season,2014
2014-09-28,Sun,Houston Texans,Buffalo Bills,23,17,Regular Season,2014
2014-09-28,Sun,Baltimore Ravens,Carolina Panthers,38,10,Regular Season,2014
2014-09-28,Sun,Green Bay Packers,Chicago Bears,38,17,Regular Season,2014
2014-09-28,Sun,Detroit Lions,New York Jets,24,17,Regular Season,2014
2014-09-28,Sun,Indianapolis Colts,Tennessee Titans,41,17,Regular Season,2014
2014-09-28,Sun,Tampa Bay Buccaneers,Pittsburgh Steelers,27,24,Regular Season,2014
2014-09-28,Sun,Miami Dolphins,Oakland Raiders,38,14,Regular Season,2014
2014-09-28,Sun,San Diego Chargers,Jacksonville Jaguars,33,14,Regular Season,2014
2014-09-28,Sun,Minnesota Vikings,Atlanta Falcons,41,28,Regular Season,2014
2014-09-28,Sun,San Francisco 49ers,Philadelphia Eagles,26,21,Regular Season,2014
2014-09-28,Sun,Dallas Cowboys,New Orleans Saints,38,17,Regular Season,2014
2014-09-29,Mon,Kansas City Chiefs,New England Patriots,41,14,Regular Season,2014
2014-10-02,Thu,Green Bay Packers,Minnesota Vikings,42,10,Regular Season,2014
2014-10-05,Sun,Cleveland Browns,Tennessee Titans,29,28,Regular Season,2014
2014-10-05,Sun,Pittsburgh Steelers,Jacksonville Jaguars,17,9,Regular Season,2014
2014-10-05,Sun,Philadelphia Eagles,St. Louis Rams,34,28,Regular Season,2014
2014-10-05,Sun,New York Giants,Atlanta Falcons,30,20,Regular Season,2014
2014-10-05,Sun,Buffalo Bills,Detroit Lions,17,14,Regular Season,2014
2014-10-05,Sun,Carolina Panthers,Chicago Bears,31,24,Regular Season,2014
2014-10-05,Sun,Indianapolis Colts,Baltimore Ravens,20,13,Regular Season,2014
2014-10-05,Sun,Dallas Cowboys,Houston Texans,20,17,Regular Season,2014
2014-10-05,Sun,New Orleans Saints,Tampa Bay Buccaneers,37,31,Regular Season,2014
2014-10-05,Sun,Denver Broncos,Arizona Cardinals,41,20,Regular Season,2014
2014-10-05,Sun,San Francisco 49ers,Kansas City Chiefs,22,17,Regular Season,2014
2014-10-05,Sun,San Diego Chargers,New York Jets,31,0,Regular Season,2014
2014-10-05,Sun,New England Patriots,Cincinnati Bengals,43,17,Regular Season,2014
2014-10-06,Mon,Seattle Seahawks,Washington Redskins,27,17,Regular Season,2014
2014-10-09,Thu,Indianapolis Colts,Houston Texans,33,28,Regular Season,2014
2014-10-12,Sun,Cleveland Browns,Pittsburgh Steelers,31,10,Regular Season,2014
2014-10-12,Sun,Denver Broncos,New York Jets,31,17,Regular Season,2014
2014-10-12,Sun,New England Patriots,Buffalo Bills,37,22,Regular Season,2014
2014-10-12,Sun,Detroit Lions,Minnesota Vikings,17,3,Regular Season,2014
2014-10-12,Sun,Green Bay Packers,Miami Dolphins,27,24,Regular Season,2014
2014-10-12,Sun,Tennessee Titans,Jacksonville Jaguars,16,14,Regular Season,2014
2014-10-12,Sun,Baltimore Ravens,Tampa Bay Buccaneers,48,17,Regular Season,2014
2014-10-12,Sun,Cincinnati Bengals,Carolina Panthers,37,37,Regular Season,2014
2014-10-12,Sun,San Diego Chargers,Oakland Raiders,31,28,Regular Season,2014
2014-10-12,Sun,Arizona Cardinals,Washington Redskins,30,20,Regular Season,2014
2014-10-12,Sun,Chicago Bears,Atlanta Falcons,27,13,Regular Season,2014
2014-10-12,Sun,Dallas Cowboys,Seattle Seahawks,30,23,Regular Season,2014
2014-10-12,Sun,Philadelphia Eagles,New York Giants,27,0,Regular Season,2014
2014-10-13,Mon,San Francisco 49ers,St. Louis Rams,31,17,Regular Season,2014
2014-10-16,Thu,New England Patriots,New York Jets,27,25,Regular Season,2014
2014-10-19,Sun,St. Louis Rams,Seattle Seahawks,28,26,Regular Season,2014
2014-10-19,Sun,Miami Dolphins,Chicago Bears,27,14,Regular Season,2014
2014-10-19,Sun,Indianapolis Colts,Cincinnati Bengals,27,0,Regular Season,2014
2014-10-19,Sun,Jacksonville Jaguars,Cleveland Browns,24,6,Regular Season,2014
2014-10-19,Sun,Baltimore Ravens,Atlanta Falcons,29,7,Regular Season,2014
2014-10-19,Sun,Buffalo Bills,Minnesota Vikings,17,16,Regular Season,2014
2014-10-19,Sun,Green Bay Packers,Carolina Panthers,38,17,Regular Season,2014
2014-10-19,Sun,Detroit Lions,New Orleans Saints,24,23,Regular Season,2014
2014-10-19,Sun,Washington Redskins,Tennessee Titans,19,17,Regular Season,2014
2014-10-19,Sun,Kansas City Chiefs,San Diego Chargers,23,20,Regular Season,2014
2014-10-19,Sun,Arizona Cardinals,Oakland Raiders,24,13,Regular Season,2014
2014-10-19,Sun,Dallas Cowboys,New York Giants,31,21,Regular Season,2014
2014-10-19,Sun,Denver Broncos,San Francisco 49ers,42,17,Regular Season,2014
2014-10-20,Mon,Pittsburgh Steelers,Houston Texans,30,23,Regular Season,2014
2014-10-23,Thu,Denver Broncos,San Diego Chargers,35,21,Regular Season,2014
2014-10-26,Sun,Detroit Lions,Atlanta Falcons,22,21,Regular Season,2014
2014-10-26,Sun,Cincinnati Bengals,Baltimore Ravens,27,24,Regular Season,2014
2014-10-26,Sun,Buffalo Bills,New York Jets,43,23,Regular Season,2014
2014-10-26,Sun,New England Patriots,Chicago Bears,51,23,Regular Season,2014
2014-10-26,Sun,Miami Dolphins,Jacksonville Jaguars,27,13,Regular Season,2014
2014-10-26,Sun,Houston Texans,Tennessee Titans,30,16,Regular Season,2014
2014-10-26,Sun,Minnesota Vikings,Tampa Bay Buccaneers,19,13,Regular Season,2014
2014-10-26,Sun,Kansas City Chiefs,St. Louis Rams,34,7,Regular Season,2014
2014-10-26,Sun,Seattle Seahawks,Carolina Panthers,13,9,Regular Season,2014
2014-10-26,Sun,Arizona Cardinals,Philadelphia Eagles,24,20,Regular Season,2014
2014-10-26,Sun,Cleveland Browns,Oakland Raiders,23,13,Regular Season,2014
2014-10-26,Sun,Pittsburgh Steelers,Indianapolis Colts,51,34,Regular Season,2014
2014-10-26,Sun,New Orleans Saints,Green Bay Packers,44,23,Regular Season,2014
2014-10-27,Mon,Washington Redskins,Dallas Cowboys,20,17,Regular Season,2014
2014-10-30,Thu,New Orleans Saints,Carolina Panthers,28,10,Regular Season,2014
2014-11-02,Sun,Cincinnati Bengals,Jacksonville Jaguars,33,23,Regular Season,2014
2014-11-02,Sun,Cleveland Browns,Tampa Bay Buccaneers,22,17,Regular Season,2014
2014-11-02,Sun,Miami Dolphins,San Diego Chargers,37,0,Regular Season,2014
2014-11-02,Sun,Kansas City Chiefs,New York Jets,24,10,Regular Season,2014
2014-11-02,Sun,Philadelphia Eagles,Houston Texans,31,21,Regular Season,2014
2014-11-02,Sun,Minnesota Vikings,Washington Redskins,29,26,Regular Season,2014
2014-11-02,Sun,Arizona Cardinals,Dallas Cowboys,28,17,Regular Season,2014
2014-11-02,Sun,St. Louis Rams,San Francisco 49ers,13,10,Regular Season,2014
2014-11-02,Sun,New England Patriots,Denver Broncos,43,21,Regular Season,2014
2014-11-02,Sun,Seattle Seahawks,Oakland Raiders,30,24,Regular Season,2014
2014-11-02,Sun,Pittsburgh Steelers,Baltimore Ravens,43,23,Regular Season,2014
2014-11-03,Mon,Indianapolis Colts,New York Giants,40,24,Regular Season,2014
2014-11-06,Thu,Cleveland Browns,Cincinnati Bengals,24,3,Regular Season,2014
2014-11-09,Sun,Kansas City Chiefs,Buffalo Bills,17,13,Regular Season,2014
2014-11-09,Sun,Detroit Lions,Miami Dolphins,20,16,Regular Season,2014
2014-11-09,Sun,New York Jets,Pittsburgh Steelers,20,13,Regular Season,2014
2014-11-09,Sun,San Francisco 49ers,New Orleans Saints,27,24,Regular Season,2014
2014-11-09,Sun,Baltimore Ravens,Tennessee Titans,21,7,Regular Season,2014
2014-11-09,Sun,Atlanta Falcons,Tampa Bay Buccaneers,27,17,Regular Season,2014
2014-11-09,Sun,Dallas Cowboys,Jacksonville Jaguars,31,17,Regular Season,2014
2014-11-09,Sun,Denver Broncos,Oakland Raiders,41,17,Regular Season,2014
2014-11-09,Sun,Arizona Cardinals,St. Louis Rams,31,14,Regular Season,2014
2014-11-09,Sun,Seattle Seahawks,New York Giants,38,17,Regular Season,2014
2014-11-09,Sun,Green Bay Packers,Chicago Bears,55,14,Regular Season,2014
2014-11-10,Mon,Philadelphia Eagles,Carolina Panthers,45,21,Regular Season,2014
2014-11-13,Thu,Miami Dolphins,Buffalo Bills,22,9,Regular Season,2014
2014-11-16,Sun,St. Louis Rams,Denver Broncos,22,7,Regular Season,2014
2014-11-16,Sun,Chicago Bears,Minnesota Vikings,21,13,Regular Season,2014
2014-11-16,Sun,Cincinnati Bengals,New Orleans Saints,27,10,Regular Season,2014
2014-11-16,Sun,Atlanta Falcons,Carolina Panthers,19,17,Regular Season,2014
2014-11-16,Sun,Houston Texans,Cleveland Browns,23,7,Regular Season,2014
2014-11-16,Sun,San Francisco 49ers,New York Giants,16,10,Regular Season,2014
2014-11-16,Sun,Tampa Bay Buccaneers,Washington Redskins,27,7,Regular Season,2014
2014-11-16,Sun,Kansas City Chiefs,Seattle Seahawks,24,20,Regular Season,2014
2014-11-16,Sun,San Diego Chargers,Oakland Raiders,13,6,Regular Season,2014
2014-11-16,Sun,Arizona Cardinals,Detroit Lions,14,6,Regular Season,2014
2014-11-16,Sun,Green Bay Packers,Philadelphia Eagles,53,20,Regular Season,2014
2014-11-16,Sun,New England Patriots,Indianapolis Colts,42,20,Regular Season,2014
2014-11-17,Mon,Pittsburgh Steelers,Tennessee Titans,27,24,Regular Season,2014
2014-11-20,Thu,Oakland Raiders,Kansas City Chiefs,24,20,Regular Season,2014
2014-11-23,Sun,Cleveland Browns,Atlanta Falcons,26,24,Regular Season,2014
2014-11-23,Sun,Chicago Bears,Tampa Bay Buccaneers,21,13,Regular Season,2014
2014-11-23,Sun,Cincinnati Bengals,Houston Texans,22,13,Regular Season,2014
2014-11-23,Sun,Indianapolis Colts,Jacksonville Jaguars,23,3,Regular Season,2014
2014-11-23,Sun,New England Patriots,Detroit Lions,34,9,Regular Season,2014
2014-11-23,Sun,Philadelphia Eagles,Tennessee Titans,43,24,Regular Season,2014
2014-11-23,Sun,Green Bay Packers,Minnesota Vikings,24,21,Regular Season,2014
2014-11-23,Sun,San Diego Chargers,St. Louis Rams,27,24,Regular Season,2014
2014-11-23,Sun,Seattle Seahawks,Arizona Cardinals,19,3,Regular Season,2014
2014-11-23,Sun,Denver Broncos,Miami Dolphins,39,36,Regular Season,2014
2014-11-23,Sun,San Francisco 49ers,Washington Redskins,17,13,Regular Season,2014
2014-11-23,Sun,Dallas Cowboys,New York Giants,31,28,Regular Season,2014
2014-11-24,Mon,Buffalo Bills,New York Jets,38,3,Regular Season,2014
2014-11-24,Mon,Baltimore Ravens,New Orleans Saints,34,27,Regular Season,2014
2014-11-27,Thu,Detroit Lions,Chicago Bears,34,17,Regular Season,2014
2014-11-27,Thu,Philadelphia Eagles,Dallas Cowboys,33,10,Regular Season,2014
2014-11-27,Thu,Seattle Seahawks,San Francisco 49ers,19,3,Regular Season,2014
2014-11-30,Sun,St. Louis Rams,Oakland Raiders,52,0,Regular Season,2014
2014-11-30,Sun,Buffalo Bills,Cleveland Browns,26,10,Regular Season,2014
2014-11-30,Sun,Minnesota Vikings,Carolina Panthers,31,13,Regular Season,2014
2014-11-30,Sun,Cincinnati Bengals,Tampa Bay Buccaneers,14,13,Regular Season,2014
2014-11-30,Sun,Indianapolis Colts,Washington Redskins,49,27,Regular Season,2014
2014-11-30,Sun,Houston Texans,Tennessee Titans,45,21,Regular Season,2014
2014-11-30,Sun,New Orleans Saints,Pittsburgh Steelers,35,32,Regular Season,2014
2014-11-30,Sun,San Diego Chargers,Baltimore Ravens,34,33,Regular Season,2014
2014-11-30,Sun,Jacksonville Jaguars,New York Giants,25,24,Regular Season,2014
2014-11-30,Sun,Atlanta Falcons,Arizona Cardinals,29,18,Regular Season,2014
2014-11-30,Sun,Green Bay Packers,New England Patriots,26,21,Regular Season,2014
2014-11-30,Sun,Denver Broncos,Kansas City Chiefs,29,16,Regular Season,2014
2014-12-01,Mon,Miami Dolphins,New York Jets,16,13,Regular Season,2014
2014-12-04,Thu,Dallas Cowboys,Chicago Bears,41,28,Regular Season,2014
2014-12-07,Sun,Pittsburgh Steelers,Cincinnati Bengals,42,21,Regular Season,2014
2014-12-07,Sun,Detroit Lions,Tampa Bay Buccaneers,34,17,Regular Season,2014
2014-12-07,Sun,Baltimore Ravens,Miami Dolphins,28,13,Regular Season,2014
2014-12-07,Sun,Minnesota Vikings,New York Jets,30,24,Regular Season,2014
2014-12-07,Sun,Carolina Panthers,New Orleans Saints,41,10,Regular Season,2014
2014-12-07,Sun,Indianapolis Colts,Cleveland Browns,25,24,Regular Season,2014
2014-12-07,Sun,Houston Texans,Jacksonville Jaguars,27,13,Regular Season,2014
2014-12-07,Sun,New York Giants,Tennessee Titans,36,7,Regular Season,2014
2014-12-07,Sun,St. Louis Rams,Washington Redskins,24,0,Regular Season,2014
2014-12-07,Sun,Denver Broncos,Buffalo Bills,24,17,Regular Season,2014
2014-12-07,Sun,Arizona Cardinals,Kansas City Chiefs,17,14,Regular Season,2014
2014-12-07,Sun,Seattle Seahawks,Philadelphia Eagles,24,14,Regular Season,2014
2014-12-07,Sun,Oakland Raiders,San Francisco 49ers,24,13,Regular Season,2014
2014-12-07,Sun,New England Patriots,San Diego Chargers,23,14,Regular Season,2014
2014-12-08,Mon,Green Bay Packers,Atlanta Falcons,43,37,Regular Season,2014
2014-12-11,Thu,Arizona Cardinals,St. Louis Rams,12,6,Regular Season,2014
2014-12-14,Sun,Pittsburgh Steelers,Atlanta Falcons,27,20,Regular Season,2014
2014-12-14,Sun,Buffalo Bills,Green Bay Packers,21,13,Regular Season,2014
2014-12-14,Sun,Cincinnati Bengals,Cleveland Browns,30,0,Regular Season,2014
2014-12-14,Sun,Indianapolis Colts,Houston Texans,17,10,Regular Season,2014
2014-12-14,Sun,Baltimore Ravens,Jacksonville Jaguars,20,12,Regular Season,2014
2014-12-14,Sun,New England Patriots,Miami Dolphins,41,13,Regular Season,2014
2014-12-14,Sun,New York Giants,Washington Redskins,24,13,Regular Season,2014
2014-12-14,Sun,Carolina Panthers,Tampa Bay Buccaneers,19,17,Regular Season,2014
2014-12-14,Sun,Kansas City Chiefs,Oakland Raiders,31,13,Regular Season,2014
2014-12-14,Sun,Denver Broncos,San Diego Chargers,22,10,Regular Season,2014
2014-12-14,Sun,New York Jets,Tennessee Titans,16,11,Regular Season,2014
2014-12-14,Sun,Detroit Lions,Minnesota Vikings,16,14,Regular Season,2014
2014-12-14,Sun,Seattle Seahawks,San Francisco 49ers,17,7,Regular Season,2014
2014-12-14,Sun,Dallas Cowboys,Philadelphia Eagles,38,27,Regular Season,2014
2014-12-15,Mon,New Orleans Saints,Chicago Bears,31,15,Regular Season,2014
2014-12-18,Thu,Jacksonville Jaguars,Tennessee Titans,21,13,Regular Season,2014
2014-12-20,Sat,Washington Redskins,Philadelphia Eagles,27,24,Regular Season,2014
2014-12-20,Sat,San Diego Chargers,San Francisco 49ers,38,35,Regular Season,2014
2014-12-21,Sun,Houston Texans,Baltimore Ravens,25,13,Regular Season,2014
2014-12-21,Sun,Pittsburgh Steelers,Kansas City Chiefs,20,12,Regular Season,2014
2014-12-21,Sun,New England Patriots,New York Jets,17,16,Regular Season,2014
2014-12-21,Sun,Atlanta Falcons,New Orleans Saints,30,14,Regular Season,2014
2014-12-21,Sun,Detroit Lions,Chicago Bears,20,14,Regular Season,2014
2014-12-21,Sun,Green Bay Packers,Tampa Bay Buccaneers,20,3,Regular Season,2014
2014-12-21,Sun,Miami Dolphins,Minnesota Vikings,37,35,Regular Season,2014
2014-12-21,Sun,Carolina Panthers,Cleveland Browns,17,13,Regular Season,2014
2014-12-21,Sun,New York Giants,St. Louis Rams,37,27,Regular Season,2014
2014-12-21,Sun,Oakland Raiders,Buffalo Bills,26,24,Regular Season,2014
2014-12-21,Sun,Dallas Cowboys,Indianapolis Colts,42,7,Regular Season,2014
2014-12-21,Sun,Seattle Seahawks,Arizona Cardinals,35,6,Regular Season,2014
2014-12-22,Mon,Cincinnati Bengals,Denver Broncos,37,28,Regular Season,2014
2014-12-28,Sun,Buffalo Bills,New England Patriots,17,9,Regular Season,2014
2014-12-28,Sun,Minnesota Vikings,Chicago Bears,13,9,Regular Season,2014
2014-12-28,Sun,Baltimore Ravens,Cleveland Browns,20,10,Regular Season,2014
2014-12-28,Sun,Indianapolis Colts,Tennessee Titans,27,10,Regular Season,2014
2014-12-28,Sun,New York Jets,Miami Dolphins,37,24,Regular Season,2014
2014-12-28,Sun,Philadelphia Eagles,New York Giants,34,26,Regular Season,2014
2014-12-28,Sun,Houston Texans,Jacksonville Jaguars,23,17,Regular Season,2014
2014-12-28,Sun,Kansas City Chiefs,San Diego Chargers,19,7,Regular Season,2014
2014-12-28,Sun,New Orleans Saints,Tampa Bay Buccaneers,23,20,Regular Season,2014
2014-12-28,Sun,Dallas Cowboys,Washington Redskins,44,17,Regular Season,2014
2014-12-28,Sun,Carolina Panthers,Atlanta Falcons,34,3,Regular Season,2014
2014-12-28,Sun,San Francisco 49ers,Arizona Cardinals,20,17,Regular Season,2014
2014-12-28,Sun,Denver Broncos,Oakland Raiders,47,14,Regular Season,2014
2014-12-28,Sun,Green Bay Packers,Detroit Lions,30,20,Regular Season,2014
2014-12-28,Sun,Seattle Seahawks,St. Louis Rams,20,6,Regular Season,2014
2014-12-28,Sun,Pittsburgh Steelers,Cincinnati Bengals,27,17,Regular Season,2014
Playoffs,,,,,,Playoff,2014
2015-01-03,Sat,Carolina Panthers,Arizona Cardinals,27,16,Playoff,2014
2015-01-03,Sat,Baltimore Ravens,Pittsburgh Steelers,30,17,Playoff,2014
2015-01-04,Sun,Indianapolis Colts,Cincinnati Bengals,26,10,Playoff,2014
2015-01-04,Sun,Dallas Cowboys,Detroit Lions,24,20,Playoff,2014
2015-01-10,Sat,New England Patriots,Baltimore Ravens,35,31,Playoff,2014
2015-01-10,Sat,Seattle Seahawks,Carolina Panthers,31,17,Playoff,2014
2015-01-11,Sun,Green Bay Packers,Dallas Cowboys,26,21,Playoff,2014
2015-01-11,Sun,Indianapolis Colts,Denver Broncos,24,13,Playoff,2014
2015-01-18,Sun,Seattle Seahawks,Green Bay Packers,28,22,Playoff,2014
2015-01-18,Sun,New England Patriots,Indianapolis Colts,45,7,Playoff,2014
2015-02-01,Sun,New England Patriots,Seattle Seahawks,28,24,Playoff,2014
