Date,DOW,WT,LT,WTS,LTS,Type,Season
2015-09-10,Thu,New England Patriots,Pittsburgh Steelers,28,21,Regular Season,2015
2015-09-13,Sun,Green Bay Packers,Chicago Bears,31,23,Regular Season,2015
2015-09-13,Sun,St. Louis Rams,Seattle Seahawks,34,31,Regular Season,2015
2015-09-13,Sun,Kansas City Chiefs,Houston Texans,27,20,Regular Season,2015
2015-09-13,Sun,Miami Dolphins,Washington Redskins,17,10,Regular Season,2015
2015-09-13,Sun,Buffalo Bills,Indianapolis Colts,27,14,Regular Season,2015
2015-09-13,Sun,Carolina Panthers,Jacksonville Jaguars,20,9,Regular Season,2015
2015-09-13,Sun,New York Jets,Cleveland Browns,31,10,Regular Season,2015
2015-09-13,Sun,Arizona Cardinals,New Orleans Saints,31,19,Regular Season,2015
2015-09-13,Sun,San Diego Chargers,Detroit Lions,33,28,Regular Season,2015
2015-09-13,Sun,Cincinnati Bengals,Oakland Raiders,33,13,Regular Season,2015
2015-09-13,Sun,Denver Broncos,Baltimore Ravens,19,13,Regular Season,2015
2015-09-13,Sun,Tennessee Titans,Tampa Bay Buccaneers,42,14,Regular Season,2015
2015-09-13,Sun,Dallas Cowboys,New York Giants,27,26,Regular Season,2015
2015-09-14,Mon,Atlanta Falcons,Philadelphia Eagles,26,24,Regular Season,2015
2015-09-14,Mon,San Francisco 49ers,Minnesota Vikings,20,3,Regular Season,2015
2015-09-17,Thu,Denver Broncos,Kansas City Chiefs,31,24,Regular Season,2015
2015-09-20,Sun,Arizona Cardinals,Chicago Bears,48,23,Regular Season,2015
2015-09-20,Sun,Atlanta Falcons,New York Giants,24,20,Regular Season,2015
2015-09-20,Sun,New England Patriots,Buffalo Bills,40,32,Regular Season,2015
2015-09-20,Sun,Carolina Panthers,Houston Texans,24,17,Regular Season,2015
2015-09-20,Sun,Cleveland Browns,Tennessee Titans,28,14,Regular Season,2015
2015-09-20,Sun,Tampa Bay Buccaneers,New Orleans Saints,26,19,Regular Season,2015
2015-09-20,Sun,Pittsburgh Steelers,San Francisco 49ers,43,18,Regular Season,2015
2015-09-20,Sun,Cincinnati Bengals,San Diego Chargers,24,19,Regular Season,2015
2015-09-20,Sun,Minnesota Vikings,Detroit Lions,26,16,Regular Season,2015
2015-09-20,Sun,Washington Redskins,St. Louis Rams,24,10,Regular Season,2015
2015-09-20,Sun,Jacksonville Jaguars,Miami Dolphins,23,20,Regular Season,2015
2015-09-20,Sun,Oakland Raiders,Baltimore Ravens,37,33,Regular Season,2015
2015-09-20,Sun,Dallas Cowboys,Philadelphia Eagles,20,10,Regular Season,2015
2015-09-20,Sun,Green Bay Packers,Seattle Seahawks,27,17,Regular Season,2015
2015-09-21,Mon,New York Jets,Indianapolis Colts,20,7,Regular Season,2015
2015-09-24,Thu,New York Giants,Washington Redskins,32,21,Regular Season,2015
2015-09-27,Sun,Pittsburgh Steelers,St. Louis Rams,12,6,Regular Season,2015
2015-09-27,Sun,Cincinnati Bengals,Baltimore Ravens,28,24,Regular Season,2015
2015-09-27,Sun,Oakland Raiders,Cleveland Browns,27,20,Regular Season,2015
2015-09-27,Sun,Minnesota Vikings,San Diego Chargers,31,14,Regular Season,2015
2015-09-27,Sun,Atlanta Falcons,Dallas Cowboys,39,28,Regular Season,2015
2015-09-27,Sun,Carolina Panthers,New Orleans Saints,27,22,Regular Season,2015
2015-09-27,Sun,Indianapolis Colts,Tennessee Titans,35,33,Regular Season,2015
2015-09-27,Sun,Houston Texans,Tampa Bay Buccaneers,19,9,Regular Season,2015
2015-09-27,Sun,Philadelphia Eagles,New York Jets,24,17,Regular Season,2015
2015-09-27,Sun,New England Patriots,Jacksonville Jaguars,51,17,Regular Season,2015
2015-09-27,Sun,Arizona Cardinals,San Francisco 49ers,47,7,Regular Season,2015
2015-09-27,Sun,Buffalo Bills,Miami Dolphins,41,14,Regular Season,2015
2015-09-27,Sun,Seattle Seahawks,Chicago Bears,26,0,Regular Season,2015
2015-09-27,Sun,Denver Broncos,Detroit Lions,24,12,Regular Season,2015
2015-09-28,Mon,Green Bay Packers,Kansas City Chiefs,38,28,Regular Season,2015
2015-10-01,Thu,Baltimore Ravens,Pittsburgh Steelers,23,20,Regular Season,2015
2015-10-04,Sun,New York Jets,Miami Dolphins,27,14,Regular Season,2015
2015-10-04,Sun,Atlanta Falcons,Houston Texans,48,21,Regular Season,2015
2015-10-04,Sun,New York Giants,Buffalo Bills,24,10,Regular Season,2015
2015-10-04,Sun,Chicago Bears,Oakland Raiders,22,20,Regular Season,2015
2015-10-04,Sun,Indianapolis Colts,Jacksonville Jaguars,16,13,Regular Season,2015
2015-10-04,Sun,Carolina Panthers,Tampa Bay Buccaneers,37,23,Regular Season,2015
2015-10-04,Sun,Cincinnati Bengals,Kansas City Chiefs,36,21,Regular Season,2015
2015-10-04,Sun,Washington Redskins,Philadelphia Eagles,23,20,Regular Season,2015
2015-10-04,Sun,San Diego Chargers,Cleveland Browns,30,27,Regular Season,2015
2015-10-04,Sun,St. Louis Rams,Arizona Cardinals,24,22,Regular Season,2015
2015-10-04,Sun,Denver Broncos,Minnesota Vikings,23,20,Regular Season,2015
2015-10-04,Sun,Green Bay Packers,San Francisco 49ers,17,3,Regular Season,2015
2015-10-04,Sun,New Orleans Saints,Dallas Cowboys,26,20,Regular Season,2015
2015-10-05,Mon,Seattle Seahawks,Detroit Lions,13,10,Regular Season,2015
2015-10-08,Thu,Indianapolis Colts,Houston Texans,27,20,Regular Season,2015
2015-10-11,Sun,Atlanta Falcons,Washington Redskins,25,19,Regular Season,2015
2015-10-11,Sun,Chicago Bears,Kansas City Chiefs,18,17,Regular Season,2015
2015-10-11,Sun,Cleveland Browns,Baltimore Ravens,33,30,Regular Season,2015
2015-10-11,Sun,Green Bay Packers,St. Louis Rams,24,10,Regular Season,2015
2015-10-11,Sun,Tampa Bay Buccaneers,Jacksonville Jaguars,38,31,Regular Season,2015
2015-10-11,Sun,Buffalo Bills,Tennessee Titans,14,13,Regular Season,2015
2015-10-11,Sun,Cincinnati Bengals,Seattle Seahawks,27,24,Regular Season,2015
2015-10-11,Sun,Philadelphia Eagles,New Orleans Saints,39,17,Regular Season,2015
2015-10-11,Sun,Arizona Cardinals,Detroit Lions,42,17,Regular Season,2015
2015-10-11,Sun,New England Patriots,Dallas Cowboys,30,6,Regular Season,2015
2015-10-11,Sun,Denver Broncos,Oakland Raiders,16,10,Regular Season,2015
2015-10-11,Sun,New York Giants,San Francisco 49ers,30,27,Regular Season,2015
2015-10-12,Mon,Pittsburgh Steelers,San Diego Chargers,24,20,Regular Season,2015
2015-10-15,Thu,New Orleans Saints,Atlanta Falcons,31,21,Regular Season,2015
2015-10-18,Sun,New York Jets,Washington Redskins,34,20,Regular Season,2015
2015-10-18,Sun,Cincinnati Bengals,Buffalo Bills,34,21,Regular Season,2015
2015-10-18,Sun,Detroit Lions,Chicago Bears,37,34,Regular Season,2015
2015-10-18,Sun,Denver Broncos,Cleveland Browns,26,23,Regular Season,2015
2015-10-18,Sun,Houston Texans,Jacksonville Jaguars,31,20,Regular Season,2015
2015-10-18,Sun,Minnesota Vikings,Kansas City Chiefs,16,10,Regular Season,2015
2015-10-18,Sun,Miami Dolphins,Tennessee Titans,38,10,Regular Season,2015
2015-10-18,Sun,Pittsburgh Steelers,Arizona Cardinals,25,13,Regular Season,2015
2015-10-18,Sun,Carolina Panthers,Seattle Seahawks,27,23,Regular Season,2015
2015-10-18,Sun,Green Bay Packers,San Diego Chargers,27,20,Regular Season,2015
2015-10-18,Sun,San Francisco 49ers,Baltimore Ravens,25,20,Regular Season,2015
2015-10-18,Sun,New England Patriots,Indianapolis Colts,34,27,Regular Season,2015
2015-10-19,Mon,Philadelphia Eagles,New York Giants,27,7,Regular Season,2015
2015-10-22,Thu,Seattle Seahawks,San Francisco 49ers,20,3,Regular Season,2015
2015-10-25,Sun,Jacksonville Jaguars,Buffalo Bills,34,31,Regular Season,2015
2015-10-25,Sun,St. Louis Rams,Cleveland Browns,24,6,Regular Season,2015
2015-10-25,Sun,New England Patriots,New York Jets,30,23,Regular Season,2015
2015-10-25,Sun,Atlanta Falcons,Tennessee Titans,10,7,Regular Season,2015
2015-10-25,Sun,Minnesota Vikings,Detroit Lions,28,19,Regular Season,2015
2015-10-25,Sun,Miami Dolphins,Houston Texans,44,26,Regular Season,2015
2015-10-25,Sun,New Orleans Saints,Indianapolis Colts,27,21,Regular Season,2015
2015-10-25,Sun,Kansas City Chiefs,Pittsburgh Steelers,23,13,Regular Season,2015
2015-10-25,Sun,Washington Redskins,Tampa Bay Buccaneers,31,30,Regular Season,2015
2015-10-25,Sun,Oakland Raiders,San Diego Chargers,37,29,Regular Season,2015
2015-10-25,Sun,New York Giants,Dallas Cowboys,27,20,Regular Season,2015
2015-10-25,Sun,Carolina Panthers,Philadelphia Eagles,27,16,Regular Season,2015
2015-10-26,Mon,Arizona Cardinals,Baltimore Ravens,26,18,Regular Season,2015
2015-10-29,Thu,New England Patriots,Miami Dolphins,36,7,Regular Season,2015
2015-11-01,Sun,Kansas City Chiefs,Detroit Lions,45,10,Regular Season,2015
2015-11-01,Sun,Minnesota Vikings,Chicago Bears,23,20,Regular Season,2015
2015-11-01,Sun,St. Louis Rams,San Francisco 49ers,27,6,Regular Season,2015
2015-11-01,Sun,Cincinnati Bengals,Pittsburgh Steelers,16,10,Regular Season,2015
2015-11-01,Sun,Tampa Bay Buccaneers,Atlanta Falcons,23,20,Regular Season,2015
2015-11-01,Sun,Arizona Cardinals,Cleveland Browns,34,20,Regular Season,2015
2015-11-01,Sun,Houston Texans,Tennessee Titans,20,6,Regular Season,2015
2015-11-01,Sun,New Orleans Saints,New York Giants,52,49,Regular Season,2015
2015-11-01,Sun,Baltimore Ravens,San Diego Chargers,29,26,Regular Season,2015
2015-11-01,Sun,Oakland Raiders,New York Jets,34,20,Regular Season,2015
2015-11-01,Sun,Seattle Seahawks,Dallas Cowboys,13,12,Regular Season,2015
2015-11-01,Sun,Denver Broncos,Green Bay Packers,29,10,Regular Season,2015
2015-11-02,Mon,Carolina Panthers,Indianapolis Colts,29,26,Regular Season,2015
2015-11-05,Thu,Cincinnati Bengals,Cleveland Browns,31,10,Regular Season,2015
2015-11-08,Sun,Buffalo Bills,Miami Dolphins,33,17,Regular Season,2015
2015-11-08,Sun,New York Jets,Jacksonville Jaguars,28,23,Regular Season,2015
2015-11-08,Sun,Minnesota Vikings,St. Louis Rams,21,18,Regular Season,2015
2015-11-08,Sun,New England Patriots,Washington Redskins,27,10,Regular Season,2015
2015-11-08,Sun,Tennessee Titans,New Orleans Saints,34,28,Regular Season,2015
2015-11-08,Sun,Pittsburgh Steelers,Oakland Raiders,38,35,Regular Season,2015
2015-11-08,Sun,Carolina Panthers,Green Bay Packers,37,29,Regular Season,2015
2015-11-08,Sun,San Francisco 49ers,Atlanta Falcons,17,16,Regular Season,2015
2015-11-08,Sun,New York Giants,Tampa Bay Buccaneers,32,18,Regular Season,2015
2015-11-08,Sun,Indianapolis Colts,Denver Broncos,27,24,Regular Season,2015
2015-11-08,Sun,Philadelphia Eagles,Dallas Cowboys,33,27,Regular Season,2015
2015-11-09,Mon,Chicago Bears,San Diego Chargers,22,19,Regular Season,2015
2015-11-12,Thu,Buffalo Bills,New York Jets,22,17,Regular Season,2015
2015-11-15,Sun,Chicago Bears,St. Louis Rams,37,13,Regular Season,2015
2015-11-15,Sun,Carolina Panthers,Tennessee Titans,27,10,Regular Season,2015
2015-11-15,Sun,Detroit Lions,Green Bay Packers,18,16,Regular Season,2015
2015-11-15,Sun,Pittsburgh Steelers,Cleveland Browns,30,9,Regular Season,2015
2015-11-15,Sun,Tampa Bay Buccaneers,Dallas Cowboys,10,6,Regular Season,2015
2015-11-15,Sun,Jacksonville Jaguars,Baltimore Ravens,22,20,Regular Season,2015
2015-11-15,Sun,Miami Dolphins,Philadelphia Eagles,20,19,Regular Season,2015
2015-11-15,Sun,Washington Redskins,New Orleans Saints,47,14,Regular Season,2015
2015-11-15,Sun,Minnesota Vikings,Oakland Raiders,30,14,Regular Season,2015
2015-11-15,Sun,Kansas City Chiefs,Denver Broncos,29,13,Regular Season,2015
2015-11-15,Sun,New England Patriots,New York Giants,27,26,Regular Season,2015
2015-11-15,Sun,Arizona Cardinals,Seattle Seahawks,39,32,Regular Season,2015
2015-11-16,Mon,Houston Texans,Cincinnati Bengals,10,6,Regular Season,2015
2015-11-19,Thu,Jacksonville Jaguars,Tennessee Titans,19,13,Regular Season,2015
2015-11-22,Sun,Indianapolis Colts,Atlanta Falcons,24,21,Regular Season,2015
2015-11-22,Sun,Carolina Panthers,Washington Redskins,44,16,Regular Season,2015
2015-11-22,Sun,Denver Broncos,Chicago Bears,17,15,Regular Season,2015
2015-11-22,Sun,Detroit Lions,Oakland Raiders,18,13,Regular Season,2015
2015-11-22,Sun,Tampa Bay Buccaneers,Philadelphia Eagles,45,17,Regular Season,2015
2015-11-22,Sun,Baltimore Ravens,St. Louis Rams,16,13,Regular Season,2015
2015-11-22,Sun,Dallas Cowboys,Miami Dolphins,24,14,Regular Season,2015
2015-11-22,Sun,Houston Texans,New York Jets,24,17,Regular Season,2015
2015-11-22,Sun,Kansas City Chiefs,San Diego Chargers,33,3,Regular Season,2015
2015-11-22,Sun,Green Bay Packers,Minnesota Vikings,30,13,Regular Season,2015
2015-11-22,Sun,Seattle Seahawks,San Francisco 49ers,29,13,Regular Season,2015
2015-11-22,Sun,Arizona Cardinals,Cincinnati Bengals,34,31,Regular Season,2015
2015-11-23,Mon,New England Patriots,Buffalo Bills,20,13,Regular Season,2015
2015-11-26,Thu,Detroit Lions,Philadelphia Eagles,45,14,Regular Season,2015
2015-11-26,Thu,Carolina Panthers,Dallas Cowboys,33,14,Regular Season,2015
2015-11-26,Thu,Chicago Bears,Green Bay Packers,17,13,Regular Season,2015
2015-11-29,Sun,Minnesota Vikings,Atlanta Falcons,20,10,Regular Season,2015
2015-11-29,Sun,Cincinnati Bengals,St. Louis Rams,31,7,Regular Season,2015
2015-11-29,Sun,Indianapolis Colts,Tampa Bay Buccaneers,25,12,Regular Season,2015
2015-11-29,Sun,Houston Texans,New Orleans Saints,24,6,Regular Season,2015
2015-11-29,Sun,New York Jets,Miami Dolphins,38,20,Regular Season,2015
2015-11-29,Sun,Oakland Raiders,Tennessee Titans,24,21,Regular Season,2015
2015-11-29,Sun,Kansas City Chiefs,Buffalo Bills,30,22,Regular Season,2015
2015-11-29,Sun,San Diego Chargers,Jacksonville Jaguars,31,25,Regular Season,2015
2015-11-29,Sun,Washington Redskins,New York Giants,20,14,Regular Season,2015
2015-11-29,Sun,Arizona Cardinals,San Francisco 49ers,19,13,Regular Season,2015
2015-11-29,Sun,Seattle Seahawks,Pittsburgh Steelers,39,30,Regular Season,2015
2015-11-29,Sun,Denver Broncos,New England Patriots,30,24,Regular Season,2015
2015-11-30,Mon,Baltimore Ravens,Cleveland Browns,33,27,Regular Season,2015
2015-12-03,Thu,Green Bay Packers,Detroit Lions,27,23,Regular Season,2015
2015-12-06,Sun,Arizona Cardinals,St. Louis Rams,27,3,Regular Season,2015
2015-12-06,Sun,Buffalo Bills,Houston Texans,30,21,Regular Season,2015
2015-12-06,Sun,San Francisco 49ers,Chicago Bears,26,20,Regular Season,2015
2015-12-06,Sun,Tennessee Titans,Jacksonville Jaguars,42,39,Regular Season,2015
2015-12-06,Sun,Seattle Seahawks,Minnesota Vikings,38,7,Regular Season,2015
2015-12-06,Sun,Tampa Bay Buccaneers,Atlanta Falcons,23,19,Regular Season,2015
2015-12-06,Sun,Cincinnati Bengals,Cleveland Browns,37,3,Regular Season,2015
2015-12-06,Sun,Miami Dolphins,Baltimore Ravens,15,13,Regular Season,2015
2015-12-06,Sun,New York Jets,New York Giants,23,20,Regular Season,2015
2015-12-06,Sun,Denver Broncos,San Diego Chargers,17,3,Regular Season,2015
2015-12-06,Sun,Kansas City Chiefs,Oakland Raiders,34,20,Regular Season,2015
2015-12-06,Sun,Carolina Panthers,New Orleans Saints,41,38,Regular Season,2015
2015-12-06,Sun,Philadelphia Eagles,New England Patriots,35,28,Regular Season,2015
2015-12-06,Sun,Pittsburgh Steelers,Indianapolis Colts,45,10,Regular Season,2015
2015-12-07,Mon,Dallas Cowboys,Washington Redskins,19,16,Regular Season,2015
2015-12-10,Thu,Arizona Cardinals,Minnesota Vikings,23,20,Regular Season,2015
2015-12-13,Sun,Philadelphia Eagles,Buffalo Bills,23,20,Regular Season,2015
2015-12-13,Sun,Washington Redskins,Chicago Bears,24,21,Regular Season,2015
2015-12-13,Sun,Pittsburgh Steelers,Cincinnati Bengals,33,20,Regular Season,2015
2015-12-13,Sun,Cleveland Browns,San Francisco 49ers,24,10,Regular Season,2015
2015-12-13,Sun,Jacksonville Jaguars,Indianapolis Colts,51,16,Regular Season,2015
2015-12-13,Sun,St. Louis Rams,Detroit Lions,21,14,Regular Season,2015
2015-12-13,Sun,New Orleans Saints,Tampa Bay Buccaneers,24,17,Regular Season,2015
2015-12-13,Sun,New York Jets,Tennessee Titans,30,8,Regular Season,2015
2015-12-13,Sun,Seattle Seahawks,Baltimore Ravens,35,6,Regular Season,2015
2015-12-13,Sun,Carolina Panthers,Atlanta Falcons,38,0,Regular Season,2015
2015-12-13,Sun,Kansas City Chiefs,San Diego Chargers,10,3,Regular Season,2015
2015-12-13,Sun,Oakland Raiders,Denver Broncos,15,12,Regular Season,2015
2015-12-13,Sun,Green Bay Packers,Dallas Cowboys,28,7,Regular Season,2015
2015-12-13,Sun,New England Patriots,Houston Texans,27,6,Regular Season,2015
2015-12-14,Mon,New York Giants,Miami Dolphins,31,24,Regular Season,2015
2015-12-17,Thu,St. Louis Rams,Tampa Bay Buccaneers,31,23,Regular Season,2015
2015-12-19,Sat,New York Jets,Dallas Cowboys,19,16,Regular Season,2015
2015-12-20,Sun,Atlanta Falcons,Jacksonville Jaguars,23,17,Regular Season,2015
2015-12-20,Sun,Carolina Panthers,New York Giants,38,35,Regular Season,2015
2015-12-20,Sun,Minnesota Vikings,Chicago Bears,38,17,Regular Season,2015
2015-12-20,Sun,Houston Texans,Indianapolis Colts,16,10,Regular Season,2015
2015-12-20,Sun,Kansas City Chiefs,Baltimore Ravens,34,14,Regular Season,2015
2015-12-20,Sun,New England Patriots,Tennessee Titans,33,16,Regular Season,2015
2015-12-20,Sun,Washington Redskins,Buffalo Bills,35,25,Regular Season,2015
2015-12-20,Sun,Green Bay Packers,Oakland Raiders,30,20,Regular Season,2015
2015-12-20,Sun,Seattle Seahawks,Cleveland Browns,30,13,Regular Season,2015
2015-12-20,Sun,Cincinnati Bengals,San Francisco 49ers,24,14,Regular Season,2015
2015-12-20,Sun,Pittsburgh Steelers,Denver Broncos,34,27,Regular Season,2015
2015-12-20,Sun,San Diego Chargers,Miami Dolphins,30,14,Regular Season,2015
2015-12-20,Sun,Arizona Cardinals,Philadelphia Eagles,40,17,Regular Season,2015
2015-12-21,Mon,Detroit Lions,New Orleans Saints,35,27,Regular Season,2015
2015-12-24,Thu,Oakland Raiders,San Diego Chargers,23,20,Regular Season,2015
2015-12-26,Sat,Washington Redskins,Philadelphia Eagles,38,24,Regular Season,2015
2015-12-27,Sun,Atlanta Falcons,Carolina Panthers,20,13,Regular Season,2015
2015-12-27,Sun,Buffalo Bills,Dallas Cowboys,16,6,Regular Season,2015
2015-12-27,Sun,Indianapolis Colts,Miami Dolphins,18,12,Regular Season,2015
2015-12-27,Sun,Houston Texans,Tennessee Titans,34,6,Regular Season,2015
2015-12-27,Sun,New York Jets,New England Patriots,26,20,Regular Season,2015
2015-12-27,Sun,Baltimore Ravens,Pittsburgh Steelers,20,17,Regular Season,2015
2015-12-27,Sun,Chicago Bears,Tampa Bay Buccaneers,26,21,Regular Season,2015
2015-12-27,Sun,Kansas City Chiefs,Cleveland Browns,17,13,Regular Season,2015
2015-12-27,Sun,Detroit Lions,San Francisco 49ers,32,17,Regular Season,2015
2015-12-27,Sun,New Orleans Saints,Jacksonville Jaguars,38,27,Regular Season,2015
2015-12-27,Sun,Arizona Cardinals,Green Bay Packers,38,8,Regular Season,2015
2015-12-27,Sun,St. Louis Rams,Seattle Seahawks,23,17,Regular Season,2015
2015-12-27,Sun,Minnesota Vikings,New York Giants,49,17,Regular Season,2015
2015-12-28,Mon,Denver Broncos,Cincinnati Bengals,20,17,Regular Season,2015
2016-01-03,Sun,New Orleans Saints,Atlanta Falcons,20,17,Regular Season,2015
2016-01-03,Sun,Buffalo Bills,New York Jets,22,17,Regular Season,2015
2016-01-03,Sun,Detroit Lions,Chicago Bears,24,20,Regular Season,2015
2016-01-03,Sun,Cincinnati Bengals,Baltimore Ravens,24,16,Regular Season,2015
2016-01-03,Sun,Pittsburgh Steelers,Cleveland Browns,28,12,Regular Season,2015
2016-01-03,Sun,Indianapolis Colts,Tennessee Titans,30,24,Regular Season,2015
2016-01-03,Sun,Houston Texans,Jacksonville Jaguars,30,6,Regular Season,2015
2016-01-03,Sun,Miami Dolphins,New England Patriots,20,10,Regular Season,2015
2016-01-03,Sun,Washington Redskins,Dallas Cowboys,34,23,Regular Season,2015
2016-01-03,Sun,Philadelphia Eagles,New York Giants,35,30,Regular Season,2015
2016-01-03,Sun,Carolina Panthers,Tampa Bay Buccaneers,38,10,Regular Season,2015
2016-01-03,Sun,Seattle Seahawks,Arizona Cardinals,36,6,Regular Season,2015
2016-01-03,Sun,Denver Broncos,San Diego Chargers,27,20,Regular Season,2015
2016-01-03,Sun,San Francisco 49ers,St. Louis Rams,19,16,Regular Season,2015
2016-01-03,Sun,Kansas City Chiefs,Oakland Raiders,23,17,Regular Season,2015
2016-01-03,Sun,Minnesota Vikings,Green Bay Packers,20,13,Regular Season,2015
Playoffs,,,,,,Playoff,2015
2016-01-09,Sat,Kansas City Chiefs,Houston Texans,30,0,Playoff,2015
2016-01-09,Sat,Pittsburgh Steelers,Cincinnati Bengals,18,16,Playoff,2015
2016-01-10,Sun,Seattle Seahawks,Minnesota Vikings,10,9,Playoff,2015
2016-01-10,Sun,Green Bay Packers,Washington Redskins,35,18,Playoff,2015
2016-01-16,Sat,New England Patriots,Kansas City Chiefs,27,20,Playoff,2015
2016-01-16,Sat,Arizona Cardinals,Green Bay Packers,26,20,Playoff,2015
2016-01-17,Sun,Carolina Panthers,Seattle Seahawks,31,24,Playoff,2015
2016-01-17,Sun,Denver Broncos,Pittsburgh Steelers,23,16,Playoff,2015
2016-01-24,Sun,Denver Broncos,New England Patriots,20,18,Playoff,2015
2016-01-24,Sun,Carolina Panthers,Arizona Cardinals,49,15,Playoff,2015
2016-02-07,Sun,Denver Broncos,Carolina Panthers,24,10,Playoff,2015
