Date,DOW,WT,LT,WTS,LTS,Type,Season
2016-09-08,Thu,Denver Broncos,Carolina Panthers,21,20,Regular Season,2016
2016-09-11,Sun,Baltimore Ravens,Buffalo Bills,13,7,Regular Season,2016
2016-09-11,Sun,Green Bay Packers,Jacksonville Jaguars,27,23,Regular Season,2016
2016-09-11,Sun,Tampa Bay Buccaneers,Atlanta Falcons,31,24,Regular Season,2016
2016-09-11,Sun,Houston Texans,Chicago Bears,23,14,Regular Season,2016
2016-09-11,Sun,Cincinnati Bengals,New York Jets,23,22,Regular Season,2016
2016-09-11,Sun,Philadelphia Eagles,Cleveland Browns,29,10,Regular Season,2016
2016-09-11,Sun,Kansas City Chiefs,San Diego Chargers,33,27,Regular Season,2016
2016-09-11,Sun,Minnesota Vikings,Tennessee Titans,25,16,Regular Season,2016
2016-09-11,Sun,Oakland Raiders,New Orleans Saints,35,34,Regular Season,2016
2016-09-11,Sun,Seattle Seahawks,Miami Dolphins,12,10,Regular Season,2016
2016-09-11,Sun,Detroit Lions,Indianapolis Colts,39,35,Regular Season,2016
2016-09-11,Sun,New York Giants,Dallas Cowboys,20,19,Regular Season,2016
2016-09-11,Sun,New England Patriots,Arizona Cardinals,23,21,Regular Season,2016
2016-09-12,Mon,Pittsburgh Steelers,Washington Redskins,38,16,Regular Season,2016
2016-09-12,Mon,San Francisco 49ers,Los Angeles Rams,28,0,Regular Season,2016
2016-09-15,Thu,New York Jets,Buffalo Bills,37,31,Regular Season,2016
2016-09-18,Sun,Pittsburgh Steelers,Cincinnati Bengals,24,16,Regular Season,2016
2016-09-18,Sun,Baltimore Ravens,Cleveland Browns,25,20,Regular Season,2016
2016-09-18,Sun,Tennessee Titans,Detroit Lions,16,15,Regular Season,2016
2016-09-18,Sun,Houston Texans,Kansas City Chiefs,19,12,Regular Season,2016
2016-09-18,Sun,New England Patriots,Miami Dolphins,31,24,Regular Season,2016
2016-09-18,Sun,Carolina Panthers,San Francisco 49ers,46,27,Regular Season,2016
2016-09-18,Sun,Dallas Cowboys,Washington Redskins,27,23,Regular Season,2016
2016-09-18,Sun,New York Giants,New Orleans Saints,16,13,Regular Season,2016
2016-09-18,Sun,Arizona Cardinals,Tampa Bay Buccaneers,40,7,Regular Season,2016
2016-09-18,Sun,Los Angeles Rams,Seattle Seahawks,9,3,Regular Season,2016
2016-09-18,Sun,Atlanta Falcons,Oakland Raiders,35,28,Regular Season,2016
2016-09-18,Sun,Denver Broncos,Indianapolis Colts,34,20,Regular Season,2016
2016-09-18,Sun,San Diego Chargers,Jacksonville Jaguars,38,14,Regular Season,2016
2016-09-18,Sun,Minnesota Vikings,Green Bay Packers,17,14,Regular Season,2016
2016-09-19,Mon,Philadelphia Eagles,Chicago Bears,29,14,Regular Season,2016
2016-09-22,Thu,New England Patriots,Houston Texans,27,0,Regular Season,2016
2016-09-25,Sun,Buffalo Bills,Arizona Cardinals,33,18,Regular Season,2016
2016-09-25,Sun,Minnesota Vikings,Carolina Panthers,22,10,Regular Season,2016
2016-09-25,Sun,Denver Broncos,Cincinnati Bengals,29,17,Regular Season,2016
2016-09-25,Sun,Miami Dolphins,Cleveland Browns,30,24,Regular Season,2016
2016-09-25,Sun,Green Bay Packers,Detroit Lions,34,27,Regular Season,2016
2016-09-25,Sun,Baltimore Ravens,Jacksonville Jaguars,19,17,Regular Season,2016
2016-09-25,Sun,Washington Redskins,New York Giants,29,27,Regular Season,2016
2016-09-25,Sun,Oakland Raiders,Tennessee Titans,17,10,Regular Season,2016
2016-09-25,Sun,Los Angeles Rams,Tampa Bay Buccaneers,37,32,Regular Season,2016
2016-09-25,Sun,Seattle Seahawks,San Francisco 49ers,37,18,Regular Season,2016
2016-09-25,Sun,Indianapolis Colts,San Diego Chargers,26,22,Regular Season,2016
2016-09-25,Sun,Philadelphia Eagles,Pittsburgh Steelers,34,3,Regular Season,2016
2016-09-25,Sun,Kansas City Chiefs,New York Jets,24,3,Regular Season,2016
2016-09-25,Sun,Dallas Cowboys,Chicago Bears,31,17,Regular Season,2016
2016-09-26,Mon,Atlanta Falcons,New Orleans Saints,45,32,Regular Season,2016
2016-09-29,Thu,Cincinnati Bengals,Miami Dolphins,22,7,Regular Season,2016
2016-10-02,Sun,Jacksonville Jaguars,Indianapolis Colts,30,27,Regular Season,2016
2016-10-02,Sun,Chicago Bears,Detroit Lions,17,14,Regular Season,2016
2016-10-02,Sun,Buffalo Bills,New England Patriots,16,0,Regular Season,2016
2016-10-02,Sun,Houston Texans,Tennessee Titans,27,20,Regular Season,2016
2016-10-02,Sun,Oakland Raiders,Baltimore Ravens,28,27,Regular Season,2016
2016-10-02,Sun,Seattle Seahawks,New York Jets,27,17,Regular Season,2016
2016-10-02,Sun,Atlanta Falcons,Carolina Panthers,48,33,Regular Season,2016
2016-10-02,Sun,Washington Redskins,Cleveland Browns,31,20,Regular Season,2016
2016-10-02,Sun,Denver Broncos,Tampa Bay Buccaneers,27,7,Regular Season,2016
2016-10-02,Sun,Los Angeles Rams,Arizona Cardinals,17,13,Regular Season,2016
2016-10-02,Sun,Dallas Cowboys,San Francisco 49ers,24,17,Regular Season,2016
2016-10-02,Sun,New Orleans Saints,San Diego Chargers,35,34,Regular Season,2016
2016-10-02,Sun,Pittsburgh Steelers,Kansas City Chiefs,43,14,Regular Season,2016
2016-10-03,Mon,Minnesota Vikings,New York Giants,24,10,Regular Season,2016
2016-10-06,Thu,Arizona Cardinals,San Francisco 49ers,33,21,Regular Season,2016
2016-10-09,Sun,Indianapolis Colts,Chicago Bears,29,23,Regular Season,2016
2016-10-09,Sun,New England Patriots,Cleveland Browns,33,13,Regular Season,2016
2016-10-09,Sun,Detroit Lions,Philadelphia Eagles,24,23,Regular Season,2016
2016-10-09,Sun,Tennessee Titans,Miami Dolphins,30,17,Regular Season,2016
2016-10-09,Sun,Pittsburgh Steelers,New York Jets,31,13,Regular Season,2016
2016-10-09,Sun,Washington Redskins,Baltimore Ravens,16,10,Regular Season,2016
2016-10-09,Sun,Minnesota Vikings,Houston Texans,31,13,Regular Season,2016
2016-10-09,Sun,Atlanta Falcons,Denver Broncos,23,16,Regular Season,2016
2016-10-09,Sun,Buffalo Bills,Los Angeles Rams,30,19,Regular Season,2016
2016-10-09,Sun,Dallas Cowboys,Cincinnati Bengals,28,14,Regular Season,2016
2016-10-09,Sun,Oakland Raiders,San Diego Chargers,34,31,Regular Season,2016
2016-10-09,Sun,Green Bay Packers,New York Giants,23,16,Regular Season,2016
2016-10-10,Mon,Tampa Bay Buccaneers,Carolina Panthers,17,14,Regular Season,2016
2016-10-13,Thu,San Diego Chargers,Denver Broncos,21,13,Regular Season,2016
2016-10-16,Sun,Buffalo Bills,San Francisco 49ers,45,16,Regular Season,2016
2016-10-16,Sun,Jacksonville Jaguars,Chicago Bears,17,16,Regular Season,2016
2016-10-16,Sun,New England Patriots,Cincinnati Bengals,35,17,Regular Season,2016
2016-10-16,Sun,Tennessee Titans,Cleveland Browns,28,26,Regular Season,2016
2016-10-16,Sun,Detroit Lions,Los Angeles Rams,31,28,Regular Season,2016
2016-10-16,Sun,Miami Dolphins,Pittsburgh Steelers,30,15,Regular Season,2016
2016-10-16,Sun,New York Giants,Baltimore Ravens,27,23,Regular Season,2016
2016-10-16,Sun,Washington Redskins,Philadelphia Eagles,27,20,Regular Season,2016
2016-10-16,Sun,New Orleans Saints,Carolina Panthers,41,38,Regular Season,2016
2016-10-16,Sun,Kansas City Chiefs,Oakland Raiders,26,10,Regular Season,2016
2016-10-16,Sun,Dallas Cowboys,Green Bay Packers,30,16,Regular Season,2016
2016-10-16,Sun,Seattle Seahawks,Atlanta Falcons,26,24,Regular Season,2016
2016-10-16,Sun,Houston Texans,Indianapolis Colts,26,23,Regular Season,2016
2016-10-17,Mon,Arizona Cardinals,New York Jets,28,3,Regular Season,2016
2016-10-20,Thu,Green Bay Packers,Chicago Bears,26,10,Regular Season,2016
2016-10-23,Sun,New York Giants,Los Angeles Rams,17,10,Regular Season,2016
2016-10-23,Sun,Oakland Raiders,Jacksonville Jaguars,33,16,Regular Season,2016
2016-10-23,Sun,Philadelphia Eagles,Minnesota Vikings,21,10,Regular Season,2016
2016-10-23,Sun,Miami Dolphins,Buffalo Bills,28,25,Regular Season,2016
2016-10-23,Sun,Cincinnati Bengals,Cleveland Browns,31,17,Regular Season,2016
2016-10-23,Sun,Indianapolis Colts,Tennessee Titans,34,26,Regular Season,2016
2016-10-23,Sun,Detroit Lions,Washington Redskins,20,17,Regular Season,2016
2016-10-23,Sun,Kansas City Chiefs,New Orleans Saints,27,21,Regular Season,2016
2016-10-23,Sun,New York Jets,Baltimore Ravens,24,16,Regular Season,2016
2016-10-23,Sun,San Diego Chargers,Atlanta Falcons,33,30,Regular Season,2016
2016-10-23,Sun,Tampa Bay Buccaneers,San Francisco 49ers,34,17,Regular Season,2016
2016-10-23,Sun,New England Patriots,Pittsburgh Steelers,27,16,Regular Season,2016
2016-10-23,Sun,Seattle Seahawks,Arizona Cardinals,6,6,Regular Season,2016
2016-10-24,Mon,Denver Broncos,Houston Texans,27,9,Regular Season,2016
2016-10-27,Thu,Tennessee Titans,Jacksonville Jaguars,36,22,Regular Season,2016
2016-10-30,Sun,Washington Redskins,Cincinnati Bengals,27,27,Regular Season,2016
2016-10-30,Sun,Carolina Panthers,Arizona Cardinals,30,20,Regular Season,2016
2016-10-30,Sun,New England Patriots,Buffalo Bills,41,25,Regular Season,2016
2016-10-30,Sun,New York Jets,Cleveland Browns,31,28,Regular Season,2016
2016-10-30,Sun,Kansas City Chiefs,Indianapolis Colts,30,14,Regular Season,2016
2016-10-30,Sun,Oakland Raiders,Tampa Bay Buccaneers,30,24,Regular Season,2016
2016-10-30,Sun,New Orleans Saints,Seattle Seahawks,25,20,Regular Season,2016
2016-10-30,Sun,Houston Texans,Detroit Lions,20,13,Regular Season,2016
2016-10-30,Sun,Denver Broncos,San Diego Chargers,27,19,Regular Season,2016
2016-10-30,Sun,Atlanta Falcons,Green Bay Packers,33,32,Regular Season,2016
2016-10-30,Sun,Dallas Cowboys,Philadelphia Eagles,29,23,Regular Season,2016
2016-10-31,Mon,Chicago Bears,Minnesota Vikings,20,10,Regular Season,2016
2016-11-03,Thu,Atlanta Falcons,Tampa Bay Buccaneers,43,28,Regular Season,2016
2016-11-06,Sun,Kansas City Chiefs,Jacksonville Jaguars,19,14,Regular Season,2016
2016-11-06,Sun,Miami Dolphins,New York Jets,27,23,Regular Season,2016
2016-11-06,Sun,New York Giants,Philadelphia Eagles,28,23,Regular Season,2016
2016-11-06,Sun,Baltimore Ravens,Pittsburgh Steelers,21,14,Regular Season,2016
2016-11-06,Sun,Dallas Cowboys,Cleveland Browns,35,10,Regular Season,2016
2016-11-06,Sun,Detroit Lions,Minnesota Vikings,22,16,Regular Season,2016
2016-11-06,Sun,Carolina Panthers,Los Angeles Rams,13,10,Regular Season,2016
2016-11-06,Sun,New Orleans Saints,San Francisco 49ers,41,23,Regular Season,2016
2016-11-06,Sun,Indianapolis Colts,Green Bay Packers,31,26,Regular Season,2016
2016-11-06,Sun,San Diego Chargers,Tennessee Titans,43,35,Regular Season,2016
2016-11-06,Sun,Oakland Raiders,Denver Broncos,30,20,Regular Season,2016
2016-11-07,Mon,Seattle Seahawks,Buffalo Bills,31,25,Regular Season,2016
2016-11-10,Thu,Baltimore Ravens,Cleveland Browns,28,7,Regular Season,2016
2016-11-13,Sun,Kansas City Chiefs,Carolina Panthers,20,17,Regular Season,2016
2016-11-13,Sun,Tampa Bay Buccaneers,Chicago Bears,36,10,Regular Season,2016
2016-11-13,Sun,Tennessee Titans,Green Bay Packers,47,25,Regular Season,2016
2016-11-13,Sun,Houston Texans,Jacksonville Jaguars,24,21,Regular Season,2016
2016-11-13,Sun,Washington Redskins,Minnesota Vikings,26,20,Regular Season,2016
2016-11-13,Sun,Philadelphia Eagles,Atlanta Falcons,24,15,Regular Season,2016
2016-11-13,Sun,Denver Broncos,New Orleans Saints,25,23,Regular Season,2016
2016-11-13,Sun,Los Angeles Rams,New York Jets,9,6,Regular Season,2016
2016-11-13,Sun,Miami Dolphins,San Diego Chargers,31,24,Regular Season,2016
2016-11-13,Sun,Arizona Cardinals,San Francisco 49ers,23,20,Regular Season,2016
2016-11-13,Sun,Dallas Cowboys,Pittsburgh Steelers,35,30,Regular Season,2016
2016-11-13,Sun,Seattle Seahawks,New England Patriots,31,24,Regular Season,2016
2016-11-14,Mon,New York Giants,Cincinnati Bengals,21,20,Regular Season,2016
2016-11-17,Thu,Carolina Panthers,New Orleans Saints,23,20,Regular Season,2016
2016-11-20,Sun,Buffalo Bills,Cincinnati Bengals,16,12,Regular Season,2016
2016-11-20,Sun,New York Giants,Chicago Bears,22,16,Regular Season,2016
2016-11-20,Sun,Indianapolis Colts,Tennessee Titans,24,17,Regular Season,2016
2016-11-20,Sun,Minnesota Vikings,Arizona Cardinals,30,24,Regular Season,2016
2016-11-20,Sun,Dallas Cowboys,Baltimore Ravens,27,17,Regular Season,2016
2016-11-20,Sun,Detroit Lions,Jacksonville Jaguars,26,19,Regular Season,2016
2016-11-20,Sun,Tampa Bay Buccaneers,Kansas City Chiefs,19,17,Regular Season,2016
2016-11-20,Sun,Pittsburgh Steelers,Cleveland Browns,24,9,Regular Season,2016
2016-11-20,Sun,Miami Dolphins,Los Angeles Rams,14,10,Regular Season,2016
2016-11-20,Sun,New England Patriots,San Francisco 49ers,30,17,Regular Season,2016
2016-11-20,Sun,Seattle Seahawks,Philadelphia Eagles,26,15,Regular Season,2016
2016-11-20,Sun,Washington Redskins,Green Bay Packers,42,24,Regular Season,2016
2016-11-21,Mon,Oakland Raiders,Houston Texans,27,20,Regular Season,2016
2016-11-24,Thu,Detroit Lions,Minnesota Vikings,16,13,Regular Season,2016
2016-11-24,Thu,Dallas Cowboys,Washington Redskins,31,26,Regular Season,2016
2016-11-24,Thu,Pittsburgh Steelers,Indianapolis Colts,28,7,Regular Season,2016
2016-11-27,Sun,Atlanta Falcons,Arizona Cardinals,38,19,Regular Season,2016
2016-11-27,Sun,Buffalo Bills,Jacksonville Jaguars,28,21,Regular Season,2016
2016-11-27,Sun,Tennessee Titans,Chicago Bears,27,21,Regular Season,2016
2016-11-27,Sun,Baltimore Ravens,Cincinnati Bengals,19,14,Regular Season,2016
2016-11-27,Sun,San Diego Chargers,Houston Texans,21,13,Regular Season,2016
2016-11-27,Sun,Miami Dolphins,San Francisco 49ers,31,24,Regular Season,2016
2016-11-27,Sun,New Orleans Saints,Los Angeles Rams,49,21,Regular Season,2016
2016-11-27,Sun,New York Giants,Cleveland Browns,27,13,Regular Season,2016
2016-11-27,Sun,Tampa Bay Buccaneers,Seattle Seahawks,14,5,Regular Season,2016
2016-11-27,Sun,Oakland Raiders,Carolina Panthers,35,32,Regular Season,2016
2016-11-27,Sun,New England Patriots,New York Jets,22,17,Regular Season,2016
2016-11-27,Sun,Kansas City Chiefs,Denver Broncos,30,27,Regular Season,2016
2016-11-28,Mon,Green Bay Packers,Philadelphia Eagles,27,13,Regular Season,2016
2016-12-01,Thu,Dallas Cowboys,Minnesota Vikings,17,15,Regular Season,2016
2016-12-04,Sun,Kansas City Chiefs,Atlanta Falcons,29,28,Regular Season,2016
2016-12-04,Sun,Chicago Bears,San Francisco 49ers,26,6,Regular Season,2016
2016-12-04,Sun,Cincinnati Bengals,Philadelphia Eagles,32,14,Regular Season,2016
2016-12-04,Sun,Denver Broncos,Jacksonville Jaguars,20,10,Regular Season,2016
2016-12-04,Sun,Detroit Lions,New Orleans Saints,28,13,Regular Season,2016
2016-12-04,Sun,Green Bay Packers,Houston Texans,21,13,Regular Season,2016
2016-12-04,Sun,Baltimore Ravens,Miami Dolphins,38,6,Regular Season,2016
2016-12-04,Sun,New England Patriots,Los Angeles Rams,26,10,Regular Season,2016
2016-12-04,Sun,Oakland Raiders,Buffalo Bills,38,24,Regular Season,2016
2016-12-04,Sun,Arizona Cardinals,Washington Redskins,31,23,Regular Season,2016
2016-12-04,Sun,Pittsburgh Steelers,New York Giants,24,14,Regular Season,2016
2016-12-04,Sun,Tampa Bay Buccaneers,San Diego Chargers,28,21,Regular Season,2016
2016-12-04,Sun,Seattle Seahawks,Carolina Panthers,40,7,Regular Season,2016
2016-12-05,Mon,Indianapolis Colts,New York Jets,41,10,Regular Season,2016
2016-12-08,Thu,Kansas City Chiefs,Oakland Raiders,21,13,Regular Season,2016
2016-12-11,Sun,Pittsburgh Steelers,Buffalo Bills,27,20,Regular Season,2016
2016-12-11,Sun,Carolina Panthers,San Diego Chargers,28,16,Regular Season,2016
2016-12-11,Sun,Detroit Lions,Chicago Bears,20,17,Regular Season,2016
2016-12-11,Sun,Cincinnati Bengals,Cleveland Browns,23,10,Regular Season,2016
2016-12-11,Sun,Houston Texans,Indianapolis Colts,22,17,Regular Season,2016
2016-12-11,Sun,Miami Dolphins,Arizona Cardinals,26,23,Regular Season,2016
2016-12-11,Sun,Tennessee Titans,Denver Broncos,13,10,Regular Season,2016
2016-12-11,Sun,Minnesota Vikings,Jacksonville Jaguars,25,16,Regular Season,2016
2016-12-11,Sun,Washington Redskins,Philadelphia Eagles,27,22,Regular Season,2016
2016-12-11,Sun,New York Jets,San Francisco 49ers,23,17,Regular Season,2016
2016-12-11,Sun,Atlanta Falcons,Los Angeles Rams,42,14,Regular Season,2016
2016-12-11,Sun,Green Bay Packers,Seattle Seahawks,38,10,Regular Season,2016
2016-12-11,Sun,Tampa Bay Buccaneers,New Orleans Saints,16,11,Regular Season,2016
2016-12-11,Sun,New York Giants,Dallas Cowboys,10,7,Regular Season,2016
2016-12-12,Mon,New England Patriots,Baltimore Ravens,30,23,Regular Season,2016
2016-12-15,Thu,Seattle Seahawks,Los Angeles Rams,24,3,Regular Season,2016
2016-12-17,Sat,Miami Dolphins,New York Jets,34,13,Regular Season,2016
2016-12-18,Sun,Buffalo Bills,Cleveland Browns,33,13,Regular Season,2016
2016-12-18,Sun,Green Bay Packers,Chicago Bears,30,27,Regular Season,2016
2016-12-18,Sun,Pittsburgh Steelers,Cincinnati Bengals,24,20,Regular Season,2016
2016-12-18,Sun,Indianapolis Colts,Minnesota Vikings,34,6,Regular Season,2016
2016-12-18,Sun,New York Giants,Detroit Lions,17,6,Regular Season,2016
2016-12-18,Sun,Houston Texans,Jacksonville Jaguars,21,20,Regular Season,2016
2016-12-18,Sun,Tennessee Titans,Kansas City Chiefs,19,17,Regular Season,2016
2016-12-18,Sun,Baltimore Ravens,Philadelphia Eagles,27,26,Regular Season,2016
2016-12-18,Sun,Atlanta Falcons,San Francisco 49ers,41,13,Regular Season,2016
2016-12-18,Sun,New Orleans Saints,Arizona Cardinals,48,41,Regular Season,2016
2016-12-18,Sun,New England Patriots,Denver Broncos,16,3,Regular Season,2016
2016-12-18,Sun,Oakland Raiders,San Diego Chargers,19,16,Regular Season,2016
2016-12-18,Sun,Dallas Cowboys,Tampa Bay Buccaneers,26,20,Regular Season,2016
2016-12-19,Mon,Carolina Panthers,Washington Redskins,26,15,Regular Season,2016
2016-12-22,Thu,Philadelphia Eagles,New York Giants,24,19,Regular Season,2016
2016-12-24,Sat,Atlanta Falcons,Carolina Panthers,33,16,Regular Season,2016
2016-12-24,Sat,Miami Dolphins,Buffalo Bills,34,31,Regular Season,2016
2016-12-24,Sat,Washington Redskins,Chicago Bears,41,21,Regular Season,2016
2016-12-24,Sat,Cleveland Browns,San Diego Chargers,20,17,Regular Season,2016
2016-12-24,Sat,Green Bay Packers,Minnesota Vikings,38,25,Regular Season,2016
2016-12-24,Sat,Jacksonville Jaguars,Tennessee Titans,38,17,Regular Season,2016
2016-12-24,Sat,New England Patriots,New York Jets,41,3,Regular Season,2016
2016-12-24,Sat,Oakland Raiders,Indianapolis Colts,33,25,Regular Season,2016
2016-12-24,Sat,Arizona Cardinals,Seattle Seahawks,34,31,Regular Season,2016
2016-12-24,Sat,New Orleans Saints,Tampa Bay Buccaneers,31,24,Regular Season,2016
2016-12-24,Sat,San Francisco 49ers,Los Angeles Rams,22,21,Regular Season,2016
2016-12-24,Sat,Houston Texans,Cincinnati Bengals,12,10,Regular Season,2016
2016-12-25,Sun,Pittsburgh Steelers,Baltimore Ravens,31,27,Regular Season,2016
2016-12-25,Sun,Kansas City Chiefs,Denver Broncos,33,10,Regular Season,2016
2016-12-26,Mon,Dallas Cowboys,Detroit Lions,42,21,Regular Season,2016
2017-01-01,Sun,New York Jets,Buffalo Bills,30,10,Regular Season,2016
2017-01-01,Sun,Tampa Bay Buccaneers,Carolina Panthers,17,16,Regular Season,2016
2017-01-01,Sun,Minnesota Vikings,Chicago Bears,38,10,Regular Season,2016
2017-01-01,Sun,Cincinnati Bengals,Baltimore Ravens,27,10,Regular Season,2016
2017-01-01,Sun,Pittsburgh Steelers,Cleveland Browns,27,24,Regular Season,2016
2017-01-01,Sun,Indianapolis Colts,Jacksonville Jaguars,24,20,Regular Season,2016
2017-01-01,Sun,Philadelphia Eagles,Dallas Cowboys,27,13,Regular Season,2016
2017-01-01,Sun,Tennessee Titans,Houston Texans,24,17,Regular Season,2016
2017-01-01,Sun,New England Patriots,Miami Dolphins,35,14,Regular Season,2016
2017-01-01,Sun,Atlanta Falcons,New Orleans Saints,38,32,Regular Season,2016
2017-01-01,Sun,Arizona Cardinals,Los Angeles Rams,44,6,Regular Season,2016
2017-01-01,Sun,Denver Broncos,Oakland Raiders,24,6,Regular Season,2016
2017-01-01,Sun,Kansas City Chiefs,San Diego Chargers,37,27,Regular Season,2016
2017-01-01,Sun,New York Giants,Washington Redskins,19,10,Regular Season,2016
2017-01-01,Sun,Seattle Seahawks,San Francisco 49ers,25,23,Regular Season,2016
2017-01-01,Sun,Green Bay Packers,Detroit Lions,31,24,Regular Season,2016
Playoffs,,,,,,Playoff,2016
2017-01-07,Sat,Houston Texans,Oakland Raiders,27,14,Playoff,2016
2017-01-07,Sat,Seattle Seahawks,Detroit Lions,26,6,Playoff,2016
2017-01-08,Sun,Pittsburgh Steelers,Miami Dolphins,30,12,Playoff,2016
2017-01-08,Sun,Green Bay Packers,New York Giants,38,13,Playoff,2016
2017-01-14,Sat,Atlanta Falcons,Seattle Seahawks,36,20,Playoff,2016
2017-01-14,Sat,New England Patriots,Houston Texans,34,16,Playoff,2016
2017-01-15,Sun,Green Bay Packers,Dallas Cowboys,34,31,Playoff,2016
2017-01-15,Sun,Pittsburgh Steelers,Kansas City Chiefs,18,16,Playoff,2016
2017-01-22,Sun,Atlanta Falcons,Green Bay Packers,44,21,Playoff,2016
2017-01-22,Sun,New England Patriots,Pittsburgh Steelers,36,17,Playoff,2016
2017-02-05,Sun,New England Patriots,Atlanta Falcons,34,28,Playoff,2016
