Date,DOW,WT,LT,WTS,LTS,Type,Season
2017-09-07,Thu,Kansas City Chiefs,New England Patriots,42,27,Regular Season,2017
2017-09-10,Sun,Atlanta Falcons,Chicago Bears,23,17,Regular Season,2017
2017-09-10,Sun,Buffalo Bills,New York Jets,21,12,Regular Season,2017
2017-09-10,Sun,Baltimore Ravens,Cincinnati Bengals,20,0,Regular Season,2017
2017-09-10,Sun,Pittsburgh Steelers,Cleveland Browns,21,18,Regular Season,2017
2017-09-10,Sun,Detroit Lions,Arizona Cardinals,35,23,Regular Season,2017
2017-09-10,Sun,Jacksonville Jaguars,Houston Texans,29,7,Regular Season,2017
2017-09-10,Sun,Oakland Raiders,Tennessee Titans,26,16,Regular Season,2017
2017-09-10,Sun,Philadelphia Eagles,Washington Redskins,30,17,Regular Season,2017
2017-09-10,Sun,Los Angeles Rams,Indianapolis Colts,46,9,Regular Season,2017
2017-09-10,Sun,Carolina Panthers,San Francisco 49ers,23,3,Regular Season,2017
2017-09-10,Sun,Green Bay Packers,Seattle Seahawks,17,9,Regular Season,2017
2017-09-10,Sun,Dallas Cowboys,New York Giants,19,3,Regular Season,2017
2017-09-11,Mon,Minnesota Vikings,New Orleans Saints,29,19,Regular Season,2017
2017-09-11,Mon,Denver Broncos,Los Angeles Chargers,24,21,Regular Season,2017
2017-09-14,Thu,Houston Texans,Cincinnati Bengals,13,9,Regular Season,2017
2017-09-17,Sun,Carolina Panthers,Buffalo Bills,9,3,Regular Season,2017
2017-09-17,Sun,Tampa Bay Buccaneers,Chicago Bears,29,7,Regular Season,2017
2017-09-17,Sun,Baltimore Ravens,Cleveland Browns,24,10,Regular Season,2017
2017-09-17,Sun,Arizona Cardinals,Indianapolis Colts,16,13,Regular Season,2017
2017-09-17,Sun,Tennessee Titans,Jacksonville Jaguars,37,16,Regular Season,2017
2017-09-17,Sun,Kansas City Chiefs,Philadelphia Eagles,27,20,Regular Season,2017
2017-09-17,Sun,Pittsburgh Steelers,Minnesota Vikings,26,9,Regular Season,2017
2017-09-17,Sun,New England Patriots,New Orleans Saints,36,20,Regular Season,2017
2017-09-17,Sun,Miami Dolphins,Los Angeles Chargers,19,17,Regular Season,2017
2017-09-17,Sun,Oakland Raiders,New York Jets,45,20,Regular Season,2017
2017-09-17,Sun,Denver Broncos,Dallas Cowboys,42,17,Regular Season,2017
2017-09-17,Sun,Washington Redskins,Los Angeles Rams,27,20,Regular Season,2017
2017-09-17,Sun,Seattle Seahawks,San Francisco 49ers,12,9,Regular Season,2017
2017-09-17,Sun,Atlanta Falcons,Green Bay Packers,34,23,Regular Season,2017
2017-09-18,Mon,Detroit Lions,New York Giants,24,10,Regular Season,2017
2017-09-21,Thu,Los Angeles Rams,San Francisco 49ers,41,39,Regular Season,2017
2017-09-24,Sun,Jacksonville Jaguars,Baltimore Ravens,44,7,Regular Season,2017
2017-09-24,Sun,New York Jets,Miami Dolphins,20,6,Regular Season,2017
2017-09-24,Sun,Atlanta Falcons,Detroit Lions,30,26,Regular Season,2017
2017-09-24,Sun,Buffalo Bills,Denver Broncos,26,16,Regular Season,2017
2017-09-24,Sun,New Orleans Saints,Carolina Panthers,34,13,Regular Season,2017
2017-09-24,Sun,Chicago Bears,Pittsburgh Steelers,23,17,Regular Season,2017
2017-09-24,Sun,Indianapolis Colts,Cleveland Browns,31,28,Regular Season,2017
2017-09-24,Sun,New England Patriots,Houston Texans,36,33,Regular Season,2017
2017-09-24,Sun,Minnesota Vikings,Tampa Bay Buccaneers,34,17,Regular Season,2017
2017-09-24,Sun,Philadelphia Eagles,New York Giants,27,24,Regular Season,2017
2017-09-24,Sun,Tennessee Titans,Seattle Seahawks,33,27,Regular Season,2017
2017-09-24,Sun,Green Bay Packers,Cincinnati Bengals,27,24,Regular Season,2017
2017-09-24,Sun,Kansas City Chiefs,Los Angeles Chargers,24,10,Regular Season,2017
2017-09-24,Sun,Washington Redskins,Oakland Raiders,27,10,Regular Season,2017
2017-09-25,Mon,Dallas Cowboys,Arizona Cardinals,28,17,Regular Season,2017
2017-09-28,Thu,Green Bay Packers,Chicago Bears,35,14,Regular Season,2017
2017-10-01,Sun,New Orleans Saints,Miami Dolphins,20,0,Regular Season,2017
2017-10-01,Sun,Buffalo Bills,Atlanta Falcons,23,17,Regular Season,2017
2017-10-01,Sun,Carolina Panthers,New England Patriots,33,30,Regular Season,2017
2017-10-01,Sun,Cincinnati Bengals,Cleveland Browns,31,7,Regular Season,2017
2017-10-01,Sun,Los Angeles Rams,Dallas Cowboys,35,30,Regular Season,2017
2017-10-01,Sun,Detroit Lions,Minnesota Vikings,14,7,Regular Season,2017
2017-10-01,Sun,Houston Texans,Tennessee Titans,57,14,Regular Season,2017
2017-10-01,Sun,New York Jets,Jacksonville Jaguars,23,20,Regular Season,2017
2017-10-01,Sun,Pittsburgh Steelers,Baltimore Ravens,26,9,Regular Season,2017
2017-10-01,Sun,Arizona Cardinals,San Francisco 49ers,18,15,Regular Season,2017
2017-10-01,Sun,Tampa Bay Buccaneers,New York Giants,25,23,Regular Season,2017
2017-10-01,Sun,Philadelphia Eagles,Los Angeles Chargers,26,24,Regular Season,2017
2017-10-01,Sun,Denver Broncos,Oakland Raiders,16,10,Regular Season,2017
2017-10-01,Sun,Seattle Seahawks,Indianapolis Colts,46,18,Regular Season,2017
2017-10-02,Mon,Kansas City Chiefs,Washington Redskins,29,20,Regular Season,2017
2017-10-05,Thu,New England Patriots,Tampa Bay Buccaneers,19,14,Regular Season,2017
2017-10-08,Sun,Miami Dolphins,Tennessee Titans,16,10,Regular Season,2017
2017-10-08,Sun,Cincinnati Bengals,Buffalo Bills,20,16,Regular Season,2017
2017-10-08,Sun,Carolina Panthers,Detroit Lions,27,24,Regular Season,2017
2017-10-08,Sun,New York Jets,Cleveland Browns,17,14,Regular Season,2017
2017-10-08,Sun,Indianapolis Colts,San Francisco 49ers,26,23,Regular Season,2017
2017-10-08,Sun,Philadelphia Eagles,Arizona Cardinals,34,7,Regular Season,2017
2017-10-08,Sun,Jacksonville Jaguars,Pittsburgh Steelers,30,9,Regular Season,2017
2017-10-08,Sun,Los Angeles Chargers,New York Giants,27,22,Regular Season,2017
2017-10-08,Sun,Baltimore Ravens,Oakland Raiders,30,17,Regular Season,2017
2017-10-08,Sun,Seattle Seahawks,Los Angeles Rams,16,10,Regular Season,2017
2017-10-08,Sun,Green Bay Packers,Dallas Cowboys,35,31,Regular Season,2017
2017-10-08,Sun,Kansas City Chiefs,Houston Texans,42,34,Regular Season,2017
2017-10-09,Mon,Minnesota Vikings,Chicago Bears,20,17,Regular Season,2017
2017-10-12,Thu,Philadelphia Eagles,Carolina Panthers,28,23,Regular Season,2017
2017-10-15,Sun,Miami Dolphins,Atlanta Falcons,20,17,Regular Season,2017
2017-10-15,Sun,Chicago Bears,Baltimore Ravens,27,24,Regular Season,2017
2017-10-15,Sun,Houston Texans,Cleveland Browns,33,17,Regular Season,2017
2017-10-15,Sun,New Orleans Saints,Detroit Lions,52,38,Regular Season,2017
2017-10-15,Sun,Minnesota Vikings,Green Bay Packers,23,10,Regular Season,2017
2017-10-15,Sun,New England Patriots,New York Jets,24,17,Regular Season,2017
2017-10-15,Sun,Washington Redskins,San Francisco 49ers,26,24,Regular Season,2017
2017-10-15,Sun,Arizona Cardinals,Tampa Bay Buccaneers,38,33,Regular Season,2017
2017-10-15,Sun,Los Angeles Rams,Jacksonville Jaguars,27,17,Regular Season,2017
2017-10-15,Sun,Pittsburgh Steelers,Kansas City Chiefs,19,13,Regular Season,2017
2017-10-15,Sun,Los Angeles Chargers,Oakland Raiders,17,16,Regular Season,2017
2017-10-15,Sun,New York Giants,Denver Broncos,23,10,Regular Season,2017
2017-10-16,Mon,Tennessee Titans,Indianapolis Colts,36,22,Regular Season,2017
2017-10-19,Thu,Oakland Raiders,Kansas City Chiefs,31,30,Regular Season,2017
2017-10-22,Sun,Buffalo Bills,Tampa Bay Buccaneers,30,27,Regular Season,2017
2017-10-22,Sun,Miami Dolphins,New York Jets,31,28,Regular Season,2017
2017-10-22,Sun,Chicago Bears,Carolina Panthers,17,3,Regular Season,2017
2017-10-22,Sun,Tennessee Titans,Cleveland Browns,12,9,Regular Season,2017
2017-10-22,Sun,Jacksonville Jaguars,Indianapolis Colts,27,0,Regular Season,2017
2017-10-22,Sun,Los Angeles Rams,Arizona Cardinals,33,0,Regular Season,2017
2017-10-22,Sun,New Orleans Saints,Green Bay Packers,26,17,Regular Season,2017
2017-10-22,Sun,Minnesota Vikings,Baltimore Ravens,24,16,Regular Season,2017
2017-10-22,Sun,Dallas Cowboys,San Francisco 49ers,40,10,Regular Season,2017
2017-10-22,Sun,Pittsburgh Steelers,Cincinnati Bengals,29,14,Regular Season,2017
2017-10-22,Sun,Los Angeles Chargers,Denver Broncos,21,0,Regular Season,2017
2017-10-22,Sun,Seattle Seahawks,New York Giants,24,7,Regular Season,2017
2017-10-22,Sun,New England Patriots,Atlanta Falcons,23,7,Regular Season,2017
2017-10-23,Mon,Philadelphia Eagles,Washington Redskins,34,24,Regular Season,2017
2017-10-26,Thu,Baltimore Ravens,Miami Dolphins,40,0,Regular Season,2017
2017-10-29,Sun,Minnesota Vikings,Cleveland Browns,33,16,Regular Season,2017
2017-10-29,Sun,Atlanta Falcons,New York Jets,25,20,Regular Season,2017
2017-10-29,Sun,Buffalo Bills,Oakland Raiders,34,14,Regular Season,2017
2017-10-29,Sun,Cincinnati Bengals,Indianapolis Colts,24,23,Regular Season,2017
2017-10-29,Sun,Carolina Panthers,Tampa Bay Buccaneers,17,3,Regular Season,2017
2017-10-29,Sun,New Orleans Saints,Chicago Bears,20,12,Regular Season,2017
2017-10-29,Sun,New England Patriots,Los Angeles Chargers,21,13,Regular Season,2017
2017-10-29,Sun,Philadelphia Eagles,San Francisco 49ers,33,10,Regular Season,2017
2017-10-29,Sun,Seattle Seahawks,Houston Texans,41,38,Regular Season,2017
2017-10-29,Sun,Dallas Cowboys,Washington Redskins,33,19,Regular Season,2017
2017-10-29,Sun,Pittsburgh Steelers,Detroit Lions,20,15,Regular Season,2017
2017-10-30,Mon,Kansas City Chiefs,Denver Broncos,29,19,Regular Season,2017
2017-11-02,Thu,New York Jets,Buffalo Bills,34,21,Regular Season,2017
2017-11-05,Sun,Carolina Panthers,Atlanta Falcons,20,17,Regular Season,2017
2017-11-05,Sun,Jacksonville Jaguars,Cincinnati Bengals,23,7,Regular Season,2017
2017-11-05,Sun,Philadelphia Eagles,Denver Broncos,51,23,Regular Season,2017
2017-11-05,Sun,New Orleans Saints,Tampa Bay Buccaneers,30,10,Regular Season,2017
2017-11-05,Sun,Los Angeles Rams,New York Giants,51,17,Regular Season,2017
2017-11-05,Sun,Tennessee Titans,Baltimore Ravens,23,20,Regular Season,2017
2017-11-05,Sun,Indianapolis Colts,Houston Texans,20,14,Regular Season,2017
2017-11-05,Sun,Arizona Cardinals,San Francisco 49ers,20,10,Regular Season,2017
2017-11-05,Sun,Washington Redskins,Seattle Seahawks,17,14,Regular Season,2017
2017-11-05,Sun,Dallas Cowboys,Kansas City Chiefs,28,17,Regular Season,2017
2017-11-05,Sun,Oakland Raiders,Miami Dolphins,27,24,Regular Season,2017
2017-11-06,Mon,Detroit Lions,Green Bay Packers,30,17,Regular Season,2017
2017-11-09,Thu,Seattle Seahawks,Arizona Cardinals,22,16,Regular Season,2017
2017-11-12,Sun,New Orleans Saints,Buffalo Bills,47,10,Regular Season,2017
2017-11-12,Sun,Green Bay Packers,Chicago Bears,23,16,Regular Season,2017
2017-11-12,Sun,Tennessee Titans,Cincinnati Bengals,24,20,Regular Season,2017
2017-11-12,Sun,Detroit Lions,Cleveland Browns,38,24,Regular Season,2017
2017-11-12,Sun,Jacksonville Jaguars,Los Angeles Chargers,20,17,Regular Season,2017
2017-11-12,Sun,Minnesota Vikings,Washington Redskins,38,30,Regular Season,2017
2017-11-12,Sun,Pittsburgh Steelers,Indianapolis Colts,20,17,Regular Season,2017
2017-11-12,Sun,Tampa Bay Buccaneers,New York Jets,15,10,Regular Season,2017
2017-11-12,Sun,Los Angeles Rams,Houston Texans,33,7,Regular Season,2017
2017-11-12,Sun,Atlanta Falcons,Dallas Cowboys,27,7,Regular Season,2017
2017-11-12,Sun,San Francisco 49ers,New York Giants,31,21,Regular Season,2017
2017-11-12,Sun,New England Patriots,Denver Broncos,41,16,Regular Season,2017
2017-11-13,Mon,Carolina Panthers,Miami Dolphins,45,21,Regular Season,2017
2017-11-16,Thu,Pittsburgh Steelers,Tennessee Titans,40,17,Regular Season,2017
2017-11-19,Sun,Detroit Lions,Chicago Bears,27,24,Regular Season,2017
2017-11-19,Sun,Jacksonville Jaguars,Cleveland Browns,19,7,Regular Season,2017
2017-11-19,Sun,Houston Texans,Arizona Cardinals,31,21,Regular Season,2017
2017-11-19,Sun,Baltimore Ravens,Green Bay Packers,23,0,Regular Season,2017
2017-11-19,Sun,New York Giants,Kansas City Chiefs,12,9,Regular Season,2017
2017-11-19,Sun,Tampa Bay Buccaneers,Miami Dolphins,30,20,Regular Season,2017
2017-11-19,Sun,Minnesota Vikings,Los Angeles Rams,24,7,Regular Season,2017
2017-11-19,Sun,New Orleans Saints,Washington Redskins,34,31,Regular Season,2017
2017-11-19,Sun,Los Angeles Chargers,Buffalo Bills,54,24,Regular Season,2017
2017-11-19,Sun,Cincinnati Bengals,Denver Broncos,20,17,Regular Season,2017
2017-11-19,Sun,New England Patriots,Oakland Raiders,33,8,Regular Season,2017
2017-11-19,Sun,Philadelphia Eagles,Dallas Cowboys,37,9,Regular Season,2017
2017-11-20,Mon,Atlanta Falcons,Seattle Seahawks,34,31,Regular Season,2017
2017-11-23,Thu,Minnesota Vikings,Detroit Lions,30,23,Regular Season,2017
2017-11-23,Thu,Los Angeles Chargers,Dallas Cowboys,28,6,Regular Season,2017
2017-11-23,Thu,Washington Redskins,New York Giants,20,10,Regular Season,2017
2017-11-26,Sun,Atlanta Falcons,Tampa Bay Buccaneers,34,20,Regular Season,2017
2017-11-26,Sun,Buffalo Bills,Kansas City Chiefs,16,10,Regular Season,2017
2017-11-26,Sun,Carolina Panthers,New York Jets,35,27,Regular Season,2017
2017-11-26,Sun,Philadelphia Eagles,Chicago Bears,31,3,Regular Season,2017
2017-11-26,Sun,Cincinnati Bengals,Cleveland Browns,30,16,Regular Season,2017
2017-11-26,Sun,Tennessee Titans,Indianapolis Colts,20,16,Regular Season,2017
2017-11-26,Sun,New England Patriots,Miami Dolphins,35,17,Regular Season,2017
2017-11-26,Sun,Seattle Seahawks,San Francisco 49ers,24,13,Regular Season,2017
2017-11-26,Sun,Arizona Cardinals,Jacksonville Jaguars,27,24,Regular Season,2017
2017-11-26,Sun,Oakland Raiders,Denver Broncos,21,14,Regular Season,2017
2017-11-26,Sun,Los Angeles Rams,New Orleans Saints,26,20,Regular Season,2017
2017-11-26,Sun,Pittsburgh Steelers,Green Bay Packers,31,28,Regular Season,2017
2017-11-27,Mon,Baltimore Ravens,Houston Texans,23,16,Regular Season,2017
2017-11-30,Thu,Dallas Cowboys,Washington Redskins,38,14,Regular Season,2017
2017-12-03,Sun,Minnesota Vikings,Atlanta Falcons,14,9,Regular Season,2017
2017-12-03,Sun,New England Patriots,Buffalo Bills,23,3,Regular Season,2017
2017-12-03,Sun,San Francisco 49ers,Chicago Bears,15,14,Regular Season,2017
2017-12-03,Sun,Jacksonville Jaguars,Indianapolis Colts,30,10,Regular Season,2017
2017-12-03,Sun,Miami Dolphins,Denver Broncos,35,9,Regular Season,2017
2017-12-03,Sun,Baltimore Ravens,Detroit Lions,44,20,Regular Season,2017
2017-12-03,Sun,Green Bay Packers,Tampa Bay Buccaneers,26,20,Regular Season,2017
2017-12-03,Sun,Tennessee Titans,Houston Texans,24,13,Regular Season,2017
2017-12-03,Sun,New York Jets,Kansas City Chiefs,38,31,Regular Season,2017
2017-12-03,Sun,Los Angeles Chargers,Cleveland Browns,19,10,Regular Season,2017
2017-12-03,Sun,New Orleans Saints,Carolina Panthers,31,21,Regular Season,2017
2017-12-03,Sun,Los Angeles Rams,Arizona Cardinals,32,16,Regular Season,2017
2017-12-03,Sun,Oakland Raiders,New York Giants,24,17,Regular Season,2017
2017-12-03,Sun,Seattle Seahawks,Philadelphia Eagles,24,10,Regular Season,2017
2017-12-04,Mon,Pittsburgh Steelers,Cincinnati Bengals,23,20,Regular Season,2017
2017-12-07,Thu,Atlanta Falcons,New Orleans Saints,20,17,Regular Season,2017
2017-12-10,Sun,Buffalo Bills,Indianapolis Colts,13,7,Regular Season,2017
2017-12-10,Sun,Carolina Panthers,Minnesota Vikings,31,24,Regular Season,2017
2017-12-10,Sun,Chicago Bears,Cincinnati Bengals,33,7,Regular Season,2017
2017-12-10,Sun,Green Bay Packers,Cleveland Browns,27,21,Regular Season,2017
2017-12-10,Sun,Dallas Cowboys,New York Giants,30,10,Regular Season,2017
2017-12-10,Sun,Detroit Lions,Tampa Bay Buccaneers,24,21,Regular Season,2017
2017-12-10,Sun,San Francisco 49ers,Houston Texans,26,16,Regular Season,2017
2017-12-10,Sun,Kansas City Chiefs,Oakland Raiders,26,15,Regular Season,2017
2017-12-10,Sun,Arizona Cardinals,Tennessee Titans,12,7,Regular Season,2017
2017-12-10,Sun,Denver Broncos,New York Jets,23,0,Regular Season,2017
2017-12-10,Sun,Los Angeles Chargers,Washington Redskins,30,13,Regular Season,2017
2017-12-10,Sun,Jacksonville Jaguars,Seattle Seahawks,30,24,Regular Season,2017
2017-12-10,Sun,Philadelphia Eagles,Los Angeles Rams,43,35,Regular Season,2017
2017-12-10,Sun,Pittsburgh Steelers,Baltimore Ravens,39,38,Regular Season,2017
2017-12-11,Mon,Miami Dolphins,New England Patriots,27,20,Regular Season,2017
2017-12-14,Thu,Denver Broncos,Indianapolis Colts,25,13,Regular Season,2017
2017-12-16,Sat,Detroit Lions,Chicago Bears,20,10,Regular Season,2017
2017-12-16,Sat,Kansas City Chiefs,Los Angeles Chargers,30,13,Regular Season,2017
2017-12-17,Sun,Buffalo Bills,Miami Dolphins,24,16,Regular Season,2017
2017-12-17,Sun,Carolina Panthers,Green Bay Packers,31,24,Regular Season,2017
2017-12-17,Sun,Minnesota Vikings,Cincinnati Bengals,34,7,Regular Season,2017
2017-12-17,Sun,Baltimore Ravens,Cleveland Browns,27,10,Regular Season,2017
2017-12-17,Sun,Washington Redskins,Arizona Cardinals,20,15,Regular Season,2017
2017-12-17,Sun,Jacksonville Jaguars,Houston Texans,45,7,Regular Season,2017
2017-12-17,Sun,New Orleans Saints,New York Jets,31,19,Regular Season,2017
2017-12-17,Sun,Philadelphia Eagles,New York Giants,34,29,Regular Season,2017
2017-12-17,Sun,Los Angeles Rams,Seattle Seahawks,42,7,Regular Season,2017
2017-12-17,Sun,New England Patriots,Pittsburgh Steelers,27,24,Regular Season,2017
2017-12-17,Sun,San Francisco 49ers,Tennessee Titans,25,23,Regular Season,2017
2017-12-17,Sun,Dallas Cowboys,Oakland Raiders,20,17,Regular Season,2017
2017-12-18,Mon,Atlanta Falcons,Tampa Bay Buccaneers,24,21,Regular Season,2017
2017-12-23,Sat,Baltimore Ravens,Indianapolis Colts,23,16,Regular Season,2017
2017-12-23,Sat,Minnesota Vikings,Green Bay Packers,16,0,Regular Season,2017
2017-12-24,Sun,New Orleans Saints,Atlanta Falcons,23,13,Regular Season,2017
2017-12-24,Sun,New England Patriots,Buffalo Bills,37,16,Regular Season,2017
2017-12-24,Sun,Carolina Panthers,Tampa Bay Buccaneers,22,19,Regular Season,2017
2017-12-24,Sun,Chicago Bears,Cleveland Browns,20,3,Regular Season,2017
2017-12-24,Sun,Cincinnati Bengals,Detroit Lions,26,17,Regular Season,2017
2017-12-24,Sun,Washington Redskins,Denver Broncos,27,11,Regular Season,2017
2017-12-24,Sun,Kansas City Chiefs,Miami Dolphins,29,13,Regular Season,2017
2017-12-24,Sun,Los Angeles Chargers,New York Jets,14,7,Regular Season,2017
2017-12-24,Sun,Los Angeles Rams,Tennessee Titans,27,23,Regular Season,2017
2017-12-24,Sun,San Francisco 49ers,Jacksonville Jaguars,44,33,Regular Season,2017
2017-12-24,Sun,Arizona Cardinals,New York Giants,23,0,Regular Season,2017
2017-12-24,Sun,Seattle Seahawks,Dallas Cowboys,21,12,Regular Season,2017
2017-12-25,Mon,Pittsburgh Steelers,Houston Texans,34,6,Regular Season,2017
2017-12-25,Mon,Philadelphia Eagles,Oakland Raiders,19,10,Regular Season,2017
2017-12-31,Sun,Minnesota Vikings,Chicago Bears,23,10,Regular Season,2017
2017-12-31,Sun,Pittsburgh Steelers,Cleveland Browns,28,24,Regular Season,2017
2017-12-31,Sun,Indianapolis Colts,Houston Texans,22,13,Regular Season,2017
2017-12-31,Sun,Dallas Cowboys,Philadelphia Eagles,6,0,Regular Season,2017
2017-12-31,Sun,Detroit Lions,Green Bay Packers,35,11,Regular Season,2017
2017-12-31,Sun,New England Patriots,New York Jets,26,6,Regular Season,2017
2017-12-31,Sun,New York Giants,Washington Redskins,18,10,Regular Season,2017
2017-12-31,Sun,Atlanta Falcons,Carolina Panthers,22,10,Regular Season,2017
2017-12-31,Sun,Buffalo Bills,Miami Dolphins,22,16,Regular Season,2017
2017-12-31,Sun,Cincinnati Bengals,Baltimore Ravens,31,27,Regular Season,2017
2017-12-31,Sun,Arizona Cardinals,Seattle Seahawks,26,24,Regular Season,2017
2017-12-31,Sun,Kansas City Chiefs,Denver Broncos,27,24,Regular Season,2017
2017-12-31,Sun,Tennessee Titans,Jacksonville Jaguars,15,10,Regular Season,2017
2017-12-31,Sun,Tampa Bay Buccaneers,New Orleans Saints,31,24,Regular Season,2017
2017-12-31,Sun,Los Angeles Chargers,Oakland Raiders,30,10,Regular Season,2017
2017-12-31,Sun,San Francisco 49ers,Los Angeles Rams,34,13,Regular Season,2017
Playoffs,,,,,,Playoff,2017
2018-01-06,Sat,Tennessee Titans,Kansas City Chiefs,22,21,Playoff,2017
2018-01-06,Sat,Atlanta Falcons,Los Angeles Rams,26,13,Playoff,2017
2018-01-07,Sun,Jacksonville Jaguars,Buffalo Bills,10,3,Playoff,2017
2018-01-07,Sun,New Orleans Saints,Carolina Panthers,31,26,Playoff,2017
2018-01-13,Sat,Philadelphia Eagles,Atlanta Falcons,15,10,Playoff,2017
2018-01-13,Sat,New England Patriots,Tennessee Titans,35,14,Playoff,2017
2018-01-14,Sun,Jacksonville Jaguars,Pittsburgh Steelers,45,42,Playoff,2017
2018-01-14,Sun,Minnesota Vikings,New Orleans Saints,29,24,Playoff,2017
2018-01-21,Sun,New England Patriots,Jacksonville Jaguars,24,20,Playoff,2017
2018-01-21,Sun,Philadelphia Eagles,Minnesota Vikings,38,7,Playoff,2017
2018-02-04,Sun,Philadelphia Eagles,New England Patriots,41,33,Playoff,2017
