Date,DOW,WT,LT,WTS,LTS,Type,Season
2018-09-06,Thu,Philadelphia Eagles,Atlanta Falcons,18,12,Regular Season,2018
2018-09-09,Sun,Baltimore Ravens,Buffalo Bills,47,3,Regular Season,2018
2018-09-09,Sun,Cincinnati Bengals,Indianapolis Colts,34,23,Regular Season,2018
2018-09-09,Sun,Pittsburgh Steelers,Cleveland Browns,21,21,Regular Season,2018
2018-09-09,Sun,New England Patriots,Houston Texans,27,20,Regular Season,2018
2018-09-09,Sun,Jacksonville Jaguars,New York Giants,20,15,Regular Season,2018
2018-09-09,Sun,Miami Dolphins,Tennessee Titans,27,20,Regular Season,2018
2018-09-09,Sun,Minnesota Vikings,San Francisco 49ers,24,16,Regular Season,2018
2018-09-09,Sun,Tampa Bay Buccaneers,New Orleans Saints,48,40,Regular Season,2018
2018-09-09,Sun,Kansas City Chiefs,Los Angeles Chargers,38,28,Regular Season,2018
2018-09-09,Sun,Carolina Panthers,Dallas Cowboys,16,8,Regular Season,2018
2018-09-09,Sun,Washington Redskins,Arizona Cardinals,24,6,Regular Season,2018
2018-09-09,Sun,Denver Broncos,Seattle Seahawks,27,24,Regular Season,2018
2018-09-09,Sun,Green Bay Packers,Chicago Bears,24,23,Regular Season,2018
2018-09-10,Mon,New York Jets,Detroit Lions,48,17,Regular Season,2018
2018-09-10,Mon,Los Angeles Rams,Oakland Raiders,33,13,Regular Season,2018
2018-09-13,Thu,Cincinnati Bengals,Baltimore Ravens,34,23,Regular Season,2018
2018-09-16,Sun,Atlanta Falcons,Carolina Panthers,31,24,Regular Season,2018
2018-09-16,Sun,Los Angeles Chargers,Buffalo Bills,31,20,Regular Season,2018
2018-09-16,Sun,New Orleans Saints,Cleveland Browns,21,18,Regular Season,2018
2018-09-16,Sun,Indianapolis Colts,Washington Redskins,21,9,Regular Season,2018
2018-09-16,Sun,Minnesota Vikings,Green Bay Packers,29,29,Regular Season,2018
2018-09-16,Sun,Tennessee Titans,Houston Texans,20,17,Regular Season,2018
2018-09-16,Sun,Kansas City Chiefs,Pittsburgh Steelers,42,37,Regular Season,2018
2018-09-16,Sun,Miami Dolphins,New York Jets,20,12,Regular Season,2018
2018-09-16,Sun,Tampa Bay Buccaneers,Philadelphia Eagles,27,21,Regular Season,2018
2018-09-16,Sun,Los Angeles Rams,Arizona Cardinals,34,0,Regular Season,2018
2018-09-16,Sun,San Francisco 49ers,Detroit Lions,30,27,Regular Season,2018
2018-09-16,Sun,Denver Broncos,Oakland Raiders,20,19,Regular Season,2018
2018-09-16,Sun,Jacksonville Jaguars,New England Patriots,31,20,Regular Season,2018
2018-09-16,Sun,Dallas Cowboys,New York Giants,20,13,Regular Season,2018
2018-09-17,Mon,Chicago Bears,Seattle Seahawks,24,17,Regular Season,2018
2018-09-20,Thu,Cleveland Browns,New York Jets,21,17,Regular Season,2018
2018-09-23,Sun,New Orleans Saints,Atlanta Falcons,43,37,Regular Season,2018
2018-09-23,Sun,Buffalo Bills,Minnesota Vikings,27,6,Regular Season,2018
2018-09-23,Sun,Carolina Panthers,Cincinnati Bengals,31,21,Regular Season,2018
2018-09-23,Sun,Philadelphia Eagles,Indianapolis Colts,20,16,Regular Season,2018
2018-09-23,Sun,Baltimore Ravens,Denver Broncos,27,14,Regular Season,2018
2018-09-23,Sun,Washington Redskins,Green Bay Packers,31,17,Regular Season,2018
2018-09-23,Sun,New York Giants,Houston Texans,27,22,Regular Season,2018
2018-09-23,Sun,Tennessee Titans,Jacksonville Jaguars,9,6,Regular Season,2018
2018-09-23,Sun,Kansas City Chiefs,San Francisco 49ers,38,27,Regular Season,2018
2018-09-23,Sun,Miami Dolphins,Oakland Raiders,28,20,Regular Season,2018
2018-09-23,Sun,Los Angeles Rams,Los Angeles Chargers,35,23,Regular Season,2018
2018-09-23,Sun,Chicago Bears,Arizona Cardinals,16,14,Regular Season,2018
2018-09-23,Sun,Seattle Seahawks,Dallas Cowboys,24,13,Regular Season,2018
2018-09-23,Sun,Detroit Lions,New England Patriots,26,10,Regular Season,2018
2018-09-24,Mon,Pittsburgh Steelers,Tampa Bay Buccaneers,30,27,Regular Season,2018
2018-09-27,Thu,Los Angeles Rams,Minnesota Vikings,38,31,Regular Season,2018
2018-09-30,Sun,Cincinnati Bengals,Atlanta Falcons,37,36,Regular Season,2018
2018-09-30,Sun,Green Bay Packers,Buffalo Bills,22,0,Regular Season,2018
2018-09-30,Sun,Chicago Bears,Tampa Bay Buccaneers,48,10,Regular Season,2018
2018-09-30,Sun,Houston Texans,Indianapolis Colts,37,34,Regular Season,2018
2018-09-30,Sun,Dallas Cowboys,Detroit Lions,26,24,Regular Season,2018
2018-09-30,Sun,Jacksonville Jaguars,New York Jets,31,12,Regular Season,2018
2018-09-30,Sun,New England Patriots,Miami Dolphins,38,7,Regular Season,2018
2018-09-30,Sun,Tennessee Titans,Philadelphia Eagles,26,23,Regular Season,2018
2018-09-30,Sun,Oakland Raiders,Cleveland Browns,45,42,Regular Season,2018
2018-09-30,Sun,Seattle Seahawks,Arizona Cardinals,20,17,Regular Season,2018
2018-09-30,Sun,New Orleans Saints,New York Giants,33,18,Regular Season,2018
2018-09-30,Sun,Los Angeles Chargers,San Francisco 49ers,29,27,Regular Season,2018
2018-09-30,Sun,Baltimore Ravens,Pittsburgh Steelers,26,14,Regular Season,2018
2018-10-01,Mon,Kansas City Chiefs,Denver Broncos,27,23,Regular Season,2018
2018-10-04,Thu,New England Patriots,Indianapolis Colts,38,24,Regular Season,2018
2018-10-07,Sun,Carolina Panthers,New York Giants,33,31,Regular Season,2018
2018-10-07,Sun,Pittsburgh Steelers,Atlanta Falcons,41,17,Regular Season,2018
2018-10-07,Sun,Buffalo Bills,Tennessee Titans,13,12,Regular Season,2018
2018-10-07,Sun,Cincinnati Bengals,Miami Dolphins,27,17,Regular Season,2018
2018-10-07,Sun,Cleveland Browns,Baltimore Ravens,12,9,Regular Season,2018
2018-10-07,Sun,New York Jets,Denver Broncos,34,16,Regular Season,2018
2018-10-07,Sun,Detroit Lions,Green Bay Packers,31,23,Regular Season,2018
2018-10-07,Sun,Kansas City Chiefs,Jacksonville Jaguars,30,14,Regular Season,2018
2018-10-07,Sun,Los Angeles Chargers,Oakland Raiders,26,10,Regular Season,2018
2018-10-07,Sun,Arizona Cardinals,San Francisco 49ers,28,18,Regular Season,2018
2018-10-07,Sun,Minnesota Vikings,Philadelphia Eagles,23,21,Regular Season,2018
2018-10-07,Sun,Los Angeles Rams,Seattle Seahawks,33,31,Regular Season,2018
2018-10-07,Sun,Houston Texans,Dallas Cowboys,19,16,Regular Season,2018
2018-10-08,Mon,New Orleans Saints,Washington Redskins,43,19,Regular Season,2018
2018-10-11,Thu,Philadelphia Eagles,New York Giants,34,13,Regular Season,2018
2018-10-14,Sun,Washington Redskins,Carolina Panthers,23,17,Regular Season,2018
2018-10-14,Sun,Miami Dolphins,Chicago Bears,31,28,Regular Season,2018
2018-10-14,Sun,Atlanta Falcons,Tampa Bay Buccaneers,34,29,Regular Season,2018
2018-10-14,Sun,Houston Texans,Buffalo Bills,20,13,Regular Season,2018
2018-10-14,Sun,Pittsburgh Steelers,Cincinnati Bengals,28,21,Regular Season,2018
2018-10-14,Sun,Los Angeles Chargers,Cleveland Browns,38,14,Regular Season,2018
2018-10-14,Sun,New York Jets,Indianapolis Colts,42,34,Regular Season,2018
2018-10-14,Sun,Minnesota Vikings,Arizona Cardinals,27,17,Regular Season,2018
2018-10-14,Sun,Seattle Seahawks,Oakland Raiders,27,3,Regular Season,2018
2018-10-14,Sun,Los Angeles Rams,Denver Broncos,23,20,Regular Season,2018
2018-10-14,Sun,Dallas Cowboys,Jacksonville Jaguars,40,7,Regular Season,2018
2018-10-14,Sun,Baltimore Ravens,Tennessee Titans,21,0,Regular Season,2018
2018-10-14,Sun,New England Patriots,Kansas City Chiefs,43,40,Regular Season,2018
2018-10-15,Mon,Green Bay Packers,San Francisco 49ers,33,30,Regular Season,2018
2018-10-18,Thu,Denver Broncos,Arizona Cardinals,45,10,Regular Season,2018
2018-10-21,Sun,Los Angeles Chargers,Tennessee Titans,20,19,Regular Season,2018
2018-10-21,Sun,Carolina Panthers,Philadelphia Eagles,21,17,Regular Season,2018
2018-10-21,Sun,New England Patriots,Chicago Bears,38,31,Regular Season,2018
2018-10-21,Sun,Detroit Lions,Miami Dolphins,32,21,Regular Season,2018
2018-10-21,Sun,Indianapolis Colts,Buffalo Bills,37,5,Regular Season,2018
2018-10-21,Sun,Tampa Bay Buccaneers,Cleveland Browns,26,23,Regular Season,2018
2018-10-21,Sun,Houston Texans,Jacksonville Jaguars,20,7,Regular Season,2018
2018-10-21,Sun,Minnesota Vikings,New York Jets,37,17,Regular Season,2018
2018-10-21,Sun,New Orleans Saints,Baltimore Ravens,24,23,Regular Season,2018
2018-10-21,Sun,Washington Redskins,Dallas Cowboys,20,17,Regular Season,2018
2018-10-21,Sun,Los Angeles Rams,San Francisco 49ers,39,10,Regular Season,2018
2018-10-21,Sun,Kansas City Chiefs,Cincinnati Bengals,45,10,Regular Season,2018
2018-10-22,Mon,Atlanta Falcons,New York Giants,23,20,Regular Season,2018
2018-10-25,Thu,Houston Texans,Miami Dolphins,42,23,Regular Season,2018
2018-10-28,Sun,Philadelphia Eagles,Jacksonville Jaguars,24,18,Regular Season,2018
2018-10-28,Sun,Carolina Panthers,Baltimore Ravens,36,21,Regular Season,2018
2018-10-28,Sun,Chicago Bears,New York Jets,24,10,Regular Season,2018
2018-10-28,Sun,Seattle Seahawks,Detroit Lions,28,14,Regular Season,2018
2018-10-28,Sun,Cincinnati Bengals,Tampa Bay Buccaneers,37,34,Regular Season,2018
2018-10-28,Sun,Pittsburgh Steelers,Cleveland Browns,33,18,Regular Season,2018
2018-10-28,Sun,Kansas City Chiefs,Denver Broncos,30,23,Regular Season,2018
2018-10-28,Sun,Washington Redskins,New York Giants,20,13,Regular Season,2018
2018-10-28,Sun,Indianapolis Colts,Oakland Raiders,42,28,Regular Season,2018
2018-10-28,Sun,Los Angeles Rams,Green Bay Packers,29,27,Regular Season,2018
2018-10-28,Sun,Arizona Cardinals,San Francisco 49ers,18,15,Regular Season,2018
2018-10-28,Sun,New Orleans Saints,Minnesota Vikings,30,20,Regular Season,2018
2018-10-29,Mon,New England Patriots,Buffalo Bills,25,6,Regular Season,2018
2018-11-01,Thu,San Francisco 49ers,Oakland Raiders,34,3,Regular Season,2018
2018-11-04,Sun,Atlanta Falcons,Washington Redskins,38,14,Regular Season,2018
2018-11-04,Sun,Carolina Panthers,Tampa Bay Buccaneers,42,28,Regular Season,2018
2018-11-04,Sun,Minnesota Vikings,Detroit Lions,24,9,Regular Season,2018
2018-11-04,Sun,Pittsburgh Steelers,Baltimore Ravens,23,16,Regular Season,2018
2018-11-04,Sun,Chicago Bears,Buffalo Bills,41,9,Regular Season,2018
2018-11-04,Sun,Kansas City Chiefs,Cleveland Browns,37,21,Regular Season,2018
2018-11-04,Sun,Miami Dolphins,New York Jets,13,6,Regular Season,2018
2018-11-04,Sun,Los Angeles Chargers,Seattle Seahawks,25,17,Regular Season,2018
2018-11-04,Sun,Houston Texans,Denver Broncos,19,17,Regular Season,2018
2018-11-04,Sun,New Orleans Saints,Los Angeles Rams,45,35,Regular Season,2018
2018-11-04,Sun,New England Patriots,Green Bay Packers,31,17,Regular Season,2018
2018-11-05,Mon,Tennessee Titans,Dallas Cowboys,28,14,Regular Season,2018
2018-11-08,Thu,Pittsburgh Steelers,Carolina Panthers,52,21,Regular Season,2018
2018-11-11,Sun,Cleveland Browns,Atlanta Falcons,28,16,Regular Season,2018
2018-11-11,Sun,Chicago Bears,Detroit Lions,34,22,Regular Season,2018
2018-11-11,Sun,New Orleans Saints,Cincinnati Bengals,51,14,Regular Season,2018
2018-11-11,Sun,Indianapolis Colts,Jacksonville Jaguars,29,26,Regular Season,2018
2018-11-11,Sun,Kansas City Chiefs,Arizona Cardinals,26,14,Regular Season,2018
2018-11-11,Sun,Washington Redskins,Tampa Bay Buccaneers,16,3,Regular Season,2018
2018-11-11,Sun,Buffalo Bills,New York Jets,41,10,Regular Season,2018
2018-11-11,Sun,Tennessee Titans,New England Patriots,34,10,Regular Season,2018
2018-11-11,Sun,Los Angeles Chargers,Oakland Raiders,20,6,Regular Season,2018
2018-11-11,Sun,Green Bay Packers,Miami Dolphins,31,12,Regular Season,2018
2018-11-11,Sun,Los Angeles Rams,Seattle Seahawks,36,31,Regular Season,2018
2018-11-11,Sun,Dallas Cowboys,Philadelphia Eagles,27,20,Regular Season,2018
2018-11-12,Mon,New York Giants,San Francisco 49ers,27,23,Regular Season,2018
2018-11-15,Thu,Seattle Seahawks,Green Bay Packers,27,24,Regular Season,2018
2018-11-18,Sun,Dallas Cowboys,Atlanta Falcons,22,19,Regular Season,2018
2018-11-18,Sun,Detroit Lions,Carolina Panthers,20,19,Regular Season,2018
2018-11-18,Sun,Baltimore Ravens,Cincinnati Bengals,24,21,Regular Season,2018
2018-11-18,Sun,Indianapolis Colts,Tennessee Titans,38,10,Regular Season,2018
2018-11-18,Sun,Houston Texans,Washington Redskins,23,21,Regular Season,2018
2018-11-18,Sun,Pittsburgh Steelers,Jacksonville Jaguars,20,16,Regular Season,2018
2018-11-18,Sun,New York Giants,Tampa Bay Buccaneers,38,35,Regular Season,2018
2018-11-18,Sun,Oakland Raiders,Arizona Cardinals,23,21,Regular Season,2018
2018-11-18,Sun,Denver Broncos,Los Angeles Chargers,23,22,Regular Season,2018
2018-11-18,Sun,New Orleans Saints,Philadelphia Eagles,48,7,Regular Season,2018
2018-11-18,Sun,Chicago Bears,Minnesota Vikings,25,20,Regular Season,2018
2018-11-19,Mon,Los Angeles Rams,Kansas City Chiefs,54,51,Regular Season,2018
2018-11-22,Thu,Chicago Bears,Detroit Lions,23,16,Regular Season,2018
2018-11-22,Thu,Dallas Cowboys,Washington Redskins,31,23,Regular Season,2018
2018-11-22,Thu,New Orleans Saints,Atlanta Falcons,31,17,Regular Season,2018
2018-11-25,Sun,Buffalo Bills,Jacksonville Jaguars,24,21,Regular Season,2018
2018-11-25,Sun,Seattle Seahawks,Carolina Panthers,30,27,Regular Season,2018
2018-11-25,Sun,Cleveland Browns,Cincinnati Bengals,35,20,Regular Season,2018
2018-11-25,Sun,New England Patriots,New York Jets,27,13,Regular Season,2018
2018-11-25,Sun,Philadelphia Eagles,New York Giants,25,22,Regular Season,2018
2018-11-25,Sun,Baltimore Ravens,Oakland Raiders,34,17,Regular Season,2018
2018-11-25,Sun,Tampa Bay Buccaneers,San Francisco 49ers,27,9,Regular Season,2018
2018-11-25,Sun,Los Angeles Chargers,Arizona Cardinals,45,10,Regular Season,2018
2018-11-25,Sun,Indianapolis Colts,Miami Dolphins,27,24,Regular Season,2018
2018-11-25,Sun,Denver Broncos,Pittsburgh Steelers,24,17,Regular Season,2018
2018-11-25,Sun,Minnesota Vikings,Green Bay Packers,24,17,Regular Season,2018
2018-11-26,Mon,Houston Texans,Tennessee Titans,34,17,Regular Season,2018
2018-11-29,Thu,Dallas Cowboys,New Orleans Saints,13,10,Regular Season,2018
2018-12-02,Sun,Baltimore Ravens,Atlanta Falcons,26,16,Regular Season,2018
2018-12-02,Sun,Miami Dolphins,Buffalo Bills,21,17,Regular Season,2018
2018-12-02,Sun,Tampa Bay Buccaneers,Carolina Panthers,24,17,Regular Season,2018
2018-12-02,Sun,New York Giants,Chicago Bears,30,27,Regular Season,2018
2018-12-02,Sun,Denver Broncos,Cincinnati Bengals,24,10,Regular Season,2018
2018-12-02,Sun,Houston Texans,Cleveland Browns,29,13,Regular Season,2018
2018-12-02,Sun,Jacksonville Jaguars,Indianapolis Colts,6,0,Regular Season,2018
2018-12-02,Sun,Arizona Cardinals,Green Bay Packers,20,17,Regular Season,2018
2018-12-02,Sun,Los Angeles Rams,Detroit Lions,30,16,Regular Season,2018
2018-12-02,Sun,Kansas City Chiefs,Oakland Raiders,40,33,Regular Season,2018
2018-12-02,Sun,Tennessee Titans,New York Jets,26,22,Regular Season,2018
2018-12-02,Sun,New England Patriots,Minnesota Vikings,24,10,Regular Season,2018
2018-12-02,Sun,Seattle Seahawks,San Francisco 49ers,43,16,Regular Season,2018
2018-12-02,Sun,Los Angeles Chargers,Pittsburgh Steelers,33,30,Regular Season,2018
2018-12-03,Mon,Philadelphia Eagles,Washington Redskins,28,13,Regular Season,2018
2018-12-06,Thu,Tennessee Titans,Jacksonville Jaguars,30,9,Regular Season,2018
2018-12-09,Sun,Green Bay Packers,Atlanta Falcons,34,20,Regular Season,2018
2018-12-09,Sun,New York Jets,Buffalo Bills,27,23,Regular Season,2018
2018-12-09,Sun,Cleveland Browns,Carolina Panthers,26,20,Regular Season,2018
2018-12-09,Sun,Indianapolis Colts,Houston Texans,24,21,Regular Season,2018
2018-12-09,Sun,Kansas City Chiefs,Baltimore Ravens,27,24,Regular Season,2018
2018-12-09,Sun,Miami Dolphins,New England Patriots,34,33,Regular Season,2018
2018-12-09,Sun,New Orleans Saints,Tampa Bay Buccaneers,28,14,Regular Season,2018
2018-12-09,Sun,New York Giants,Washington Redskins,40,16,Regular Season,2018
2018-12-09,Sun,Los Angeles Chargers,Cincinnati Bengals,26,21,Regular Season,2018
2018-12-09,Sun,San Francisco 49ers,Denver Broncos,20,14,Regular Season,2018
2018-12-09,Sun,Detroit Lions,Arizona Cardinals,17,3,Regular Season,2018
2018-12-09,Sun,Dallas Cowboys,Philadelphia Eagles,29,23,Regular Season,2018
2018-12-09,Sun,Oakland Raiders,Pittsburgh Steelers,24,21,Regular Season,2018
2018-12-09,Sun,Chicago Bears,Los Angeles Rams,15,6,Regular Season,2018
2018-12-10,Mon,Seattle Seahawks,Minnesota Vikings,21,7,Regular Season,2018
2018-12-13,Thu,Los Angeles Chargers,Kansas City Chiefs,29,28,Regular Season,2018
2018-12-15,Sat,Houston Texans,New York Jets,29,22,Regular Season,2018
2018-12-15,Sat,Cleveland Browns,Denver Broncos,17,16,Regular Season,2018
2018-12-16,Sun,Atlanta Falcons,Arizona Cardinals,40,14,Regular Season,2018
2018-12-16,Sun,Buffalo Bills,Detroit Lions,14,13,Regular Season,2018
2018-12-16,Sun,Chicago Bears,Green Bay Packers,24,17,Regular Season,2018
2018-12-16,Sun,Cincinnati Bengals,Oakland Raiders,30,16,Regular Season,2018
2018-12-16,Sun,Indianapolis Colts,Dallas Cowboys,23,0,Regular Season,2018
2018-12-16,Sun,Washington Redskins,Jacksonville Jaguars,16,13,Regular Season,2018
2018-12-16,Sun,Minnesota Vikings,Miami Dolphins,41,17,Regular Season,2018
2018-12-16,Sun,Tennessee Titans,New York Giants,17,0,Regular Season,2018
2018-12-16,Sun,Baltimore Ravens,Tampa Bay Buccaneers,20,12,Regular Season,2018
2018-12-16,Sun,San Francisco 49ers,Seattle Seahawks,26,23,Regular Season,2018
2018-12-16,Sun,Pittsburgh Steelers,New England Patriots,17,10,Regular Season,2018
2018-12-16,Sun,Philadelphia Eagles,Los Angeles Rams,30,23,Regular Season,2018
2018-12-17,Mon,New Orleans Saints,Carolina Panthers,12,9,Regular Season,2018
2018-12-22,Sat,Tennessee Titans,Washington Redskins,25,16,Regular Season,2018
2018-12-22,Sat,Baltimore Ravens,Los Angeles Chargers,22,10,Regular Season,2018
2018-12-23,Sun,Atlanta Falcons,Carolina Panthers,24,10,Regular Season,2018
2018-12-23,Sun,New England Patriots,Buffalo Bills,24,12,Regular Season,2018
2018-12-23,Sun,Cleveland Browns,Cincinnati Bengals,26,18,Regular Season,2018
2018-12-23,Sun,Indianapolis Colts,New York Giants,28,27,Regular Season,2018
2018-12-23,Sun,Dallas Cowboys,Tampa Bay Buccaneers,27,20,Regular Season,2018
2018-12-23,Sun,Minnesota Vikings,Detroit Lions,27,9,Regular Season,2018
2018-12-23,Sun,Green Bay Packers,New York Jets,44,38,Regular Season,2018
2018-12-23,Sun,Philadelphia Eagles,Houston Texans,32,30,Regular Season,2018
2018-12-23,Sun,Jacksonville Jaguars,Miami Dolphins,17,7,Regular Season,2018
2018-12-23,Sun,Chicago Bears,San Francisco 49ers,14,9,Regular Season,2018
2018-12-23,Sun,Los Angeles Rams,Arizona Cardinals,31,9,Regular Season,2018
2018-12-23,Sun,New Orleans Saints,Pittsburgh Steelers,31,28,Regular Season,2018
2018-12-23,Sun,Seattle Seahawks,Kansas City Chiefs,38,31,Regular Season,2018
2018-12-24,Mon,Oakland Raiders,Denver Broncos,27,14,Regular Season,2018
2018-12-30,Sun,Atlanta Falcons,Tampa Bay Buccaneers,34,32,Regular Season,2018
2018-12-30,Sun,Buffalo Bills,Miami Dolphins,42,17,Regular Season,2018
2018-12-30,Sun,Carolina Panthers,New Orleans Saints,33,14,Regular Season,2018
2018-12-30,Sun,Dallas Cowboys,New York Giants,36,35,Regular Season,2018
2018-12-30,Sun,Detroit Lions,Green Bay Packers,31,0,Regular Season,2018
2018-12-30,Sun,Houston Texans,Jacksonville Jaguars,20,3,Regular Season,2018
2018-12-30,Sun,New England Patriots,New York Jets,38,3,Regular Season,2018
2018-12-30,Sun,Chicago Bears,Minnesota Vikings,24,10,Regular Season,2018
2018-12-30,Sun,Pittsburgh Steelers,Cincinnati Bengals,16,13,Regular Season,2018
2018-12-30,Sun,Baltimore Ravens,Cleveland Browns,26,24,Regular Season,2018
2018-12-30,Sun,Seattle Seahawks,Arizona Cardinals,27,24,Regular Season,2018
2018-12-30,Sun,Los Angeles Chargers,Denver Broncos,23,9,Regular Season,2018
2018-12-30,Sun,Kansas City Chiefs,Oakland Raiders,35,3,Regular Season,2018
2018-12-30,Sun,Philadelphia Eagles,Washington Redskins,24,0,Regular Season,2018
2018-12-30,Sun,Los Angeles Rams,San Francisco 49ers,48,32,Regular Season,2018
2018-12-30,Sun,Indianapolis Colts,Tennessee Titans,33,17,Regular Season,2018
Playoffs,,,,,,Playoff,2018
2019-01-05,Sat,Indianapolis Colts,Houston Texans,21,7,Playoff,2018
2019-01-05,Sat,Dallas Cowboys,Seattle Seahawks,24,22,Playoff,2018
2019-01-06,Sun,Los Angeles Chargers,Baltimore Ravens,23,17,Playoff,2018
2019-01-06,Sun,Philadelphia Eagles,Chicago Bears,16,15,Playoff,2018
2019-01-12,Sat,Kansas City Chiefs,Indianapolis Colts,31,13,Playoff,2018
2019-01-12,Sat,Los Angeles Rams,Dallas Cowboys,30,22,Playoff,2018
2019-01-13,Sun,New England Patriots,Los Angeles Chargers,41,28,Playoff,2018
2019-01-13,Sun,New Orleans Saints,Philadelphia Eagles,20,14,Playoff,2018
2019-01-20,Sun,Los Angeles Rams,New Orleans Saints,26,23,Playoff,2018
2019-01-20,Sun,New England Patriots,Kansas City Chiefs,37,31,Playoff,2018
2019-02-03,Sun,New England Patriots,Los Angeles Rams,13,3,Playoff,2018
