Date,DOW,WT,LT,WTS,LTS,Type,Season
2022-09-08,Thu,Buffalo Bills,Los Angeles Rams,31,10,Regular Season,2022
2022-09-11,Sun,New Orleans Saints,Atlanta Falcons,27,26,Regular Season,2022
2022-09-11,Sun,Cleveland Browns,Carolina Panthers,26,24,Regular Season,2022
2022-09-11,Sun,Chicago Bears,San Francisco 49ers,19,10,Regular Season,2022
2022-09-11,Sun,Pittsburgh Steelers,Cincinnati Bengals,23,20,Regular Season,2022
2022-09-11,Sun,Houston Texans,Indianapolis Colts,20,20,Regular Season,2022
2022-09-11,Sun,Philadelphia Eagles,Detroit Lions,38,35,Regular Season,2022
2022-09-11,Sun,Washington Commanders,Jacksonville Jaguars,28,22,Regular Season,2022
2022-09-11,Sun,Miami Dolphins,New England Patriots,20,7,Regular Season,2022
2022-09-11,Sun,Baltimore Ravens,New York Jets,24,9,Regular Season,2022
2022-09-11,Sun,Kansas City Chiefs,Arizona Cardinals,44,21,Regular Season,2022
2022-09-11,Sun,Minnesota Vikings,Green Bay Packers,23,7,Regular Season,2022
2022-09-11,Sun,New York Giants,Tennessee Titans,21,20,Regular Season,2022
2022-09-11,Sun,Los Angeles Chargers,Las Vegas Raiders,24,19,Regular Season,2022
2022-09-11,Sun,Tampa Bay Buccaneers,Dallas Cowboys,19,3,Regular Season,2022
2022-09-12,Mon,Seattle Seahawks,Denver Broncos,17,16,Regular Season,2022
2022-09-15,Thu,Kansas City Chiefs,Los Angeles Chargers,27,24,Regular Season,2022
2022-09-18,Sun,New York Giants,Carolina Panthers,19,16,Regular Season,2022
2022-09-18,Sun,New York Jets,Cleveland Browns,31,30,Regular Season,2022
2022-09-18,Sun,Jacksonville Jaguars,Indianapolis Colts,24,0,Regular Season,2022
2022-09-18,Sun,Detroit Lions,Washington Commanders,36,27,Regular Season,2022
2022-09-18,Sun,Miami Dolphins,Baltimore Ravens,42,38,Regular Season,2022
2022-09-18,Sun,Tampa Bay Buccaneers,New Orleans Saints,20,10,Regular Season,2022
2022-09-18,Sun,New England Patriots,Pittsburgh Steelers,17,14,Regular Season,2022
2022-09-18,Sun,Los Angeles Rams,Atlanta Falcons,31,27,Regular Season,2022
2022-09-18,Sun,San Francisco 49ers,Seattle Seahawks,27,7,Regular Season,2022
2022-09-18,Sun,Dallas Cowboys,Cincinnati Bengals,20,17,Regular Season,2022
2022-09-18,Sun,Arizona Cardinals,Las Vegas Raiders,29,23,Regular Season,2022
2022-09-18,Sun,Denver Broncos,Houston Texans,16,9,Regular Season,2022
2022-09-18,Sun,Green Bay Packers,Chicago Bears,27,10,Regular Season,2022
2022-09-19,Mon,Buffalo Bills,Tennessee Titans,41,7,Regular Season,2022
2022-09-19,Mon,Philadelphia Eagles,Minnesota Vikings,24,7,Regular Season,2022
2022-09-22,Thu,Cleveland Browns,Pittsburgh Steelers,29,17,Regular Season,2022
2022-09-25,Sun,Miami Dolphins,Buffalo Bills,21,19,Regular Season,2022
2022-09-25,Sun,Carolina Panthers,New Orleans Saints,22,14,Regular Season,2022
2022-09-25,Sun,Chicago Bears,Houston Texans,23,20,Regular Season,2022
2022-09-25,Sun,Cincinnati Bengals,New York Jets,27,12,Regular Season,2022
2022-09-25,Sun,Indianapolis Colts,Kansas City Chiefs,20,17,Regular Season,2022
2022-09-25,Sun,Minnesota Vikings,Detroit Lions,28,24,Regular Season,2022
2022-09-25,Sun,Baltimore Ravens,New England Patriots,37,26,Regular Season,2022
2022-09-25,Sun,Tennessee Titans,Las Vegas Raiders,24,22,Regular Season,2022
2022-09-25,Sun,Philadelphia Eagles,Washington Commanders,24,8,Regular Season,2022
2022-09-25,Sun,Jacksonville Jaguars,Los Angeles Chargers,38,10,Regular Season,2022
2022-09-25,Sun,Atlanta Falcons,Seattle Seahawks,27,23,Regular Season,2022
2022-09-25,Sun,Los Angeles Rams,Arizona Cardinals,20,12,Regular Season,2022
2022-09-25,Sun,Green Bay Packers,Tampa Bay Buccaneers,14,12,Regular Season,2022
2022-09-25,Sun,Denver Broncos,San Francisco 49ers,11,10,Regular Season,2022
2022-09-26,Mon,Dallas Cowboys,New York Giants,23,16,Regular Season,2022
2022-09-29,Thu,Cincinnati Bengals,Miami Dolphins,27,15,Regular Season,2022
2022-10-02,Sun,Minnesota Vikings,New Orleans Saints,28,25,Regular Season,2022
2022-10-02,Sun,Atlanta Falcons,Cleveland Browns,23,20,Regular Season,2022
2022-10-02,Sun,Buffalo Bills,Baltimore Ravens,23,20,Regular Season,2022
2022-10-02,Sun,New York Giants,Chicago Bears,20,12,Regular Season,2022
2022-10-02,Sun,Tennessee Titans,Indianapolis Colts,24,17,Regular Season,2022
2022-10-02,Sun,Dallas Cowboys,Washington Commanders,25,10,Regular Season,2022
2022-10-02,Sun,Seattle Seahawks,Detroit Lions,48,45,Regular Season,2022
2022-10-02,Sun,Los Angeles Chargers,Houston Texans,34,24,Regular Season,2022
2022-10-02,Sun,Philadelphia Eagles,Jacksonville Jaguars,29,21,Regular Season,2022
2022-10-02,Sun,New York Jets,Pittsburgh Steelers,24,20,Regular Season,2022
2022-10-02,Sun,Arizona Cardinals,Carolina Panthers,26,16,Regular Season,2022
2022-10-02,Sun,Las Vegas Raiders,Denver Broncos,32,23,Regular Season,2022
2022-10-02,Sun,Green Bay Packers,New England Patriots,27,24,Regular Season,2022
2022-10-02,Sun,Kansas City Chiefs,Tampa Bay Buccaneers,41,31,Regular Season,2022
2022-10-03,Mon,San Francisco 49ers,Los Angeles Rams,24,9,Regular Season,2022
2022-10-06,Thu,Indianapolis Colts,Denver Broncos,12,9,Regular Season,2022
2022-10-09,Sun,New York Giants,Green Bay Packers,27,22,Regular Season,2022
2022-10-09,Sun,Tampa Bay Buccaneers,Atlanta Falcons,21,15,Regular Season,2022
2022-10-09,Sun,Buffalo Bills,Pittsburgh Steelers,38,3,Regular Season,2022
2022-10-09,Sun,Minnesota Vikings,Chicago Bears,29,22,Regular Season,2022
2022-10-09,Sun,Los Angeles Chargers,Cleveland Browns,30,28,Regular Season,2022
2022-10-09,Sun,New England Patriots,Detroit Lions,29,0,Regular Season,2022
2022-10-09,Sun,Houston Texans,Jacksonville Jaguars,13,6,Regular Season,2022
2022-10-09,Sun,New York Jets,Miami Dolphins,40,17,Regular Season,2022
2022-10-09,Sun,New Orleans Saints,Seattle Seahawks,39,32,Regular Season,2022
2022-10-09,Sun,Tennessee Titans,Washington Commanders,21,17,Regular Season,2022
2022-10-09,Sun,San Francisco 49ers,Carolina Panthers,37,15,Regular Season,2022
2022-10-09,Sun,Philadelphia Eagles,Arizona Cardinals,20,17,Regular Season,2022
2022-10-09,Sun,Dallas Cowboys,Los Angeles Rams,22,10,Regular Season,2022
2022-10-09,Sun,Baltimore Ravens,Cincinnati Bengals,19,17,Regular Season,2022
2022-10-10,Mon,Kansas City Chiefs,Las Vegas Raiders,30,29,Regular Season,2022
2022-10-13,Thu,Washington Commanders,Chicago Bears,12,7,Regular Season,2022
2022-10-16,Sun,Atlanta Falcons,San Francisco 49ers,28,14,Regular Season,2022
2022-10-16,Sun,Cincinnati Bengals,New Orleans Saints,30,26,Regular Season,2022
2022-10-16,Sun,New England Patriots,Cleveland Browns,38,15,Regular Season,2022
2022-10-16,Sun,Indianapolis Colts,Jacksonville Jaguars,34,27,Regular Season,2022
2022-10-16,Sun,New York Jets,Green Bay Packers,27,10,Regular Season,2022
2022-10-16,Sun,Minnesota Vikings,Miami Dolphins,24,16,Regular Season,2022
2022-10-16,Sun,New York Giants,Baltimore Ravens,24,20,Regular Season,2022
2022-10-16,Sun,Pittsburgh Steelers,Tampa Bay Buccaneers,20,18,Regular Season,2022
2022-10-16,Sun,Los Angeles Rams,Carolina Panthers,24,10,Regular Season,2022
2022-10-16,Sun,Seattle Seahawks,Arizona Cardinals,19,9,Regular Season,2022
2022-10-16,Sun,Buffalo Bills,Kansas City Chiefs,24,20,Regular Season,2022
2022-10-16,Sun,Philadelphia Eagles,Dallas Cowboys,26,17,Regular Season,2022
2022-10-17,Mon,Los Angeles Chargers,Denver Broncos,19,16,Regular Season,2022
2022-10-20,Thu,Arizona Cardinals,New Orleans Saints,42,34,Regular Season,2022
2022-10-23,Sun,Cincinnati Bengals,Atlanta Falcons,35,17,Regular Season,2022
2022-10-23,Sun,Carolina Panthers,Tampa Bay Buccaneers,21,3,Regular Season,2022
2022-10-23,Sun,Baltimore Ravens,Cleveland Browns,23,20,Regular Season,2022
2022-10-23,Sun,Tennessee Titans,Indianapolis Colts,19,10,Regular Season,2022
2022-10-23,Sun,Dallas Cowboys,Detroit Lions,24,6,Regular Season,2022
2022-10-23,Sun,Washington Commanders,Green Bay Packers,23,21,Regular Season,2022
2022-10-23,Sun,New York Giants,Jacksonville Jaguars,23,17,Regular Season,2022
2022-10-23,Sun,Las Vegas Raiders,Houston Texans,38,20,Regular Season,2022
2022-10-23,Sun,New York Jets,Denver Broncos,16,9,Regular Season,2022
2022-10-23,Sun,Kansas City Chiefs,San Francisco 49ers,44,23,Regular Season,2022
2022-10-23,Sun,Seattle Seahawks,Los Angeles Chargers,37,23,Regular Season,2022
2022-10-23,Sun,Miami Dolphins,Pittsburgh Steelers,16,10,Regular Season,2022
2022-10-24,Mon,Chicago Bears,New England Patriots,33,14,Regular Season,2022
2022-10-27,Thu,Baltimore Ravens,Tampa Bay Buccaneers,27,22,Regular Season,2022
2022-10-30,Sun,Denver Broncos,Jacksonville Jaguars,21,17,Regular Season,2022
2022-10-30,Sun,Miami Dolphins,Detroit Lions,31,27,Regular Season,2022
2022-10-30,Sun,Philadelphia Eagles,Pittsburgh Steelers,35,13,Regular Season,2022
2022-10-30,Sun,Atlanta Falcons,Carolina Panthers,37,34,Regular Season,2022
2022-10-30,Sun,Dallas Cowboys,Chicago Bears,49,29,Regular Season,2022
2022-10-30,Sun,Minnesota Vikings,Arizona Cardinals,34,26,Regular Season,2022
2022-10-30,Sun,New Orleans Saints,Las Vegas Raiders,24,0,Regular Season,2022
2022-10-30,Sun,New England Patriots,New York Jets,22,17,Regular Season,2022
2022-10-30,Sun,Tennessee Titans,Houston Texans,17,10,Regular Season,2022
2022-10-30,Sun,San Francisco 49ers,Los Angeles Rams,31,14,Regular Season,2022
2022-10-30,Sun,Washington Commanders,Indianapolis Colts,17,16,Regular Season,2022
2022-10-30,Sun,Seattle Seahawks,New York Giants,27,13,Regular Season,2022
2022-10-30,Sun,Buffalo Bills,Green Bay Packers,27,17,Regular Season,2022
2022-10-31,Mon,Cleveland Browns,Cincinnati Bengals,32,13,Regular Season,2022
2022-11-03,Thu,Philadelphia Eagles,Houston Texans,29,17,Regular Season,2022
2022-11-06,Sun,New York Jets,Buffalo Bills,20,17,Regular Season,2022
2022-11-06,Sun,Detroit Lions,Green Bay Packers,15,9,Regular Season,2022
2022-11-06,Sun,Minnesota Vikings,Washington Commanders,20,17,Regular Season,2022
2022-11-06,Sun,Los Angeles Chargers,Atlanta Falcons,20,17,Regular Season,2022
2022-11-06,Sun,Cincinnati Bengals,Carolina Panthers,42,21,Regular Season,2022
2022-11-06,Sun,Miami Dolphins,Chicago Bears,35,32,Regular Season,2022
2022-11-06,Sun,New England Patriots,Indianapolis Colts,26,3,Regular Season,2022
2022-11-06,Sun,Jacksonville Jaguars,Las Vegas Raiders,27,20,Regular Season,2022
2022-11-06,Sun,Seattle Seahawks,Arizona Cardinals,31,21,Regular Season,2022
2022-11-06,Sun,Tampa Bay Buccaneers,Los Angeles Rams,16,13,Regular Season,2022
2022-11-06,Sun,Kansas City Chiefs,Tennessee Titans,20,17,Regular Season,2022
2022-11-07,Mon,Baltimore Ravens,New Orleans Saints,27,13,Regular Season,2022
2022-11-10,Thu,Carolina Panthers,Atlanta Falcons,25,15,Regular Season,2022
2022-11-13,Sun,Tampa Bay Buccaneers,Seattle Seahawks,21,16,Regular Season,2022
2022-11-13,Sun,Minnesota Vikings,Buffalo Bills,33,30,Regular Season,2022
2022-11-13,Sun,Miami Dolphins,Cleveland Browns,39,17,Regular Season,2022
2022-11-13,Sun,Tennessee Titans,Denver Broncos,17,10,Regular Season,2022
2022-11-13,Sun,New York Giants,Houston Texans,24,16,Regular Season,2022
2022-11-13,Sun,Detroit Lions,Chicago Bears,31,30,Regular Season,2022
2022-11-13,Sun,Kansas City Chiefs,Jacksonville Jaguars,27,17,Regular Season,2022
2022-11-13,Sun,Pittsburgh Steelers,New Orleans Saints,20,10,Regular Season,2022
2022-11-13,Sun,Indianapolis Colts,Las Vegas Raiders,25,20,Regular Season,2022
2022-11-13,Sun,Green Bay Packers,Dallas Cowboys,31,28,Regular Season,2022
2022-11-13,Sun,Arizona Cardinals,Los Angeles Rams,27,17,Regular Season,2022
2022-11-13,Sun,San Francisco 49ers,Los Angeles Chargers,22,16,Regular Season,2022
2022-11-14,Mon,Washington Commanders,Philadelphia Eagles,32,21,Regular Season,2022
2022-11-17,Thu,Tennessee Titans,Green Bay Packers,27,17,Regular Season,2022
2022-11-20,Sun,Buffalo Bills,Cleveland Browns,31,23,Regular Season,2022
2022-11-20,Sun,Detroit Lions,New York Giants,31,18,Regular Season,2022
2022-11-20,Sun,Washington Commanders,Houston Texans,23,10,Regular Season,2022
2022-11-20,Sun,New England Patriots,New York Jets,10,3,Regular Season,2022
2022-11-20,Sun,Atlanta Falcons,Chicago Bears,27,24,Regular Season,2022
2022-11-20,Sun,Baltimore Ravens,Carolina Panthers,13,3,Regular Season,2022
2022-11-20,Sun,Philadelphia Eagles,Indianapolis Colts,17,16,Regular Season,2022
2022-11-20,Sun,New Orleans Saints,Los Angeles Rams,27,20,Regular Season,2022
2022-11-20,Sun,Las Vegas Raiders,Denver Broncos,22,16,Regular Season,2022
2022-11-20,Sun,Cincinnati Bengals,Pittsburgh Steelers,37,30,Regular Season,2022
2022-11-20,Sun,Dallas Cowboys,Minnesota Vikings,40,3,Regular Season,2022
2022-11-20,Sun,Kansas City Chiefs,Los Angeles Chargers,30,27,Regular Season,2022
2022-11-21,Mon,San Francisco 49ers,Arizona Cardinals,38,10,Regular Season,2022
2022-11-24,Thu,Buffalo Bills,Detroit Lions,28,25,Regular Season,2022
2022-11-24,Thu,Dallas Cowboys,New York Giants,28,20,Regular Season,2022
2022-11-24,Thu,Minnesota Vikings,New England Patriots,33,26,Regular Season,2022
2022-11-27,Sun,Cincinnati Bengals,Tennessee Titans,20,16,Regular Season,2022
2022-11-27,Sun,Cleveland Browns,Tampa Bay Buccaneers,23,17,Regular Season,2022
2022-11-27,Sun,Miami Dolphins,Houston Texans,30,15,Regular Season,2022
2022-11-27,Sun,Jacksonville Jaguars,Baltimore Ravens,28,27,Regular Season,2022
2022-11-27,Sun,Washington Commanders,Atlanta Falcons,19,13,Regular Season,2022
2022-11-27,Sun,Carolina Panthers,Denver Broncos,23,10,Regular Season,2022
2022-11-27,Sun,New York Jets,Chicago Bears,31,10,Regular Season,2022
2022-11-27,Sun,Las Vegas Raiders,Seattle Seahawks,40,34,Regular Season,2022
2022-11-27,Sun,Los Angeles Chargers,Arizona Cardinals,25,24,Regular Season,2022
2022-11-27,Sun,Kansas City Chiefs,Los Angeles Rams,26,10,Regular Season,2022
2022-11-27,Sun,San Francisco 49ers,New Orleans Saints,13,0,Regular Season,2022
2022-11-27,Sun,Philadelphia Eagles,Green Bay Packers,40,33,Regular Season,2022
2022-11-28,Mon,Pittsburgh Steelers,Indianapolis Colts,24,17,Regular Season,2022
2022-12-01,Thu,Buffalo Bills,New England Patriots,24,10,Regular Season,2022
2022-12-04,Sun,Cleveland Browns,Houston Texans,27,14,Regular Season,2022
2022-12-04,Sun,Baltimore Ravens,Denver Broncos,10,9,Regular Season,2022
2022-12-04,Sun,Detroit Lions,Jacksonville Jaguars,40,14,Regular Season,2022
2022-12-04,Sun,Minnesota Vikings,New York Jets,27,22,Regular Season,2022
2022-12-04,Sun,Washington Commanders,New York Giants,20,20,Regular Season,2022
2022-12-04,Sun,Philadelphia Eagles,Tennessee Titans,35,10,Regular Season,2022
2022-12-04,Sun,Pittsburgh Steelers,Atlanta Falcons,19,16,Regular Season,2022
2022-12-04,Sun,Green Bay Packers,Chicago Bears,28,19,Regular Season,2022
2022-12-04,Sun,San Francisco 49ers,Miami Dolphins,33,17,Regular Season,2022
2022-12-04,Sun,Seattle Seahawks,Los Angeles Rams,27,23,Regular Season,2022
2022-12-04,Sun,Cincinnati Bengals,Kansas City Chiefs,27,24,Regular Season,2022
2022-12-04,Sun,Las Vegas Raiders,Los Angeles Chargers,27,20,Regular Season,2022
2022-12-04,Sun,Dallas Cowboys,Indianapolis Colts,54,19,Regular Season,2022
2022-12-05,Mon,Tampa Bay Buccaneers,New Orleans Saints,17,16,Regular Season,2022
2022-12-08,Thu,Los Angeles Rams,Las Vegas Raiders,17,16,Regular Season,2022
2022-12-11,Sun,Buffalo Bills,New York Jets,20,12,Regular Season,2022
2022-12-11,Sun,Cincinnati Bengals,Cleveland Browns,23,10,Regular Season,2022
2022-12-11,Sun,Dallas Cowboys,Houston Texans,27,23,Regular Season,2022
2022-12-11,Sun,Detroit Lions,Minnesota Vikings,34,23,Regular Season,2022
2022-12-11,Sun,Jacksonville Jaguars,Tennessee Titans,36,22,Regular Season,2022
2022-12-11,Sun,Philadelphia Eagles,New York Giants,48,22,Regular Season,2022
2022-12-11,Sun,Baltimore Ravens,Pittsburgh Steelers,16,14,Regular Season,2022
2022-12-11,Sun,Kansas City Chiefs,Denver Broncos,34,28,Regular Season,2022
2022-12-11,Sun,Carolina Panthers,Seattle Seahawks,30,24,Regular Season,2022
2022-12-11,Sun,San Francisco 49ers,Tampa Bay Buccaneers,35,7,Regular Season,2022
2022-12-11,Sun,Los Angeles Chargers,Miami Dolphins,23,17,Regular Season,2022
2022-12-12,Mon,New England Patriots,Arizona Cardinals,27,13,Regular Season,2022
2022-12-15,Thu,San Francisco 49ers,Seattle Seahawks,21,13,Regular Season,2022
2022-12-17,Sat,Minnesota Vikings,Indianapolis Colts,39,36,Regular Season,2022
2022-12-17,Sat,Cleveland Browns,Baltimore Ravens,13,3,Regular Season,2022
2022-12-17,Sat,Buffalo Bills,Miami Dolphins,32,29,Regular Season,2022
2022-12-18,Sun,New Orleans Saints,Atlanta Falcons,21,18,Regular Season,2022
2022-12-18,Sun,Pittsburgh Steelers,Carolina Panthers,24,16,Regular Season,2022
2022-12-18,Sun,Philadelphia Eagles,Chicago Bears,25,20,Regular Season,2022
2022-12-18,Sun,Jacksonville Jaguars,Dallas Cowboys,40,34,Regular Season,2022
2022-12-18,Sun,Detroit Lions,New York Jets,20,17,Regular Season,2022
2022-12-18,Sun,Kansas City Chiefs,Houston Texans,30,24,Regular Season,2022
2022-12-18,Sun,Denver Broncos,Arizona Cardinals,24,15,Regular Season,2022
2022-12-18,Sun,Las Vegas Raiders,New England Patriots,30,24,Regular Season,2022
2022-12-18,Sun,Cincinnati Bengals,Tampa Bay Buccaneers,34,23,Regular Season,2022
2022-12-18,Sun,Los Angeles Chargers,Tennessee Titans,17,14,Regular Season,2022
2022-12-18,Sun,New York Giants,Washington Commanders,20,12,Regular Season,2022
2022-12-19,Mon,Green Bay Packers,Los Angeles Rams,24,12,Regular Season,2022
2022-12-22,Thu,Jacksonville Jaguars,New York Jets,19,3,Regular Season,2022
2022-12-24,Sat,Baltimore Ravens,Atlanta Falcons,17,9,Regular Season,2022
2022-12-24,Sat,Buffalo Bills,Chicago Bears,35,13,Regular Season,2022
2022-12-24,Sat,Carolina Panthers,Detroit Lions,37,23,Regular Season,2022
2022-12-24,Sat,Cincinnati Bengals,New England Patriots,22,18,Regular Season,2022
2022-12-24,Sat,New Orleans Saints,Cleveland Browns,17,10,Regular Season,2022
2022-12-24,Sat,Houston Texans,Tennessee Titans,19,14,Regular Season,2022
2022-12-24,Sat,Kansas City Chiefs,Seattle Seahawks,24,10,Regular Season,2022
2022-12-24,Sat,Minnesota Vikings,New York Giants,27,24,Regular Season,2022
2022-12-24,Sat,San Francisco 49ers,Washington Commanders,37,20,Regular Season,2022
2022-12-24,Sat,Dallas Cowboys,Philadelphia Eagles,40,34,Regular Season,2022
2022-12-24,Sat,Pittsburgh Steelers,Las Vegas Raiders,13,10,Regular Season,2022
2022-12-25,Sun,Green Bay Packers,Miami Dolphins,26,20,Regular Season,2022
2022-12-25,Sun,Los Angeles Rams,Denver Broncos,51,14,Regular Season,2022
2022-12-25,Sun,Tampa Bay Buccaneers,Arizona Cardinals,19,16,Regular Season,2022
2022-12-26,Mon,Los Angeles Chargers,Indianapolis Colts,20,3,Regular Season,2022
2022-12-29,Thu,Dallas Cowboys,Tennessee Titans,27,13,Regular Season,2022
2023-01-01,Sun,Atlanta Falcons,Arizona Cardinals,20,19,Regular Season,2022
2023-01-01,Sun,Tampa Bay Buccaneers,Carolina Panthers,30,24,Regular Season,2022
2023-01-01,Sun,Detroit Lions,Chicago Bears,41,10,Regular Season,2022
2023-01-01,Sun,Cleveland Browns,Washington Commanders,24,10,Regular Season,2022
2023-01-01,Sun,New York Giants,Indianapolis Colts,38,10,Regular Season,2022
2023-01-01,Sun,Kansas City Chiefs,Denver Broncos,27,24,Regular Season,2022
2023-01-01,Sun,Jacksonville Jaguars,Houston Texans,31,3,Regular Season,2022
2023-01-01,Sun,New England Patriots,Miami Dolphins,23,21,Regular Season,2022
2023-01-01,Sun,New Orleans Saints,Philadelphia Eagles,20,10,Regular Season,2022
2023-01-01,Sun,Seattle Seahawks,New York Jets,23,6,Regular Season,2022
2023-01-01,Sun,San Francisco 49ers,Las Vegas Raiders,37,34,Regular Season,2022
2023-01-01,Sun,Green Bay Packers,Minnesota Vikings,41,17,Regular Season,2022
2023-01-01,Sun,Los Angeles Chargers,Los Angeles Rams,31,10,Regular Season,2022
2023-01-01,Sun,Pittsburgh Steelers,Baltimore Ravens,16,13,Regular Season,2022
2023-01-07,Sat,Kansas City Chiefs,Las Vegas Raiders,31,13,Regular Season,2022
2023-01-07,Sat,Jacksonville Jaguars,Tennessee Titans,20,16,Regular Season,2022
2023-01-08,Sun,Buffalo Bills,New England Patriots,35,23,Regular Season,2022
2023-01-08,Sun,Cincinnati Bengals,Baltimore Ravens,27,16,Regular Season,2022
2023-01-08,Sun,Atlanta Falcons,Tampa Bay Buccaneers,30,17,Regular Season,2022
2023-01-08,Sun,Carolina Panthers,New Orleans Saints,10,7,Regular Season,2022
2023-01-08,Sun,Minnesota Vikings,Chicago Bears,29,13,Regular Season,2022
2023-01-08,Sun,Pittsburgh Steelers,Cleveland Browns,28,14,Regular Season,2022
2023-01-08,Sun,Houston Texans,Indianapolis Colts,32,31,Regular Season,2022
2023-01-08,Sun,Miami Dolphins,New York Jets,11,6,Regular Season,2022
2023-01-08,Sun,San Francisco 49ers,Arizona Cardinals,38,13,Regular Season,2022
2023-01-08,Sun,Washington Commanders,Dallas Cowboys,26,6,Regular Season,2022
2023-01-08,Sun,Denver Broncos,Los Angeles Chargers,31,28,Regular Season,2022
2023-01-08,Sun,Philadelphia Eagles,New York Giants,22,16,Regular Season,2022
2023-01-08,Sun,Seattle Seahawks,Los Angeles Rams,19,16,Regular Season,2022
2023-01-08,Sun,Detroit Lions,Green Bay Packers,20,16,Regular Season,2022
Playoffs,,,,,,Playoff,2022
2023-01-14,Sat,San Francisco 49ers,Seattle Seahawks,41,23,Playoff,2022
2023-01-14,Sat,Jacksonville Jaguars,Los Angeles Chargers,31,30,Playoff,2022
2023-01-15,Sun,Buffalo Bills,Miami Dolphins,34,31,Playoff,2022
2023-01-15,Sun,New York Giants,Minnesota Vikings,31,24,Playoff,2022
2023-01-15,Sun,Cincinnati Bengals,Baltimore Ravens,24,17,Playoff,2022
2023-01-16,Mon,Dallas Cowboys,Tampa Bay Buccaneers,31,14,Playoff,2022
2023-01-21,Sat,Kansas City Chiefs,Jacksonville Jaguars,27,20,Playoff,2022
2023-01-21,Sat,Philadelphia Eagles,New York Giants,38,7,Playoff,2022
2023-01-22,Sun,Cincinnati Bengals,Buffalo Bills,27,10,Playoff,2022
2023-01-22,Sun,San Francisco 49ers,Dallas Cowboys,19,12,Playoff,2022
2023-01-29,Sun,Philadelphia Eagles,San Francisco 49ers,31,7,Playoff,2022
2023-01-29,Sun,Kansas City Chiefs,Cincinnati Bengals,23,20,Playoff,2022
2023-02-12,Sun,Kansas City Chiefs,Philadelphia Eagles,38,35,Playoff,2022
